[01Jul2025 20:08:56.668] [main/INFO] [cpw.mods.modlauncher.Launcher/MODLAUNCHER]: ModLauncher running: args [--launchTarget, forgeserver, --fml.forgeVersion, 43.4.2, --fml.mcVersion, 1.19.2, --fml.forgeGroup, net.minecraftforge, --fml.mcpVersion, 20220805.130853, nogui]
[01Jul2025 20:08:56.675] [main/INFO] [cpw.mods.modlauncher.Launcher/MODLAUNCHER]: ModLauncher 10.0.8+10.0.8+main.0ef7e830 starting: java version 17.0.14 by Ubuntu; OS Linux arch amd64 version 6.8.0-1027-azure
[01Jul2025 20:08:58.091] [main/INFO] [com.teampotato.redirector.Redirector/]: Redirector CoreMod initialized successfully!
[01Jul2025 20:08:58.147] [main/INFO] [mixin/]: SpongePowered MIXIN Subsystem Version=0.8.5 Source=union:/workspaces/cisco/servidor_minecraft/libraries/org/spongepowered/mixin/0.8.5/mixin-0.8.5.jar%2363!/ Service=ModLauncher Env=SERVER
[01Jul2025 20:08:58.938] [main/WARN] [net.minecraftforge.fml.loading.moddiscovery.ModFileParser/LOADING]: Mod file /workspaces/cisco/servidor_minecraft/libraries/net/minecraftforge/fmlcore/1.19.2-43.4.2/fmlcore-1.19.2-43.4.2.jar is missing mods.toml file
[01Jul2025 20:08:58.939] [main/WARN] [net.minecraftforge.fml.loading.moddiscovery.ModFileParser/LOADING]: Mod file /workspaces/cisco/servidor_minecraft/libraries/net/minecraftforge/javafmllanguage/1.19.2-43.4.2/javafmllanguage-1.19.2-43.4.2.jar is missing mods.toml file
[01Jul2025 20:08:58.940] [main/WARN] [net.minecraftforge.fml.loading.moddiscovery.ModFileParser/LOADING]: Mod file /workspaces/cisco/servidor_minecraft/libraries/net/minecraftforge/lowcodelanguage/1.19.2-43.4.2/lowcodelanguage-1.19.2-43.4.2.jar is missing mods.toml file
[01Jul2025 20:08:58.941] [main/WARN] [net.minecraftforge.fml.loading.moddiscovery.ModFileParser/LOADING]: Mod file /workspaces/cisco/servidor_minecraft/libraries/net/minecraftforge/mclanguage/1.19.2-43.4.2/mclanguage-1.19.2-43.4.2.jar is missing mods.toml file
[01Jul2025 20:08:59.278] [main/WARN] [net.minecraftforge.jarjar.selection.JarSelector/]: Attempted to select two dependency jars from JarJar which have the same identification: Mod File:  and Mod File: . Using Mod File: 
[01Jul2025 20:08:59.280] [main/WARN] [net.minecraftforge.jarjar.selection.JarSelector/]: Attempted to select a dependency jar for JarJar which was passed in as source: curios. Using Mod File: /workspaces/cisco/servidor_minecraft/mods/curios-forge-1.19.2-5.1.6.4.jar
[01Jul2025 20:08:59.280] [main/INFO] [net.minecraftforge.fml.loading.moddiscovery.JarInJarDependencyLocator/]: Found 17 dependencies adding them to mods collection
[01Jul2025 20:09:07.034] [main/INFO] [mixin/]: Compatibility level set to JAVA_17
[01Jul2025 20:09:07.205] [main/ERROR] [mixin/]: Mixin config celestisynth.mixins.json does not specify "minVersion" property
[01Jul2025 20:09:07.280] [main/ERROR] [mixin/]: Mixin config necronomicon.forge.mixins.json does not specify "minVersion" property
[01Jul2025 20:09:07.566] [main/INFO] [mixin/]: Successfully loaded Mixin Connector [ca.spottedleaf.starlight.mixin.MixinConnector]
[01Jul2025 20:09:07.571] [main/INFO] [mixin/]: Successfully loaded Mixin Connector [com.aizistral.enigmaticlegacy.MixinConnector]
[01Jul2025 20:09:07.576] [main/INFO] [cpw.mods.modlauncher.LaunchServiceHandler/MODLAUNCHER]: Launching target 'forgeserver' with arguments [nogui]
[01Jul2025 20:09:07.605] [main/INFO] [com.abdelaziz.saturn.common.Saturn/]: Loaded Saturn config file with 4 configurable options
[01Jul2025 20:09:07.627] [main/WARN] [mixin/]: Reference map 'nerb-forge-refmap.json' for nerb.mixins.json could not be read. If this is a development environment you can ignore this message
[01Jul2025 20:09:07.641] [main/INFO] [Rubidium/]: Loaded configuration file for Rubidium: 30 options available, 0 override(s) found
[01Jul2025 20:09:07.722] [main/WARN] [ModernFixConfig/]: ModelDataManager bugfixes have been disabled to prevent broken rendering with Rubidium installed. Please migrate to Embeddium.
[01Jul2025 20:09:07.728] [main/INFO] [ModernFix/]: Loaded configuration file for ModernFix 5.18.1+mc1.19.2: 87 options available, 3 override(s) found
[01Jul2025 20:09:07.728] [main/WARN] [ModernFix/]: Option 'mixin.bugfix.model_data_manager_cme' overriden (by mods [rubidium]) to 'false'
[01Jul2025 20:09:07.729] [main/WARN] [ModernFix/]: Option 'mixin.bugfix.item_cache_flag' overriden (by mods [canary]) to 'false'
[01Jul2025 20:09:07.729] [main/WARN] [ModernFix/]: Option 'mixin.perf.thread_priorities' overriden (by mods [smoothboot]) to 'false'
[01Jul2025 20:09:07.730] [main/INFO] [ModernFix/]: Applying Nashorn fix
[01Jul2025 20:09:07.745] [main/INFO] [ModernFix/]: Applied Forge config corruption patch
[01Jul2025 20:09:07.760] [main/WARN] [mixin/]: Reference map 'vinery-forge-refmap.json' for vinery.mixins.json could not be read. If this is a development environment you can ignore this message
[01Jul2025 20:09:07.782] [main/WARN] [mixin/]: Reference map 'morevillagers-forge-forge-refmap.json' for morevillagers.mixins.json could not be read. If this is a development environment you can ignore this message
[01Jul2025 20:09:07.800] [main/WARN] [mixin/]: Reference map 'nitrogen_internals.refmap.json' for nitrogen_internals.mixins.json could not be read. If this is a development environment you can ignore this message
[01Jul2025 20:09:07.922] [main/WARN] [mixin/]: Reference map '${refmap_target}refmap.json' for corgilib.forge.mixins.json could not be read. If this is a development environment you can ignore this message
[01Jul2025 20:09:07.925] [main/WARN] [mixin/]: Reference map 'fastpaintings-forge-refmap.json' for fastpaintings-forge.mixins.json could not be read. If this is a development environment you can ignore this message
[01Jul2025 20:09:07.941] [main/INFO] [com.teampotato.redirector.Redirector/]: Redirecting com/illusivesoulworks/polymorph/common/integration/PolymorphIntegrations$Mod
[01Jul2025 20:09:07.943] [main/INFO] [com.teampotato.redirector.Redirector/]: Redirecting com/illusivesoulworks/polymorph/common/integration/PolymorphIntegrations$Loader
[01Jul2025 20:09:07.974] [main/WARN] [CanaryConfig/]: Mod 'pluto' attempted to override option 'mixin.world.player_chunk_tick', which doesn't exist, ignoring
[01Jul2025 20:09:07.977] [main/INFO] [Canary/]: Loaded configuration file for Canary: 117 options available, 0 override(s) found
[01Jul2025 20:09:08.003] [main/WARN] [mixin/]: Reference map 'tlc.refmap.json' for tlc.mixins.json could not be read. If this is a development environment you can ignore this message
[01Jul2025 20:09:08.026] [main/WARN] [mixin/]: Reference map 'insanelib.refmap.json' for insanelib.mixins.json could not be read. If this is a development environment you can ignore this message
[01Jul2025 20:09:08.039] [main/WARN] [mixin/]: Reference map 'Bakery-forge-refmap.json' for bakery.mixins.json could not be read. If this is a development environment you can ignore this message
[01Jul2025 20:09:08.054] [main/WARN] [mixin/]: Reference map 'dummmmmmy-forge-refmap.json' for dummmmmmy.mixins.json could not be read. If this is a development environment you can ignore this message
[01Jul2025 20:09:08.089] [main/WARN] [mixin/]: Reference map 'smallships-forge-refmap.json' for smallships.mixins.json could not be read. If this is a development environment you can ignore this message
[01Jul2025 20:09:08.098] [main/WARN] [mixin/]: Reference map 'octolib.refmap.json' for octolib.mixins.json could not be read. If this is a development environment you can ignore this message
[01Jul2025 20:09:08.100] [main/WARN] [mixin/]: Reference map 'xlpackets.refmap.json' for xlpackets.mixins.json could not be read. If this is a development environment you can ignore this message
[01Jul2025 20:09:08.114] [main/WARN] [mixin/]: Reference map 'simplyswords-common-refmap.json' for simplyswords-common.mixins.json could not be read. If this is a development environment you can ignore this message
[01Jul2025 20:09:08.116] [main/WARN] [mixin/]: Reference map 'simplyswords-forge-refmap.json' for simplyswords.mixins.json could not be read. If this is a development environment you can ignore this message
[01Jul2025 20:09:08.138] [main/INFO] [com.teampotato.redirector.Redirector/]: Redirecting malte0811/ferritecore/mixin/config/FerriteMixinConfig$LithiumSupportState
[01Jul2025 20:09:08.164] [main/INFO] [com.teampotato.redirector.Redirector/]: Redirecting com/llamalad7/mixinextras/service/MixinExtrasVersion
[01Jul2025 20:09:08.812] [main/INFO] [net.minecraftforge.coremod.CoreMod.placebo/COREMODLOG]: Patching IForgeItemStack#getEnchantmentLevel
[01Jul2025 20:09:08.825] [main/INFO] [net.minecraftforge.coremod.CoreMod.placebo/COREMODLOG]: Patching IForgeItemStack#getEnchantmentLevel
[01Jul2025 20:09:09.116] [main/WARN] [mixin/]: Error loading class: com/simibubi/create/content/contraptions/components/fan/AirCurrent (java.lang.ClassNotFoundException: com.simibubi.create.content.contraptions.components.fan.AirCurrent)
[01Jul2025 20:09:09.570] [main/INFO] [net.minecraftforge.coremod.CoreMod.apotheosis/COREMODLOG]: Replaced 2 calls to Enchantment#getMaxLevel() in net/minecraft/world/inventory/AnvilMenu
[01Jul2025 20:09:09.592] [main/WARN] [mixin/]: Error loading class: vazkii/quark/content/tweaks/module/GoldToolsHaveFortuneModule (java.lang.ClassNotFoundException: vazkii.quark.content.tweaks.module.GoldToolsHaveFortuneModule)
[01Jul2025 20:09:09.595] [main/INFO] [net.minecraftforge.coremod.CoreMod.placebo/COREMODLOG]: Patching IForgeItemStack#getEnchantmentLevel
[01Jul2025 20:09:09.596] [main/INFO] [net.minecraftforge.coremod.CoreMod.placebo/COREMODLOG]: Patching IForgeItemStack#getEnchantmentLevel
[01Jul2025 20:09:09.648] [main/WARN] [mixin/]: Error loading class: vazkii/neat/HealthBarRenderer (java.lang.ClassNotFoundException: vazkii.neat.HealthBarRenderer)
[01Jul2025 20:09:09.648] [main/WARN] [mixin/]: @Mixin target vazkii.neat.HealthBarRenderer was not found autoleveling.mixins.json:neat/HealthBarRendererMixin
[01Jul2025 20:09:09.821] [main/INFO] [net.minecraftforge.coremod.CoreMod.apotheosis/COREMODLOG]: Patching FishingHook#catchingFish
[01Jul2025 20:09:10.164] [main/WARN] [mixin/]: Error loading class: tfar/davespotioneering/blockentity/AdvancedBrewingStandBlockEntity (java.lang.ClassNotFoundException: tfar.davespotioneering.blockentity.AdvancedBrewingStandBlockEntity)
[01Jul2025 20:09:10.165] [main/WARN] [mixin/]: @Mixin target tfar.davespotioneering.blockentity.AdvancedBrewingStandBlockEntity was not found itemproductionlib.mixins.json:davespotioneering/AdvancedBrewingStandBlockEntityMixin
[01Jul2025 20:09:10.207] [main/WARN] [mixin/]: Error loading class: fuzs/visualworkbench/world/inventory/ModCraftingMenu (java.lang.ClassNotFoundException: fuzs.visualworkbench.world.inventory.ModCraftingMenu)
[01Jul2025 20:09:10.208] [main/WARN] [mixin/]: @Mixin target fuzs.visualworkbench.world.inventory.ModCraftingMenu was not found itemproductionlib.mixins.json:visualworkbench/ModCraftingMenuMixin
[01Jul2025 20:09:10.414] [main/INFO] [com.cupboard.Cupboard/]: Loaded config for: recipeessentials.json
[01Jul2025 20:09:10.500] [main/INFO] [com.cupboard.Cupboard/]: Loaded config for: structureessentials.json
[01Jul2025 20:09:10.589] [main/WARN] [mixin/]: Error loading class: shadows/apotheosis/ench/table/ApothEnchantContainer (java.lang.ClassNotFoundException: shadows.apotheosis.ench.table.ApothEnchantContainer)
[01Jul2025 20:09:10.589] [main/WARN] [mixin/]: @Mixin target shadows.apotheosis.ench.table.ApothEnchantContainer was not found origins_classes.mixins.json:common.apotheosis.ApotheosisEnchantmentMenuMixin
[01Jul2025 20:09:10.593] [main/WARN] [mixin/]: Error loading class: se/mickelus/tetra/blocks/workbench/WorkbenchTile (java.lang.ClassNotFoundException: se.mickelus.tetra.blocks.workbench.WorkbenchTile)
[01Jul2025 20:09:10.593] [main/WARN] [mixin/]: @Mixin target se.mickelus.tetra.blocks.workbench.WorkbenchTile was not found origins_classes.mixins.json:common.tetra.WorkbenchTileMixin
[01Jul2025 20:09:10.709] [main/WARN] [mixin/]: Error loading class: fuzs/easymagic/world/inventory/ModEnchantmentMenu (java.lang.ClassNotFoundException: fuzs.easymagic.world.inventory.ModEnchantmentMenu)
[01Jul2025 20:09:10.709] [main/WARN] [mixin/]: @Mixin target fuzs.easymagic.world.inventory.ModEnchantmentMenu was not found skilltree.mixins.json:easymagic/ModEnchantmentMenuMixin
[01Jul2025 20:09:10.771] [main/WARN] [mixin/]: Error loading class: net/darkhax/darkutils/features/charms/CharmEffects (java.lang.ClassNotFoundException: net.darkhax.darkutils.features.charms.CharmEffects)
[01Jul2025 20:09:10.774] [main/WARN] [mixin/]: Error loading class: com/brandon3055/csg/ModEventHandler (java.lang.ClassNotFoundException: com.brandon3055.csg.ModEventHandler)
[01Jul2025 20:09:10.778] [main/WARN] [mixin/]: Error loading class: vazkii/quark/content/tweaks/module/AutomaticRecipeUnlockModule (java.lang.ClassNotFoundException: vazkii.quark.content.tweaks.module.AutomaticRecipeUnlockModule)
[01Jul2025 20:09:10.784] [main/INFO] [memoryleakfix/]: [MemoryLeakFix] Will be applying 2 memory leak fixes!
[01Jul2025 20:09:10.785] [main/INFO] [memoryleakfix/]: [MemoryLeakFix] Currently enabled memory leak fixes: [entityMemoriesLeak, biomeTemperatureLeak]
[01Jul2025 20:09:11.116] [main/INFO] [MixinExtras|Service/]: Initializing MixinExtras via com.llamalad7.mixinextras.service.MixinExtrasServiceImpl(version=0.3.6).
[01Jul2025 20:09:11.117] [main/WARN] [MixinExtras|Service/]: Found problematic active MixinExtras instance at ca.fxco.memoryleakfix.mixinextras (version 0.2.0-beta.6)
[01Jul2025 20:09:11.117] [main/WARN] [MixinExtras|Service/]: Versions from 0.2.0-beta.1 to 0.2.0-beta.9 have limited support and it is strongly recommended to update.
[01Jul2025 20:09:11.575] [main/INFO] [Smooth Boot (Reloaded)/]: Smooth Boot (Reloaded) config initialized
[01Jul2025 20:09:11.578] [main/INFO] [com.teampotato.redirector.Redirector/]: Redirecting net/minecraft/util/datafix/DataFixerOptimizationOption
[01Jul2025 20:09:11.593] [main/INFO] [com.teampotato.redirector.Redirector/]: Redirecting net/minecraft/util/Unit
[01Jul2025 20:09:11.645] [main/INFO] [com.teampotato.redirector.Redirector/]: Redirecting net/minecraft/ChatFormatting
[01Jul2025 20:09:11.657] [main/WARN] [mixin/]: Static binding violation: PRIVATE @Overwrite method m_216202_ in modernfix-forge.mixins.json:perf.tag_id_caching.TagOrElementLocationMixin cannot reduce visibiliy of PUBLIC target method, visibility will be upgraded.
[01Jul2025 20:09:11.837] [main/INFO] [net.minecraft.server.Bootstrap/]: ModernFix reached bootstrap stage (17.38 s after launch)
[01Jul2025 20:09:11.895] [main/INFO] [com.teampotato.redirector.Redirector/]: Redirecting net/minecraft/Util$IdentityStrategy
[01Jul2025 20:09:11.904] [main/INFO] [com.teampotato.redirector.Redirector/]: Redirecting net/minecraft/core/Holder$Reference$Type
[01Jul2025 20:09:11.973] [main/WARN] [mixin/]: @Final field delegatesByName:Ljava/util/Map; in modernfix-forge.mixins.json:perf.forge_registry_alloc.ForgeRegistryMixin should be final
[01Jul2025 20:09:11.977] [main/WARN] [mixin/]: @Final field delegatesByValue:Ljava/util/Map; in modernfix-forge.mixins.json:perf.forge_registry_alloc.ForgeRegistryMixin should be final
[01Jul2025 20:09:12.887] [main/INFO] [mixin/]: Mixing MixinPlayer from enigmaticlegacy.mixins.json into net.minecraft.world.entity.player.Player
[01Jul2025 20:09:13.206] [main/INFO] [mixin/]: Mixing MixinLivingEntity from enigmaticlegacy.mixins.json into net.minecraft.world.entity.LivingEntity
[01Jul2025 20:09:13.251] [main/WARN] [mixin/]: @Final field f_20945_:Ljava/util/Map; in vinery-common.mixins.json:LivingEntityMixin should be final
[01Jul2025 20:09:13.478] [main/INFO] [ModernFix/]: Injecting BlockStateBase cache population hook into getOpacityIfCached from ca.spottedleaf.starlight.mixin.common.blockstate.BlockStateBaseMixin
[01Jul2025 20:09:13.478] [main/INFO] [ModernFix/]: Injecting BlockStateBase cache population hook into getNeighborPathNodeType from com.abdelaziz.canary.mixin.ai.pathing.BlockStateBaseMixin
[01Jul2025 20:09:13.478] [main/INFO] [ModernFix/]: Injecting BlockStateBase cache population hook into getPathNodeType from com.abdelaziz.canary.mixin.ai.pathing.BlockStateBaseMixin
[01Jul2025 20:09:13.479] [main/INFO] [ModernFix/]: Injecting BlockStateBase cache population hook into m_60823_ from com.abdelaziz.canary.mixin.block.flatten_states.BlockStateBaseMixin
[01Jul2025 20:09:13.479] [main/INFO] [ModernFix/]: Injecting BlockStateBase cache population hook into isConditionallyFullOpaque from ca.spottedleaf.starlight.mixin.common.blockstate.BlockStateBaseMixin
[01Jul2025 20:09:13.699] [main/INFO] [mixin/]: Mixing MixinMobEffect from enigmaticlegacy.mixins.json into net.minecraft.world.effect.MobEffect
[01Jul2025 20:09:14.210] [main/INFO] [com.teampotato.redirector.Redirector/]: Redirecting net/minecraft/core/Direction
[01Jul2025 20:09:14.212] [main/INFO] [com.teampotato.redirector.Redirector/]: Redirecting net/minecraft/core/Direction$AxisDirection
[01Jul2025 20:09:14.213] [main/INFO] [com.teampotato.redirector.Redirector/]: Redirecting net/minecraft/core/Direction$Axis
[01Jul2025 20:09:14.248] [main/INFO] [com.teampotato.redirector.Redirector/]: Redirecting net/minecraft/world/level/material/PushReaction
[01Jul2025 20:09:14.299] [main/INFO] [com.teampotato.redirector.Redirector/]: Redirecting net/minecraft/world/level/block/state/BlockBehaviour$OffsetType
[01Jul2025 20:09:14.342] [main/INFO] [com.teampotato.redirector.Redirector/]: Redirecting net/minecraft/core/Direction$Plane
[01Jul2025 20:09:14.344] [main/INFO] [com.teampotato.redirector.Redirector/]: Redirecting net/minecraft/core/FrontAndTop
[01Jul2025 20:09:14.348] [main/INFO] [com.teampotato.redirector.Redirector/]: Redirecting net/minecraft/world/level/block/state/properties/AttachFace
[01Jul2025 20:09:14.349] [main/INFO] [com.teampotato.redirector.Redirector/]: Redirecting net/minecraft/world/level/block/state/properties/BellAttachType
[01Jul2025 20:09:14.349] [main/INFO] [com.teampotato.redirector.Redirector/]: Redirecting net/minecraft/world/level/block/state/properties/WallSide
[01Jul2025 20:09:14.350] [main/INFO] [com.teampotato.redirector.Redirector/]: Redirecting net/minecraft/world/level/block/state/properties/RedstoneSide
[01Jul2025 20:09:14.351] [main/INFO] [com.teampotato.redirector.Redirector/]: Redirecting net/minecraft/world/level/block/state/properties/DoubleBlockHalf
[01Jul2025 20:09:14.351] [main/INFO] [com.teampotato.redirector.Redirector/]: Redirecting net/minecraft/world/level/block/state/properties/Half
[01Jul2025 20:09:14.352] [main/INFO] [com.teampotato.redirector.Redirector/]: Redirecting net/minecraft/world/level/block/state/properties/RailShape
[01Jul2025 20:09:14.354] [main/INFO] [com.teampotato.redirector.Redirector/]: Redirecting net/minecraft/world/level/block/state/properties/BedPart
[01Jul2025 20:09:14.354] [main/INFO] [com.teampotato.redirector.Redirector/]: Redirecting net/minecraft/world/level/block/state/properties/ChestType
[01Jul2025 20:09:14.355] [main/INFO] [com.teampotato.redirector.Redirector/]: Redirecting net/minecraft/world/level/block/state/properties/ComparatorMode
[01Jul2025 20:09:14.356] [main/INFO] [com.teampotato.redirector.Redirector/]: Redirecting net/minecraft/world/level/block/state/properties/DoorHingeSide
[01Jul2025 20:09:14.356] [main/INFO] [com.teampotato.redirector.Redirector/]: Redirecting net/minecraft/world/level/block/state/properties/NoteBlockInstrument
[01Jul2025 20:09:14.357] [main/INFO] [com.teampotato.redirector.Redirector/]: Redirecting net/minecraft/world/level/block/state/properties/PistonType
[01Jul2025 20:09:14.358] [main/INFO] [com.teampotato.redirector.Redirector/]: Redirecting net/minecraft/world/level/block/state/properties/SlabType
[01Jul2025 20:09:14.358] [main/INFO] [com.teampotato.redirector.Redirector/]: Redirecting net/minecraft/world/level/block/state/properties/StairsShape
[01Jul2025 20:09:14.359] [main/INFO] [com.teampotato.redirector.Redirector/]: Redirecting net/minecraft/world/level/block/state/properties/StructureMode
[01Jul2025 20:09:14.360] [main/INFO] [com.teampotato.redirector.Redirector/]: Redirecting net/minecraft/world/level/block/state/properties/BambooLeaves
[01Jul2025 20:09:14.360] [main/INFO] [com.teampotato.redirector.Redirector/]: Redirecting net/minecraft/world/level/block/state/properties/Tilt
[01Jul2025 20:09:14.361] [main/INFO] [com.teampotato.redirector.Redirector/]: Redirecting net/minecraft/world/level/block/state/properties/DripstoneThickness
[01Jul2025 20:09:14.362] [main/INFO] [com.teampotato.redirector.Redirector/]: Redirecting net/minecraft/world/level/block/state/properties/SculkSensorPhase
[01Jul2025 20:09:14.421] [main/INFO] [net.minecraft.server.Bootstrap/]: Vanilla bootstrap took 2580 milliseconds
[01Jul2025 20:09:14.510] [main/INFO] [com.teampotato.redirector.Redirector/]: Redirecting net/minecraftforge/network/NetworkDirection
[01Jul2025 20:09:14.613] [main/INFO] [com.teampotato.redirector.Redirector/]: Redirecting net/minecraft/world/item/DyeColor
[01Jul2025 20:09:14.813] [main/INFO] [com.teampotato.redirector.Redirector/]: Redirecting net/minecraft/core/AxisCycle
[01Jul2025 20:09:14.883] [main/INFO] [com.teampotato.redirector.Redirector/]: Redirecting net/minecraft/world/effect/MobEffectCategory
[01Jul2025 20:09:14.890] [main/INFO] [com.teampotato.redirector.Redirector/]: Redirecting net/minecraft/world/entity/ai/attributes/AttributeModifier$Operation
[01Jul2025 20:09:15.159] [main/INFO] [com.teampotato.redirector.Redirector/]: Redirecting net/minecraft/world/level/block/PressurePlateBlock$Sensitivity
[01Jul2025 20:09:15.204] [main/WARN] [mixin/]: Method overwrite conflict for getMobSpawnType in takesapillage.mixins.json:MobRememberSpawnReasonMixin, previously written by com.majruszlibrary.mixin.MixinMob. Skipping method.
[01Jul2025 20:09:15.265] [main/INFO] [com.teampotato.redirector.Redirector/]: Redirecting net/minecraft/world/level/block/MultifaceSpreader$SpreadType
[01Jul2025 20:09:15.279] [main/INFO] [mixin/]: Mixing MixinEnchantmentContainer from enigmaticlegacy.mixins.json into net.minecraft.world.inventory.EnchantmentMenu
[01Jul2025 20:09:15.279] [main/INFO] [mixin/]: Renaming synthetic method lambda$onEnchantedItem$0(Lnet/minecraft/world/item/ItemStack;Lnet/minecraft/world/inventory/EnchantmentMenu;ILnet/minecraft/world/entity/player/Player;ILnet/minecraft/world/level/Level;Lnet/minecraft/core/BlockPos;)V to md3226d7$lambda$onEnchantedItem$0$0 in enigmaticlegacy.mixins.json:MixinEnchantmentContainer
[01Jul2025 20:09:15.305] [main/INFO] [net.minecraftforge.coremod.CoreMod.apotheosis/COREMODLOG]: Replaced 2 calls to Enchantment#getMaxLevel() in net/minecraft/world/item/EnchantedBookItem
[01Jul2025 20:09:15.336] [main/INFO] [com.teampotato.redirector.Redirector/]: Redirecting net/minecraft/world/InteractionHand
[01Jul2025 20:09:15.365] [main/INFO] [mixin/]: Mixing MixinItemStack from enigmaticlegacy.mixins.json into net.minecraft.world.item.ItemStack
[01Jul2025 20:09:15.393] [main/INFO] [net.minecraftforge.coremod.CoreMod.placebo/COREMODLOG]: Patching IForgeItemStack#getEnchantmentLevel
[01Jul2025 20:09:15.394] [main/INFO] [net.minecraftforge.coremod.CoreMod.placebo/COREMODLOG]: Patching IForgeItemStack#getEnchantmentLevel
[01Jul2025 20:09:15.399] [main/INFO] [com.teampotato.redirector.Redirector/]: Redirecting net/minecraft/world/InteractionResult
[01Jul2025 20:09:15.401] [main/INFO] [com.teampotato.redirector.Redirector/]: Redirecting net/minecraft/world/level/biome/Biome$Precipitation
[01Jul2025 20:09:15.450] [main/INFO] [com.teampotato.redirector.Redirector/]: Redirecting net/minecraft/world/level/block/SkullBlock$Types
[01Jul2025 20:09:15.496] [main/INFO] [net.minecraftforge.coremod.CoreMod.apotheosis/COREMODLOG]: Replaced 2 calls to Enchantment#getMaxLevel() in net/minecraft/world/inventory/AnvilMenu
[01Jul2025 20:09:15.764] [main/INFO] [com.teampotato.redirector.Redirector/]: Redirecting net/minecraft/world/level/block/WeatheringCopper$WeatherState
[01Jul2025 20:09:15.815] [main/INFO] [com.teampotato.redirector.Redirector/]: Redirecting net/minecraft/core/Holder$Kind
[01Jul2025 20:09:15.960] [main/INFO] [com.teampotato.redirector.Redirector/]: Redirecting net/minecraft/world/level/levelgen/Heightmap$Types
[01Jul2025 20:09:15.961] [main/INFO] [com.teampotato.redirector.Redirector/]: Redirecting net/minecraft/world/level/levelgen/Heightmap$Usage
[01Jul2025 20:09:16.015] [main/INFO] [com.teampotato.redirector.Redirector/]: Redirecting net/minecraft/world/level/levelgen/placement/CaveSurface
[01Jul2025 20:09:16.078] [main/INFO] [com.teampotato.redirector.Redirector/]: Redirecting net/minecraft/world/entity/MobCategory
[01Jul2025 20:09:16.114] [main/INFO] [mixin/]: Mixing AccessorAbstractArrowEntity from enigmaticlegacy.mixins.json into net.minecraft.world.entity.projectile.AbstractArrow
[01Jul2025 20:09:16.349] [main/INFO] [com.teampotato.redirector.Redirector/]: Redirecting net/minecraft/world/entity/ai/goal/Goal$Flag
[01Jul2025 20:09:16.359] [main/INFO] [mixin/]: Mixing MixinEnderDragon from enigmaticlegacy.mixins.json into net.minecraft.world.entity.boss.enderdragon.EnderDragon
[01Jul2025 20:09:16.360] [main/INFO] [mixin/]: Renaming synthetic method lambda$onTickDeath$0(Lnet/minecraft/server/level/ServerPlayer;)V to md3226d7$lambda$onTickDeath$0$0 in enigmaticlegacy.mixins.json:MixinEnderDragon
[01Jul2025 20:09:16.649] [main/INFO] [mixin/]: Mixing MixinShulker from enigmaticlegacy.mixins.json into net.minecraft.world.entity.monster.Shulker
[01Jul2025 20:09:16.693] [main/INFO] [com.teampotato.redirector.Redirector/]: Redirecting net/minecraft/world/entity/Pose
[01Jul2025 20:09:16.704] [main/INFO] [com.teampotato.redirector.Redirector/]: Redirecting net/minecraft/world/entity/EquipmentSlot
[01Jul2025 20:09:16.705] [main/INFO] [com.teampotato.redirector.Redirector/]: Redirecting net/minecraft/world/entity/EquipmentSlot$Type
[01Jul2025 20:09:16.812] [main/INFO] [mixin/]: Mixing MixinVillagerEntity from enigmaticlegacy.mixins.json into net.minecraft.world.entity.npc.Villager
[01Jul2025 20:09:16.813] [main/INFO] [mixin/]: Mixing MixinVillager from enigmaticlegacy.mixins.json into net.minecraft.world.entity.npc.Villager
[01Jul2025 20:09:16.884] [main/INFO] [net.minecraftforge.coremod.CoreMod.apotheosis/COREMODLOG]: Patching FishingHook#catchingFish
[01Jul2025 20:09:17.096] [main/INFO] [com.teampotato.redirector.Redirector/]: Redirecting net/minecraft/world/level/levelgen/GenerationStep$Carving
[01Jul2025 20:09:17.121] [main/INFO] [com.teampotato.redirector.Redirector/]: Redirecting net/minecraft/world/level/levelgen/structure/StructureSpawnOverride$BoundingBoxType
[01Jul2025 20:09:17.128] [main/INFO] [com.teampotato.redirector.Redirector/]: Redirecting net/minecraft/world/level/levelgen/GenerationStep$Decoration
[01Jul2025 20:09:17.129] [main/INFO] [com.teampotato.redirector.Redirector/]: Redirecting net/minecraft/world/level/levelgen/structure/TerrainAdjustment
[01Jul2025 20:09:17.141] [main/INFO] [com.teampotato.redirector.Redirector/]: Redirecting net/minecraft/world/level/levelgen/structure/pools/StructureTemplatePool$Projection
[01Jul2025 20:09:17.162] [main/INFO] [com.teampotato.redirector.Redirector/]: Redirecting net/minecraft/world/level/levelgen/structure/structures/MineshaftStructure$Type
[01Jul2025 20:09:17.286] [main/INFO] [com.teampotato.redirector.Redirector/]: Redirecting net/minecraft/world/level/levelgen/structure/structures/OceanRuinStructure$Type
[01Jul2025 20:09:17.298] [main/INFO] [com.teampotato.redirector.Redirector/]: Redirecting net/minecraft/world/level/block/entity/JigsawBlockEntity$JointType
[01Jul2025 20:09:17.311] [main/INFO] [com.teampotato.redirector.Redirector/]: Redirecting net/minecraft/world/level/levelgen/structure/structures/RuinedPortalPiece$VerticalPlacement
[01Jul2025 20:09:17.320] [main/INFO] [com.teampotato.redirector.Redirector/]: Redirecting net/minecraft/world/level/levelgen/structure/placement/StructurePlacement$FrequencyReductionMethod
[01Jul2025 20:09:17.323] [main/INFO] [com.teampotato.redirector.Redirector/]: Redirecting net/minecraft/world/level/levelgen/structure/placement/RandomSpreadType
[01Jul2025 20:09:17.339] [main/WARN] [mixin/]: Static binding violation: PRIVATE @Overwrite method m_47505_ in modernfix-common.mixins.json:perf.remove_biome_temperature_cache.BiomeMixin cannot reduce visibiliy of PUBLIC target method, visibility will be upgraded.
[01Jul2025 20:09:17.347] [main/INFO] [com.teampotato.redirector.Redirector/]: Redirecting net/minecraft/world/level/biome/Biome$TemperatureModifier
[01Jul2025 20:09:17.350] [main/INFO] [com.teampotato.redirector.Redirector/]: Redirecting net/minecraft/world/level/biome/BiomeSpecialEffects$GrassColorModifier
[01Jul2025 20:09:17.398] [main/INFO] [com.teampotato.redirector.Redirector/]: Redirecting net/minecraft/world/level/levelgen/DensityFunctions$Marker$Type
[01Jul2025 20:09:17.415] [main/INFO] [com.teampotato.redirector.Redirector/]: Redirecting net/minecraft/world/level/levelgen/DensityFunctions$Mapped$Type
[01Jul2025 20:09:17.417] [main/INFO] [com.teampotato.redirector.Redirector/]: Redirecting net/minecraft/world/level/levelgen/DensityFunctions$MulOrAdd$Type
[01Jul2025 20:09:17.418] [main/INFO] [com.teampotato.redirector.Redirector/]: Redirecting net/minecraft/world/level/levelgen/DensityFunctions$TwoArgumentSimpleFunction$Type
[01Jul2025 20:09:17.438] [main/INFO] [com.teampotato.redirector.Redirector/]: Redirecting net/minecraft/world/level/levelgen/DensityFunctions$BlendOffset
[01Jul2025 20:09:17.439] [main/INFO] [com.teampotato.redirector.Redirector/]: Redirecting net/minecraft/world/level/levelgen/DensityFunctions$BlendAlpha
[01Jul2025 20:09:17.445] [main/INFO] [com.teampotato.redirector.Redirector/]: Redirecting net/minecraft/world/level/levelgen/DensityFunctions$WeirdScaledSampler$RarityValueMapper
[01Jul2025 20:09:17.464] [main/INFO] [com.teampotato.redirector.Redirector/]: Redirecting net/minecraft/world/level/levelgen/OreVeinifier$VeinType
[01Jul2025 20:09:17.470] [main/INFO] [com.teampotato.redirector.Redirector/]: Redirecting net/minecraft/world/level/levelgen/SurfaceRules$Hole
[01Jul2025 20:09:17.472] [main/INFO] [com.teampotato.redirector.Redirector/]: Redirecting net/minecraft/world/level/levelgen/SurfaceRules$Steep
[01Jul2025 20:09:17.476] [main/INFO] [com.teampotato.redirector.Redirector/]: Redirecting net/minecraft/world/level/levelgen/SurfaceRules$Bandlands
[01Jul2025 20:09:17.477] [main/INFO] [com.teampotato.redirector.Redirector/]: Redirecting net/minecraft/world/level/levelgen/SurfaceRules$Temperature
[01Jul2025 20:09:17.478] [main/INFO] [com.teampotato.redirector.Redirector/]: Redirecting net/minecraft/world/level/levelgen/SurfaceRules$AbovePreliminarySurface
[01Jul2025 20:09:17.825] [main/INFO] [mixin/]: Mixing MixinEnderEyeItem from enigmaticlegacy.mixins.json into net.minecraft.world.item.EnderEyeItem
[01Jul2025 20:09:17.847] [main/INFO] [net.minecraftforge.coremod.CoreMod.apotheosis/COREMODLOG]: Replaced 2 calls to Enchantment#getMaxLevel() in net/minecraft/world/item/EnchantedBookItem
[01Jul2025 20:09:17.868] [main/INFO] [mixin/]: Mixing MixinCrossbowItem from enigmaticlegacy.mixins.json into net.minecraft.world.item.CrossbowItem
[01Jul2025 20:09:17.878] [main/INFO] [com.teampotato.redirector.Redirector/]: Redirecting net/minecraft/world/item/Rarity
[01Jul2025 20:09:17.883] [main/INFO] [com.teampotato.redirector.Redirector/]: Redirecting net/minecraft/world/item/enchantment/EnchantmentCategory
[01Jul2025 20:09:17.906] [main/INFO] [com.teampotato.redirector.Redirector/]: Redirecting net/minecraft/world/entity/vehicle/AbstractMinecart$Type
[01Jul2025 20:09:17.911] [main/INFO] [com.teampotato.redirector.Redirector/]: Redirecting net/minecraft/world/entity/vehicle/Boat$Type
[01Jul2025 20:09:17.912] [main/INFO] [com.teampotato.redirector.Redirector/]: Redirecting net/minecraft/world/item/ArmorMaterials
[01Jul2025 20:09:17.927] [main/INFO] [com.teampotato.redirector.Redirector/]: Redirecting net/minecraft/world/item/Tiers
[01Jul2025 20:09:17.950] [main/INFO] [com.teampotato.redirector.Redirector/]: Redirecting net/minecraft/network/chat/ChatTypeDecoration$Parameter
[01Jul2025 20:09:17.969] [main/INFO] [com.teampotato.redirector.Redirector/]: Redirecting net/minecraft/world/item/enchantment/Enchantment$Rarity
[01Jul2025 20:09:17.970] [main/INFO] [com.teampotato.redirector.Redirector/]: Redirecting net/minecraft/world/item/enchantment/ProtectionEnchantment$Type
[01Jul2025 20:09:17.997] [main/INFO] [com.teampotato.redirector.Redirector/]: Redirecting net/minecraft/world/scores/criteria/ObjectiveCriteria$RenderType
[01Jul2025 20:09:18.021] [main/INFO] [com.teampotato.redirector.Redirector/]: Redirecting net/minecraft/world/level/chunk/ChunkStatus$ChunkType
[01Jul2025 20:09:18.172] [main/INFO] [net.minecraftforge.coremod.CoreMod.apotheosis/COREMODLOG]: Replaced 1 calls to Enchantment#getMaxLevel() in net/minecraft/world/level/storage/loot/functions/EnchantRandomlyFunction
[01Jul2025 20:09:18.172] [main/INFO] [net.minecraftforge.coremod.CoreMod.apotheosis/COREMODLOG]: Replaced 1 calls to Enchantment#isDiscoverable() in net/minecraft/world/level/storage/loot/functions/EnchantRandomlyFunction
[01Jul2025 20:09:18.242] [main/INFO] [com.teampotato.redirector.Redirector/]: Redirecting net/minecraft/world/level/levelgen/DensityFunctions$BeardifierMarker
[01Jul2025 20:09:18.322] [main/INFO] [com.teampotato.redirector.Redirector/]: Redirecting net/combatroll/Platform$Type
[01Jul2025 20:09:18.326] [main/INFO] [com.teampotato.redirector.Redirector/]: Redirecting net/combatroll/enchantments/AmplifierEnchantment$Operation
[01Jul2025 20:09:18.617] [modloading-worker-0/INFO] [com.teampotato.redirector.Redirector/]: Redirecting net/minecraftforge/event/TickEvent$Phase
[01Jul2025 20:09:18.620] [modloading-worker-0/INFO] [dev.limonblaze.oriacs.common.Oriacs/]: Origins: Accessibilities 1.1.0 has initialized. Ready to make your Origins life easier!
[01Jul2025 20:09:18.620] [modloading-worker-0/INFO] [com.teampotato.redirector.Redirector/]: Redirecting net/minecraftforge/event/TickEvent$Type
[01Jul2025 20:09:18.637] [modloading-worker-0/INFO] [com.teampotato.redirector.Redirector/]: Redirecting com/majruszlibrary/events/base/Priority
[01Jul2025 20:09:18.644] [modloading-worker-0/INFO] [com.teampotato.redirector.Redirector/]: Redirecting net/minecraft/world/item/UseAnim
[01Jul2025 20:09:18.646] [modloading-worker-0/INFO] [mixin/]: Mixing MixinEnterBlockTrigger from enigmaticlegacy.mixins.json into net.minecraft.advancements.critereon.EnterBlockTrigger
[01Jul2025 20:09:18.648] [modloading-worker-0/INFO] [com.teampotato.redirector.Redirector/]: Redirecting net/minecraft/world/inventory/ClickAction
[01Jul2025 20:09:18.649] [modloading-worker-0/INFO] [com.teampotato.redirector.Redirector/]: Redirecting net/minecraft/world/level/ClipContext$Fluid
[01Jul2025 20:09:18.650] [modloading-worker-0/INFO] [com.teampotato.redirector.Redirector/]: Redirecting net/minecraft/world/level/storage/loot/LootContext$EntityTarget
[01Jul2025 20:09:18.652] [modloading-worker-0/INFO] [mixin/]: Mixing MixinInventoryChangeTrigger from enigmaticlegacy.mixins.json into net.minecraft.advancements.critereon.InventoryChangeTrigger
[01Jul2025 20:09:18.655] [modloading-worker-0/INFO] [com.teampotato.redirector.Redirector/]: Redirecting net/minecraft/world/entity/MobSpawnType
[01Jul2025 20:09:18.662] [modloading-worker-0/INFO] [mixin/]: Mixing MixinSummonedEntityTrigger from enigmaticlegacy.mixins.json into net.minecraft.advancements.critereon.SummonedEntityTrigger
[01Jul2025 20:09:18.719] [modloading-worker-0/INFO] [com.teampotato.redirector.Redirector/]: Redirecting net/minecraft/commands/Commands$CommandSelection
[01Jul2025 20:09:18.748] [modloading-worker-0/INFO] [mixin/]: Mixing MixinPlayerList from enigmaticlegacy.mixins.json into net.minecraft.server.players.PlayerList
[01Jul2025 20:09:19.024] [modloading-worker-0/INFO] [com.teampotato.redirector.Redirector/]: Redirecting net/minecraft/world/level/material/FogType
[01Jul2025 20:09:19.027] [modloading-worker-0/INFO] [com.teampotato.redirector.Redirector/]: Redirecting net/minecraft/world/level/ClipContext$Block
[01Jul2025 20:09:19.030] [modloading-worker-0/INFO] [com.teampotato.redirector.Redirector/]: Redirecting net/minecraft/world/level/Explosion$BlockInteraction
[01Jul2025 20:09:19.051] [modloading-worker-0/INFO] [com.teampotato.redirector.Redirector/]: Redirecting net/minecraft/sounds/SoundSource
[01Jul2025 20:09:19.110] [modloading-worker-0/INFO] [MaxHealthFix/]: Loaded maxhealthfix for Forge.
[01Jul2025 20:09:19.174] [modloading-worker-0/INFO] [com.teampotato.redirector.Redirector/]: Redirecting shadows/placebo/config/Property$Type
[01Jul2025 20:09:19.209] [modloading-worker-0/INFO] [com.teampotato.redirector.Redirector/]: Redirecting net/minecraft/world/item/ItemStack$TooltipPart
[01Jul2025 20:09:19.274] [modloading-worker-0/INFO] [com.teampotato.redirector.Redirector/]: Redirecting io/github/apace100/apoli/util/Space
[01Jul2025 20:09:19.277] [modloading-worker-0/INFO] [com.teampotato.redirector.Redirector/]: Redirecting io/github/apace100/apoli/util/ResourceOperation
[01Jul2025 20:09:19.288] [modloading-worker-0/INFO] [com.teampotato.redirector.Redirector/]: Redirecting io/github/apace100/apoli/util/Comparison
[01Jul2025 20:09:19.378] [modloading-worker-0/INFO] [io.github.apace100.apoli.Apoli/]: Apoli 1.19.2-2.6.1.7 has initialized. Ready to power up your game!
[01Jul2025 20:09:19.442] [modloading-worker-0/INFO] [com.teampotato.redirector.Redirector/]: Redirecting net/minecraftforge/common/world/BiomeModifier$Phase
[01Jul2025 20:09:19.466] [modloading-worker-0/INFO] [com.teampotato.redirector.Redirector/]: Redirecting com/majruszsdifficulty/items/CustomArmorMaterial
[01Jul2025 20:09:19.474] [modloading-worker-0/INFO] [com.teampotato.redirector.Redirector/]: Redirecting com/majruszsdifficulty/items/CustomItemTier
[01Jul2025 20:09:19.476] [modloading-worker-0/INFO] [com.teampotato.redirector.Redirector/]: Redirecting net/blay09/mods/balm/api/event/TickPhase
[01Jul2025 20:09:19.495] [modloading-worker-0/INFO] [com.teampotato.redirector.Redirector/]: Redirecting net/blay09/mods/balm/api/event/EventPriority
[01Jul2025 20:09:19.499] [modloading-worker-0/INFO] [com.teampotato.redirector.Redirector/]: Redirecting com/majruszsdifficulty/items/SoulJar$BonusType
[01Jul2025 20:09:19.545] [modloading-worker-0/INFO] [com.teampotato.redirector.Redirector/]: Redirecting net/minecraftforge/common/capabilities/CapabilityManager
[01Jul2025 20:09:19.606] [modloading-worker-0/INFO] [com.teampotato.redirector.Redirector/]: Redirecting com/majruszsdifficulty/undeadarmy/UndeadArmy$Direction
[01Jul2025 20:09:19.611] [modloading-worker-0/INFO] [com.teampotato.redirector.Redirector/]: Redirecting com/majruszsdifficulty/undeadarmy/UndeadArmy$Phase$State
[01Jul2025 20:09:19.787] [modloading-worker-0/INFO] [com.teampotato.redirector.Redirector/]: Redirecting net/minecraft/world/entity/Entity$RemovalReason
[01Jul2025 20:09:19.790] [modloading-worker-0/INFO] [com.teampotato.redirector.Redirector/]: Redirecting net/minecraft/world/entity/MoverType
[01Jul2025 20:09:19.793] [modloading-worker-0/INFO] [com.teampotato.redirector.Redirector/]: Redirecting net/minecraft/world/entity/Entity$MovementEmission
[01Jul2025 20:09:19.857] [modloading-worker-0/INFO] [com.teampotato.redirector.Redirector/]: Redirecting net/minecraft/world/level/block/Rotation
[01Jul2025 20:09:19.861] [modloading-worker-0/INFO] [com.teampotato.redirector.Redirector/]: Redirecting net/minecraft/world/level/block/Mirror
[01Jul2025 20:09:19.863] [modloading-worker-0/INFO] [com.teampotato.redirector.Redirector/]: Redirecting net/minecraft/commands/arguments/EntityAnchorArgument$Anchor
[01Jul2025 20:09:20.168] [modloading-worker-0/INFO] [com.teampotato.redirector.Redirector/]: Redirecting com/legacy/dungeons_plus/structures/reanimated_ruins/ReanimatedRuinsType
[01Jul2025 20:09:20.222] [modloading-worker-0/INFO] [ironfurnaces.IronFurnaces/]: Initializing Update Checker...
[01Jul2025 20:09:20.224] [ Iron Furnaces Update Checker/INFO] [ironfurnaces.IronFurnaces/]: Starting Update Check...
[01Jul2025 20:09:20.286] [modloading-worker-0/INFO] [com.teampotato.redirector.Redirector/]: Redirecting top/theillusivec4/curios/client/CuriosClientConfig$Client$ButtonCorner
[01Jul2025 20:09:20.299] [modloading-worker-0/INFO] [io.github.apace100.origins.Origins/]: Origins 1.19.2-1.7.1.7 is initializing. Have fun!
[01Jul2025 20:09:20.360] [modloading-worker-0/INFO] [com.teampotato.redirector.Redirector/]: Redirecting net/minecraft/world/entity/HumanoidArm
[01Jul2025 20:09:20.519] [modloading-worker-0/INFO] [com.aetherteam.cumulus.Cumulus/]: Disabling Cumulus as it is on server.
[01Jul2025 20:09:20.524] [modloading-worker-0/INFO] [com.teampotato.redirector.Redirector/]: Redirecting net/minecraft/world/level/GameRules$Category
[01Jul2025 20:09:20.628] [modloading-worker-0/INFO] [com.teampotato.redirector.Redirector/]: Redirecting com/majruszlibrary/animations/AnimationsDef$Easing
[01Jul2025 20:09:20.687] [modloading-worker-0/INFO] [com.teampotato.redirector.Redirector/]: Redirecting com/bobmowzie/mowziesmobs/server/creativetab/CreativeTabHandler
[01Jul2025 20:09:20.704] [modloading-worker-0/INFO] [com.teampotato.redirector.Redirector/]: Redirecting fuzs/puzzleslib/core/ContentRegistrationFlags
[01Jul2025 20:09:20.746] [ Iron Furnaces Update Checker/INFO] [ironfurnaces.IronFurnaces/]: Update Check done!
[01Jul2025 20:09:20.748] [ Iron Furnaces Update Checker/INFO] [ironfurnaces.IronFurnaces/]: Iron Furnaces is up to date!
[01Jul2025 20:09:20.778] [modloading-worker-0/INFO] [com.teampotato.redirector.Redirector/]: Redirecting fuzs/puzzleslib/core/DistType
[01Jul2025 20:09:20.795] [modloading-worker-0/INFO] [Puzzles Lib/]: Constructing common components for mod mutantmonsters
[01Jul2025 20:09:20.845] [modloading-worker-0/INFO] [com.teampotato.redirector.Redirector/]: Redirecting fuzs/puzzleslib/core/ModLoader
[01Jul2025 20:09:20.845] [modloading-worker-0/INFO] [com.teampotato.redirector.Redirector/]: Redirecting virtuoel/pehkui/server/command/DebugCommand$PacketType
[01Jul2025 20:09:20.872] [modloading-worker-0/INFO] [com.teampotato.redirector.Redirector/]: Redirecting net/minecraft/server/packs/PackType
[01Jul2025 20:09:20.878] [modloading-worker-0/INFO] [com.teampotato.redirector.Redirector/]: Redirecting com/chaosthedude/naturescompass/client/OverlaySide
[01Jul2025 20:09:20.881] [modloading-worker-0/INFO] [com.teampotato.redirector.Redirector/]: Redirecting fuzs/puzzleslib/network/MessageDirection
[01Jul2025 20:09:20.893] [modloading-worker-0/INFO] [com.teampotato.redirector.Redirector/]: Redirecting fuzs/puzzleslib/api/biome/v1/BiomeLoadingPhase
[01Jul2025 20:09:20.914] [modloading-worker-0/INFO] [com.teampotato.redirector.Redirector/]: Redirecting vice/rubidium_extras/config/MagnesiumExtrasConfig$FullscreenMode
[01Jul2025 20:09:20.915] [modloading-worker-0/INFO] [com.teampotato.redirector.Redirector/]: Redirecting vice/rubidium_extras/config/MagnesiumExtrasConfig$DarknessOption
[01Jul2025 20:09:20.916] [modloading-worker-0/INFO] [com.teampotato.redirector.Redirector/]: Redirecting vice/rubidium_extras/config/MagnesiumExtrasConfig$ZoomTransitionOptions
[01Jul2025 20:09:20.921] [modloading-worker-0/INFO] [com.teampotato.redirector.Redirector/]: Redirecting vice/rubidium_extras/config/MagnesiumExtrasConfig$ZoomModes
[01Jul2025 20:09:20.922] [modloading-worker-0/INFO] [com.teampotato.redirector.Redirector/]: Redirecting vice/rubidium_extras/config/MagnesiumExtrasConfig$CinematicCameraOptions
[01Jul2025 20:09:20.923] [modloading-worker-0/INFO] [net.minecraftforge.common.ForgeMod/FORGEMOD]: Forge mod loading, version 43.4.2, for MC 1.19.2 with MCP 20220805.130853
[01Jul2025 20:09:20.923] [modloading-worker-0/INFO] [net.minecraftforge.common.MinecraftForge/FORGE]: MinecraftForge v43.4.2 Initialized
[01Jul2025 20:09:20.937] [modloading-worker-0/INFO] [com.teampotato.redirector.Redirector/]: Redirecting com/progwml6/ironchest/common/item/IronChestsUpgradeType
[01Jul2025 20:09:20.938] [modloading-worker-0/INFO] [com.teampotato.redirector.Redirector/]: Redirecting com/progwml6/ironchest/common/block/IronChestsTypes
[01Jul2025 20:09:21.006] [modloading-worker-0/INFO] [com.teampotato.redirector.Redirector/]: Redirecting com/blamejared/crafttweaker/api/util/HandleUtil$AccessType
[01Jul2025 20:09:21.018] [modloading-worker-0/INFO] [com.teampotato.redirector.Redirector/]: Redirecting com/blamejared/crafttweaker/api/ingredient/serializer/IngredientAnySerializer
[01Jul2025 20:09:21.022] [modloading-worker-0/INFO] [com.teampotato.redirector.Redirector/]: Redirecting com/blamejared/crafttweaker/api/ingredient/serializer/IngredientListSerializer
[01Jul2025 20:09:21.022] [modloading-worker-0/INFO] [com.teampotato.redirector.Redirector/]: Redirecting net/bettercombat/logic/TargetHelper$Relation
[01Jul2025 20:09:21.023] [modloading-worker-0/INFO] [com.teampotato.redirector.Redirector/]: Redirecting com/blamejared/crafttweaker/api/ingredient/serializer/IngredientTransformedSerializer
[01Jul2025 20:09:21.024] [modloading-worker-0/INFO] [com.teampotato.redirector.Redirector/]: Redirecting com/blamejared/crafttweaker/api/ingredient/serializer/IngredientConditionedSerializer
[01Jul2025 20:09:21.025] [modloading-worker-0/INFO] [com.teampotato.redirector.Redirector/]: Redirecting com/blamejared/crafttweaker/api/ingredient/serializer/IngredientPartialTagSerializer
[01Jul2025 20:09:21.082] [modloading-worker-0/INFO] [com.teampotato.redirector.Redirector/]: Redirecting net/bettercombat/Platform$Type
[01Jul2025 20:09:21.200] [modloading-worker-0/INFO] [xyz.apex.forge.commonality.Mods.CommonalityMod/]: Running Minecraft '1.19.2', & Forge '43.4.2' on Java '17.0.14, Ubuntu'
[01Jul2025 20:09:21.202] [modloading-worker-0/INFO] [com.teampotato.redirector.Redirector/]: Redirecting xyz/apex/forge/commonality/trust/TrustState
[01Jul2025 20:09:21.203] [modloading-worker-0/INFO] [TrustedSourceList/]: Loading BlackListed sources from remote... (https://api.stopmodreposts.org/minecraft/sites.txt)
[01Jul2025 20:09:21.204] [modloading-worker-0/INFO] [com.teampotato.redirector.Redirector/]: Redirecting com/blamejared/crafttweaker/api/ingredient/type/IIngredientEmpty
[01Jul2025 20:09:21.208] [modloading-worker-0/INFO] [com.teampotato.redirector.Redirector/]: Redirecting com/blamejared/crafttweaker/api/ingredient/type/IIngredientAny
[01Jul2025 20:09:21.236] [modloading-worker-0/INFO] [com.teampotato.redirector.Redirector/]: Redirecting net/minecraft/world/Difficulty
[01Jul2025 20:09:21.239] [modloading-worker-0/INFO] [com.teampotato.redirector.Redirector/]: Redirecting net/minecraft/network/chat/ClickEvent$Action
[01Jul2025 20:09:21.253] [modloading-worker-0/INFO] [com.teampotato.redirector.Redirector/]: Redirecting net/mehvahdjukaar/fastpaintings/DropMode
[01Jul2025 20:09:21.259] [modloading-worker-0/INFO] [com.teampotato.redirector.Redirector/]: Redirecting net/mehvahdjukaar/moonlight/api/platform/RegHelper$VariantType
[01Jul2025 20:09:21.261] [modloading-worker-0/INFO] [com.teampotato.redirector.Redirector/]: Redirecting net/minecraft/world/level/saveddata/maps/MapDecoration$Type
[01Jul2025 20:09:21.268] [modloading-worker-0/INFO] [com.teampotato.redirector.Redirector/]: Redirecting net/mehvahdjukaar/moonlight/api/platform/PlatformHelper$Env
[01Jul2025 20:09:21.271] [modloading-worker-0/INFO] [com.teampotato.redirector.Redirector/]: Redirecting com/blamejared/crafttweaker/api/loot/LootManager
[01Jul2025 20:09:21.272] [modloading-worker-0/INFO] [com.teampotato.redirector.Redirector/]: Redirecting com/blamejared/crafttweaker/api/loot/table/LootTableManager
[01Jul2025 20:09:21.274] [modloading-worker-0/INFO] [com.teampotato.redirector.Redirector/]: Redirecting com/blamejared/crafttweaker/api/loot/modifier/LootModifierManager
[01Jul2025 20:09:21.274] [modloading-worker-0/INFO] [com.teampotato.redirector.Redirector/]: Redirecting net/mehvahdjukaar/moonlight/api/platform/network/NetworkDir
[01Jul2025 20:09:21.276] [modloading-worker-0/INFO] [com.teampotato.redirector.Redirector/]: Redirecting net/mehvahdjukaar/moonlight/api/platform/configs/ConfigType
[01Jul2025 20:09:21.279] [modloading-worker-0/INFO] [com.teampotato.redirector.Redirector/]: Redirecting com/blamejared/crafttweaker/api/recipe/manager/FurnaceRecipeManager
[01Jul2025 20:09:21.286] [modloading-worker-0/INFO] [com.teampotato.redirector.Redirector/]: Redirecting com/blamejared/crafttweaker/api/recipe/manager/StoneCutterManager
[01Jul2025 20:09:21.288] [modloading-worker-0/INFO] [com.teampotato.redirector.Redirector/]: Redirecting com/blamejared/crafttweaker/api/recipe/manager/BlastFurnaceRecipeManager
[01Jul2025 20:09:21.289] [modloading-worker-0/INFO] [com.teampotato.redirector.Redirector/]: Redirecting com/blamejared/crafttweaker/api/recipe/manager/CraftingTableRecipeManager
[01Jul2025 20:09:21.293] [modloading-worker-0/INFO] [com.teampotato.redirector.Redirector/]: Redirecting com/blamejared/crafttweaker/api/recipe/manager/SmithingRecipeManager
[01Jul2025 20:09:21.294] [modloading-worker-0/INFO] [com.teampotato.redirector.Redirector/]: Redirecting com/blamejared/crafttweaker/api/recipe/manager/GenericRecipesManager
[01Jul2025 20:09:21.295] [modloading-worker-0/INFO] [com.teampotato.redirector.Redirector/]: Redirecting com/blamejared/crafttweaker/api/recipe/manager/CampFireRecipeManager
[01Jul2025 20:09:21.298] [modloading-worker-0/INFO] [com.teampotato.redirector.Redirector/]: Redirecting com/blamejared/crafttweaker/api/recipe/manager/SmokerRecipeManager
[01Jul2025 20:09:21.300] [modloading-worker-0/INFO] [Calio/]: Calio 1.19.2-1.7.0.4 initializing...
[01Jul2025 20:09:21.303] [modloading-worker-0/INFO] [com.teampotato.redirector.Redirector/]: Redirecting com/blamejared/crafttweaker/api/recipe/MirrorAxis
[01Jul2025 20:09:21.322] [modloading-worker-0/INFO] [com.teampotato.redirector.Redirector/]: Redirecting net/minecraft/world/inventory/RecipeBookType
[01Jul2025 20:09:21.337] [modloading-worker-0/INFO] [com.teampotato.redirector.Redirector/]: Redirecting com/mojang/math/OctahedralGroup
[01Jul2025 20:09:21.354] [modloading-worker-0/INFO] [com.teampotato.redirector.Redirector/]: Redirecting net/minecraft/world/phys/HitResult$Type
[01Jul2025 20:09:21.554] [modloading-worker-0/INFO] [com.teampotato.redirector.Redirector/]: Redirecting net/minecraft/advancements/FrameType
[01Jul2025 20:09:21.555] [modloading-worker-0/INFO] [com.teampotato.redirector.Redirector/]: Redirecting net/minecraft/world/entity/SpawnPlacements$Type
[01Jul2025 20:09:21.557] [modloading-worker-0/INFO] [com.teampotato.redirector.Redirector/]: Redirecting net/minecraftforge/fluids/capability/IFluidHandler$FluidAction
[01Jul2025 20:09:21.582] [modloading-worker-0/INFO] [TrustedSourceList/]: Loaded 564 BlackListed sources from remote
[01Jul2025 20:09:21.583] [modloading-worker-0/INFO] [TrustManager/]: Loading mod 'commonality' TrustWorthiness...
[01Jul2025 20:09:21.585] [modloading-worker-0/FATAL] [TrustManager/]: Could not determine mod trust worthiness, Assuming Jar was downloaded from trusted source!
[01Jul2025 20:09:21.586] [modloading-worker-0/INFO] [TrustManager/]: Loaded mod 'commonality' TrustWorthiness: UNKNOWN
[01Jul2025 20:09:21.587] [modloading-worker-0/INFO] [Puzzles Lib/]: Constructing common components for mod puzzleslib
[01Jul2025 20:09:21.620] [modloading-worker-0/INFO] [com.teampotato.redirector.Redirector/]: Redirecting net/minecraftforge/event/level/PistonEvent$PistonMoveType
[01Jul2025 20:09:21.628] [Modding Legacy/blue_skies/Supporters thread/INFO] [ModdingLegacy/blue_skies/Supporter/]: Attempting to load the Modding Legacy supporters list from https://moddinglegacy.com/supporters-changelogs/supporters.txt
[01Jul2025 20:09:21.631] [modloading-worker-0/INFO] [com.teampotato.redirector.Redirector/]: Redirecting com/teammetallurgy/aquaculture/entity/FishType
[01Jul2025 20:09:21.642] [modloading-worker-0/INFO] [com.teampotato.redirector.Redirector/]: Redirecting com/legacy/blue_skies/world/general_features/structures/villages/SkiesVillageBiomes
[01Jul2025 20:09:21.664] [modloading-worker-0/INFO] [com.teampotato.redirector.Redirector/]: Redirecting net/minecraft/world/level/GameType
[01Jul2025 20:09:21.733] [modloading-worker-0/INFO] [com.teampotato.redirector.Redirector/]: Redirecting net/minecraft/world/level/material/MaterialColor$Brightness
[01Jul2025 20:09:21.751] [modloading-worker-0/INFO] [com.teampotato.redirector.Redirector/]: Redirecting com/hidoni/transmog/config/TransmogRenderOption
[01Jul2025 20:09:21.754] [modloading-worker-0/INFO] [com.teampotato.redirector.Redirector/]: Redirecting com/hidoni/transmog/config/TooltipDetailLevel
[01Jul2025 20:09:21.754] [modloading-worker-0/INFO] [com.teampotato.redirector.Redirector/]: Redirecting vectorwing/farmersdelight/client/recipebook/CookingPotRecipeBookTab
[01Jul2025 20:09:21.769] [modloading-worker-0/INFO] [com.teampotato.redirector.Redirector/]: Redirecting com/blamejared/crafttweaker/api/zencode/ZenTypeInfo$TypeKind
[01Jul2025 20:09:21.880] [modloading-worker-0/INFO] [ModernFix/]: Bypassed Mojang DFU
[01Jul2025 20:09:21.881] [modloading-worker-0/INFO] [ModernFix/]: Instantiating Mojang DFU
[01Jul2025 20:09:21.911] [modloading-worker-0/INFO] [com.teampotato.redirector.Redirector/]: Redirecting org/openzen/zenscript/codemodel/OperatorType
[01Jul2025 20:09:21.913] [modloading-worker-0/INFO] [com.teampotato.redirector.Redirector/]: Redirecting org/openzen/zenscript/codemodel/type/BasicTypeID
[01Jul2025 20:09:21.925] [modloading-worker-0/INFO] [com.teampotato.redirector.Redirector/]: Redirecting com/blamejared/crafttweaker/api/data/IData$Type
[01Jul2025 20:09:21.928] [modloading-worker-0/INFO] [com.teampotato.redirector.Redirector/]: Redirecting org/openzen/zencode/java/ZenCodeType$OperatorType
[01Jul2025 20:09:22.055] [modloading-worker-0/INFO] [com.teampotato.redirector.Redirector/]: Redirecting com/blamejared/crafttweaker/api/ingredient/transform/serializer/TransformerReuseSerializer
[01Jul2025 20:09:22.056] [Modding Legacy/blue_skies/Supporters thread/INFO] [com.teampotato.redirector.Redirector/]: Redirecting com/legacy/blue_skies/MLSupporter$Rank
[01Jul2025 20:09:22.058] [Modding Legacy/blue_skies/Supporters thread/INFO] [ModdingLegacy/blue_skies/Supporter/]: Successfully loaded the Modding Legacy supporters list.
[01Jul2025 20:09:22.076] [modloading-worker-0/INFO] [com.teampotato.redirector.Redirector/]: Redirecting net/minecraft/world/level/pathfinder/BlockPathTypes
[01Jul2025 20:09:22.143] [modloading-worker-0/INFO] [com.teampotato.redirector.Redirector/]: Redirecting com/aetherteam/aether/recipe/AetherBookCategory
[01Jul2025 20:09:22.170] [modloading-worker-0/INFO] [com.teampotato.redirector.Redirector/]: Redirecting dev/latvian/mods/kubejs/script/ScriptType
[01Jul2025 20:09:22.179] [modloading-worker-0/INFO] [com.teampotato.redirector.Redirector/]: Redirecting teamrazor/deepaether/entity/quail/QuailVariants
[01Jul2025 20:09:22.193] [modloading-worker-0/INFO] [com.teampotato.redirector.Redirector/]: Redirecting terrablender/api/SurfaceRuleManager$RuleCategory
[01Jul2025 20:09:22.215] [modloading-worker-0/INFO] [com.teampotato.redirector.Redirector/]: Redirecting net/p3pp3rf1y/sophisticatedcore/client/gui/SortButtonsPosition
[01Jul2025 20:09:22.254] [modloading-worker-0/INFO] [insane96mcp.insanelib.InsaneLib/]: Found (COMMON) InsaneLib Feature class insane96mcp.insanelib.module.base.feature.TagsFeature
[01Jul2025 20:09:22.261] [modloading-worker-0/INFO] [insane96mcp.insanelib.InsaneLib/]: Found (COMMON) InsaneLib Feature class insane96mcp.insanelib.module.base.feature.FixFeature
[01Jul2025 20:09:22.264] [modloading-worker-0/INFO] [insane96mcp.insanelib.InsaneLib/]: Found (COMMON) InsaneLib Feature class insane96mcp.insanelib.module.base.feature.AEC3DFeature
[01Jul2025 20:09:22.372] [modloading-worker-0/INFO] [com.teampotato.redirector.Redirector/]: Redirecting net/darkhax/bookshelf/api/PhysicalSide
[01Jul2025 20:09:22.376] [modloading-worker-0/INFO] [Bookshelf/]: Fixing MC-151457. Crafting remainder for minecraft:pufferfish_bucket is now minecraft:bucket.
[01Jul2025 20:09:22.376] [modloading-worker-0/INFO] [Bookshelf/]: Fixing MC-151457. Crafting remainder for minecraft:salmon_bucket is now minecraft:bucket.
[01Jul2025 20:09:22.376] [modloading-worker-0/INFO] [Bookshelf/]: Fixing MC-151457. Crafting remainder for minecraft:cod_bucket is now minecraft:bucket.
[01Jul2025 20:09:22.376] [modloading-worker-0/INFO] [Bookshelf/]: Fixing MC-151457. Crafting remainder for minecraft:tropical_fish_bucket is now minecraft:bucket.
[01Jul2025 20:09:22.376] [modloading-worker-0/INFO] [Bookshelf/]: Fixing MC-151457. Crafting remainder for minecraft:axolotl_bucket is now minecraft:bucket.
[01Jul2025 20:09:22.377] [modloading-worker-0/INFO] [Bookshelf/]: Fixing MC-151457. Crafting remainder for minecraft:powder_snow_bucket is now minecraft:bucket.
[01Jul2025 20:09:22.377] [modloading-worker-0/INFO] [Bookshelf/]: Fixing MC-151457. Crafting remainder for minecraft:tadpole_bucket is now minecraft:bucket.
[01Jul2025 20:09:22.401] [modloading-worker-0/INFO] [net.minecraftforge.coremod.CoreMod.apotheosis/COREMODLOG]: Replaced 1 calls to Enchantment#getMaxLevel() in net/minecraft/world/entity/npc/VillagerTrades$EnchantBookForEmeralds
[01Jul2025 20:09:22.401] [modloading-worker-0/INFO] [net.minecraftforge.coremod.CoreMod.apotheosis/COREMODLOG]: Replaced 1 calls to Enchantment#isTreasureOnly() in net/minecraft/world/entity/npc/VillagerTrades$EnchantBookForEmeralds
[01Jul2025 20:09:22.401] [modloading-worker-0/INFO] [net.minecraftforge.coremod.CoreMod.apotheosis/COREMODLOG]: Replaced 1 calls to Enchantment#isTradeable() in net/minecraft/world/entity/npc/VillagerTrades$EnchantBookForEmeralds
[01Jul2025 20:09:22.446] [modloading-worker-0/INFO] [com.teampotato.redirector.Redirector/]: Redirecting com/blamejared/crafttweaker/impl/network/message/ClientMessages
[01Jul2025 20:09:22.530] [modloading-worker-0/INFO] [com.teampotato.redirector.Redirector/]: Redirecting net/p3pp3rf1y/sophisticatedcore/upgrades/feeding/HungerLevel
[01Jul2025 20:09:22.547] [modloading-worker-0/INFO] [com.teampotato.redirector.Redirector/]: Redirecting net/p3pp3rf1y/sophisticatedbackpacks/upgrades/refill/RefillUpgradeWrapper$TargetSlot
[01Jul2025 20:09:22.572] [modloading-worker-0/INFO] [com.teampotato.redirector.Redirector/]: Redirecting net/p3pp3rf1y/sophisticatedbackpacks/upgrades/inception/InventoryOrder
[01Jul2025 20:09:22.587] [modloading-worker-0/INFO] [com.teampotato.redirector.Redirector/]: Redirecting net/p3pp3rf1y/sophisticatedbackpacks/upgrades/toolswapper/ToolSwapMode
[01Jul2025 20:09:22.616] [modloading-worker-0/INFO] [com.teampotato.redirector.Redirector/]: Redirecting net/p3pp3rf1y/sophisticatedcore/upgrades/xppump/AutomationDirection
[01Jul2025 20:09:22.737] [modloading-worker-0/INFO] [insane96mcp.insanelib.InsaneLib/]: Found (COMMON) InsaneLib Feature class insane96mcp.progressivebosses.module.wither.feature.RewardFeature
[01Jul2025 20:09:22.739] [modloading-worker-0/INFO] [insane96mcp.insanelib.InsaneLib/]: Found (COMMON) InsaneLib Feature class insane96mcp.progressivebosses.module.wither.feature.ResistancesFeature
[01Jul2025 20:09:22.742] [modloading-worker-0/INFO] [insane96mcp.insanelib.InsaneLib/]: Found (COMMON) InsaneLib Feature class insane96mcp.progressivebosses.module.wither.feature.MiscFeature
[01Jul2025 20:09:22.748] [modloading-worker-0/INFO] [insane96mcp.insanelib.InsaneLib/]: Found (COMMON) InsaneLib Feature class insane96mcp.progressivebosses.module.wither.feature.MinionFeature
[01Jul2025 20:09:22.757] [modloading-worker-0/INFO] [insane96mcp.insanelib.InsaneLib/]: Found (COMMON) InsaneLib Feature class insane96mcp.progressivebosses.module.wither.feature.HealthFeature
[01Jul2025 20:09:22.760] [modloading-worker-0/INFO] [insane96mcp.insanelib.InsaneLib/]: Found (COMMON) InsaneLib Feature class insane96mcp.progressivebosses.module.wither.feature.DifficultyFeature
[01Jul2025 20:09:22.762] [modloading-worker-0/INFO] [com.teampotato.redirector.Redirector/]: Redirecting insane96mcp/insanelib/util/IdTagMatcher$Type
[01Jul2025 20:09:22.772] [modloading-worker-0/INFO] [insane96mcp.insanelib.InsaneLib/]: Found (COMMON) InsaneLib Feature class insane96mcp.progressivebosses.module.wither.feature.AttackFeature
[01Jul2025 20:09:22.774] [modloading-worker-0/INFO] [net.minecraft.util.datafix.DataFixers/]: Building unoptimized datafixer
[01Jul2025 20:09:22.784] [modloading-worker-0/INFO] [insane96mcp.insanelib.InsaneLib/]: Found (COMMON) InsaneLib Feature class insane96mcp.progressivebosses.module.elderguardian.feature.RewardFeature
[01Jul2025 20:09:22.786] [modloading-worker-0/INFO] [insane96mcp.insanelib.InsaneLib/]: Found (COMMON) InsaneLib Feature class insane96mcp.progressivebosses.module.elderguardian.feature.ResistancesFeature
[01Jul2025 20:09:22.789] [modloading-worker-0/INFO] [insane96mcp.insanelib.InsaneLib/]: Found (COMMON) InsaneLib Feature class insane96mcp.progressivebosses.module.elderguardian.feature.MinionFeature
[01Jul2025 20:09:22.793] [modloading-worker-0/INFO] [insane96mcp.insanelib.InsaneLib/]: Found (COMMON) InsaneLib Feature class insane96mcp.progressivebosses.module.elderguardian.feature.HealthFeature
[01Jul2025 20:09:22.796] [modloading-worker-0/INFO] [insane96mcp.insanelib.InsaneLib/]: Found (COMMON) InsaneLib Feature class insane96mcp.progressivebosses.module.elderguardian.feature.BaseFeature
[01Jul2025 20:09:22.801] [modloading-worker-0/INFO] [insane96mcp.insanelib.InsaneLib/]: Found (COMMON) InsaneLib Feature class insane96mcp.progressivebosses.module.elderguardian.feature.AttackFeature
[01Jul2025 20:09:22.803] [modloading-worker-0/INFO] [insane96mcp.insanelib.InsaneLib/]: Found (COMMON) InsaneLib Feature class insane96mcp.progressivebosses.module.dragon.feature.RewardFeature
[01Jul2025 20:09:22.804] [modloading-worker-0/INFO] [de.keksuccino.melody.Melody/]: [MELODY] Disabling Melody since it's loaded server-side.
[01Jul2025 20:09:22.806] [modloading-worker-0/INFO] [com.teampotato.redirector.Redirector/]: Redirecting it/hurts/sskirillss/relics/items/relics/base/data/cast/AbilityCastType
[01Jul2025 20:09:22.809] [modloading-worker-0/INFO] [com.teampotato.redirector.Redirector/]: Redirecting it/hurts/sskirillss/relics/items/relics/base/data/cast/AbilityCastStage
[01Jul2025 20:09:22.810] [modloading-worker-0/INFO] [com.teampotato.redirector.Redirector/]: Redirecting top/theillusivec4/curios/api/type/capability/ICurio$DropRule
[01Jul2025 20:09:22.811] [modloading-worker-0/INFO] [insane96mcp.insanelib.InsaneLib/]: Found (COMMON) InsaneLib Feature class insane96mcp.progressivebosses.module.dragon.feature.ResistancesFeature
[01Jul2025 20:09:22.842] [modloading-worker-0/WARN] [mixin/]: @Final field f_31201_:Lorg/slf4j/Logger; in progressivebosses.mixins.json:DragonChargePlayerPhaseMixin should be final
[01Jul2025 20:09:22.852] [modloading-worker-0/INFO] [com.teampotato.redirector.Redirector/]: Redirecting net/mehvahdjukaar/dummmmmmy/configs/CommonConfigs$DpsMode
[01Jul2025 20:09:22.853] [modloading-worker-0/INFO] [insane96mcp.insanelib.InsaneLib/]: Found (COMMON) InsaneLib Feature class insane96mcp.progressivebosses.module.dragon.feature.MinionFeature
[01Jul2025 20:09:22.857] [modloading-worker-0/INFO] [insane96mcp.insanelib.InsaneLib/]: Found (COMMON) InsaneLib Feature class insane96mcp.progressivebosses.module.dragon.feature.LarvaFeature
[01Jul2025 20:09:22.861] [modloading-worker-0/INFO] [com.teampotato.redirector.Redirector/]: Redirecting net/mehvahdjukaar/dummmmmmy/configs/ClientConfigs$SkinType
[01Jul2025 20:09:22.867] [modloading-worker-0/INFO] [insane96mcp.insanelib.InsaneLib/]: Found (COMMON) InsaneLib Feature class insane96mcp.progressivebosses.module.dragon.feature.HealthFeature
[01Jul2025 20:09:22.880] [modloading-worker-0/INFO] [de.keksuccino.konkrete.Konkrete/]: [KONKRETE] Successfully initialized!
[01Jul2025 20:09:22.880] [modloading-worker-0/INFO] [de.keksuccino.konkrete.Konkrete/]: [KONKRETE] Server-side libs ready to use!
[01Jul2025 20:09:22.885] [modloading-worker-0/INFO] [insane96mcp.insanelib.InsaneLib/]: Found (COMMON) InsaneLib Feature class insane96mcp.progressivebosses.module.dragon.feature.DifficultyFeature
[01Jul2025 20:09:22.888] [modloading-worker-0/INFO] [insane96mcp.insanelib.InsaneLib/]: Found (COMMON) InsaneLib Feature class insane96mcp.progressivebosses.module.dragon.feature.CrystalFeature
[01Jul2025 20:09:22.902] [modloading-worker-0/INFO] [insane96mcp.insanelib.InsaneLib/]: Found (COMMON) InsaneLib Feature class insane96mcp.progressivebosses.module.dragon.feature.AttackFeature
[01Jul2025 20:09:23.176] [modloading-worker-0/INFO] [com.teampotato.redirector.Redirector/]: Redirecting vazkii/patchouli/common/base/PatchouliConfig$TextOverflowMode
[01Jul2025 20:09:23.469] [modloading-worker-0/INFO] [com.teampotato.redirector.Redirector/]: Redirecting net/minecraft/world/item/FireworkRocketItem$Shape
[01Jul2025 20:09:23.471] [modloading-worker-0/INFO] [com.teampotato.redirector.Redirector/]: Redirecting top/theillusivec4/curios/api/SlotTypePreset
[01Jul2025 20:09:23.559] [modloading-worker-0/INFO] [com.teampotato.redirector.Redirector/]: Redirecting dev/architectury/networking/NetworkManager$Side
[01Jul2025 20:09:23.562] [modloading-worker-0/INFO] [com.teampotato.redirector.Redirector/]: Redirecting dev/architectury/utils/Env
[01Jul2025 20:09:23.569] [modloading-worker-0/INFO] [dev.limonblaze.originsclasses.OriginsClasses/]: Origins:Classes 1.2.1 has initialized. Time for work!
[01Jul2025 20:09:23.573] [modloading-worker-0/INFO] [dev.architectury.networking.forge.NetworkManagerImpl/]: Registering C2S receiver with id architectury:sync_ids
[01Jul2025 20:09:23.576] [modloading-worker-0/INFO] [dev.architectury.networking.forge.NetworkManagerImpl/]: Registering C2S receiver with id ftbultimine:key_pressed
[01Jul2025 20:09:23.579] [modloading-worker-0/INFO] [dev.architectury.networking.forge.NetworkManagerImpl/]: Registering C2S receiver with id ftbultimine:mode_changed
[01Jul2025 20:09:23.580] [modloading-worker-0/INFO] [dev.architectury.networking.forge.NetworkManagerImpl/]: Registering C2S receiver with id ftbultimine:sync_config_to_server
[01Jul2025 20:09:23.581] [modloading-worker-0/INFO] [com.teampotato.redirector.Redirector/]: Redirecting dev/ftb/mods/ftbultimine/net/SyncUltimineTimePacket$TimeType
[01Jul2025 20:09:23.604] [modloading-worker-0/INFO] [com.teampotato.redirector.Redirector/]: Redirecting dev/limonblaze/originsclasses/common/event/ModifyCraftResultEvent$CraftingResultType
[01Jul2025 20:09:23.666] [modloading-worker-0/INFO] [com.teampotato.redirector.Redirector/]: Redirecting com/mojang/math/SymmetricGroup3
[01Jul2025 20:09:23.686] [modloading-worker-0/INFO] [Enigmatic Legacy/INFO]: Constructing mod instance...
[01Jul2025 20:09:23.704] [modloading-worker-0/INFO] [com.teampotato.redirector.Redirector/]: Redirecting com/aizistral/omniconfig/Configuration$SidedConfigType
[01Jul2025 20:09:23.705] [modloading-worker-0/INFO] [com.teampotato.redirector.Redirector/]: Redirecting com/aizistral/omniconfig/Configuration$VersioningPolicy
[01Jul2025 20:09:23.715] [modloading-worker-0/INFO] [com.teampotato.redirector.Redirector/]: Redirecting com/aizistral/omniconfig/Property$Type
[01Jul2025 20:09:24.131] [modloading-worker-0/INFO] [com.teampotato.redirector.Redirector/]: Redirecting com/aizistral/enigmaticlegacy/items/EnigmaticAmulet$AmuletColor
[01Jul2025 20:09:24.142] [modloading-worker-0/INFO] [com.teampotato.redirector.Redirector/]: Redirecting timefall/mcsa/items/armor/ArmorSets
[01Jul2025 20:09:24.176] [modloading-worker-0/INFO] [com.teampotato.redirector.Redirector/]: Redirecting com/aizistral/enigmaticlegacy/api/materials/EnigmaticMaterials
[01Jul2025 20:09:24.179] [modloading-worker-0/INFO] [com.teampotato.redirector.Redirector/]: Redirecting com/aizistral/enigmaticlegacy/api/materials/EnigmaticArmorMaterials
[01Jul2025 20:09:24.241] [modloading-worker-0/INFO] [dev.architectury.networking.forge.NetworkManagerImpl/]: Registering C2S receiver with id ftblibrary:edit_nbt_response
[01Jul2025 20:09:24.278] [modloading-worker-0/INFO] [Enigmatic Legacy/INFO]: Mod instance constructed successfully.
[01Jul2025 20:09:24.293] [modloading-worker-0/INFO] [dev.architectury.networking.forge.NetworkManagerImpl/]: Registering C2S receiver with id ftbteams:open_gui
[01Jul2025 20:09:24.297] [modloading-worker-0/INFO] [dev.architectury.networking.forge.NetworkManagerImpl/]: Registering C2S receiver with id ftbteams:update_settings
[01Jul2025 20:09:24.304] [modloading-worker-0/INFO] [dev.architectury.networking.forge.NetworkManagerImpl/]: Registering C2S receiver with id ftbteams:send_message
[01Jul2025 20:09:24.307] [modloading-worker-0/INFO] [dev.architectury.networking.forge.NetworkManagerImpl/]: Registering C2S receiver with id ftbteams:create_party
[01Jul2025 20:09:24.313] [modloading-worker-0/INFO] [com.teampotato.redirector.Redirector/]: Redirecting dev/ftb/mods/ftbteams/net/PlayerGUIOperationMessage$Operation
[01Jul2025 20:09:24.315] [modloading-worker-0/INFO] [dev.architectury.networking.forge.NetworkManagerImpl/]: Registering C2S receiver with id ftbteams:player_gui_operation
[01Jul2025 20:09:24.331] [modloading-worker-0/INFO] [com.teampotato.redirector.Redirector/]: Redirecting com/builtbroken/ai/improvements/modifier/filters/FilterResult
[01Jul2025 20:09:24.331] [modloading-worker-0/INFO] [com.cupboard.Cupboard/]: Loaded config for: cupboard.json
[01Jul2025 20:09:24.338] [modloading-worker-0/INFO] [com.teampotato.redirector.Redirector/]: Redirecting com/talhanation/smallships/world/entity/ship/Ship$BiomeModifierType
[01Jul2025 20:09:24.429] [modloading-worker-0/INFO] [com.teampotato.redirector.Redirector/]: Redirecting com/jayway/jsonpath/Option
[01Jul2025 20:09:24.440] [modloading-worker-0/INFO] [KubeJS/]: Looking for KubeJS plugins...
[01Jul2025 20:09:24.456] [modloading-worker-0/INFO] [KubeJS/]: Found plugin source kubejs
[01Jul2025 20:09:24.457] [modloading-worker-0/INFO] [com.teampotato.redirector.Redirector/]: Redirecting dev/ftb/mods/ftbquests/integration/RecipeModHelper$Components
[01Jul2025 20:09:24.466] [modloading-worker-0/INFO] [KubeJS/]: Loaded common.properties
[01Jul2025 20:09:24.474] [modloading-worker-0/INFO] [dev.architectury.networking.forge.NetworkManagerImpl/]: Registering C2S receiver with id itemfilters:main/14e7fa1454283aec8ae811ef844ada28
[01Jul2025 20:09:24.476] [modloading-worker-0/INFO] [dev.architectury.networking.forge.NetworkManagerImpl/]: Registering C2S receiver with id itemfilters:main/8f6a899247753217b9d86ab427a2b279
[01Jul2025 20:09:24.479] [modloading-worker-0/INFO] [com.teampotato.redirector.Redirector/]: Redirecting dev/ftb/mods/ftbquests/quest/task/ObservationTask$ObserveType
[01Jul2025 20:09:24.487] [modloading-worker-0/INFO] [KubeJS/]: Loaded dev.properties
[01Jul2025 20:09:24.489] [modloading-worker-0/WARN] [KubeJS/]: Plugin dev.latvian.mods.kubejs.forge.BuiltinKubeJSForgeClientPlugin does not load on server side, skipping
[01Jul2025 20:09:24.490] [modloading-worker-0/INFO] [com.teampotato.redirector.Redirector/]: Redirecting com/obscuria/obscureapi/client/renderer/PatreonLayer$Mode
[01Jul2025 20:09:24.492] [modloading-worker-0/ERROR] [net.minecraftforge.eventbus.EventSubclassTransformer/EVENTBUS]: Could not find parent net/minecraft/client/renderer/entity/layers/RenderLayer for class com/obscuria/obscureapi/client/renderer/PatreonLayer in classloader cpw.mods.modlauncher.TransformingClassLoader@111fe921 on thread Thread[modloading-worker-0,5,main]
[01Jul2025 20:09:24.492] [modloading-worker-0/ERROR] [net.minecraftforge.eventbus.EventSubclassTransformer/EVENTBUS]: An error occurred building event handler
java.lang.ClassNotFoundException: net.minecraft.client.renderer.entity.layers.RenderLayer
	at cpw.mods.cl.ModuleClassLoader.loadClass(ModuleClassLoader.java:141) ~[securejarhandler-2.1.4.jar:?]
	at java.lang.ClassLoader.loadClass(ClassLoader.java:525) ~[?:?]
	at net.minecraftforge.eventbus.EventSubclassTransformer.buildEvents(EventSubclassTransformer.java:92) ~[eventbus-6.0.3.jar%2351!/:?]
	at net.minecraftforge.eventbus.EventSubclassTransformer.transform(EventSubclassTransformer.java:44) ~[eventbus-6.0.3.jar%2351!/:?]
	at net.minecraftforge.eventbus.EventBusEngine.processClass(EventBusEngine.java:26) ~[eventbus-6.0.3.jar%2351!/:?]
	at net.minecraftforge.eventbus.service.ModLauncherService.processClassWithFlags(ModLauncherService.java:32) ~[eventbus-6.0.3.jar%2351!/:6.0.3+6.0.3+master.039e4ea9]
	at cpw.mods.modlauncher.LaunchPluginHandler.offerClassNodeToPlugins(LaunchPluginHandler.java:88) ~[modlauncher-10.0.8.jar%2354!/:?]
	at cpw.mods.modlauncher.ClassTransformer.transform(ClassTransformer.java:120) ~[modlauncher-10.0.8.jar%2354!/:?]
	at cpw.mods.modlauncher.TransformingClassLoader.maybeTransformClassBytes(TransformingClassLoader.java:50) ~[modlauncher-10.0.8.jar%2354!/:?]
	at cpw.mods.cl.ModuleClassLoader.readerToClass(ModuleClassLoader.java:113) ~[securejarhandler-2.1.4.jar:?]
	at cpw.mods.cl.ModuleClassLoader.lambda$findClass$15(ModuleClassLoader.java:219) ~[securejarhandler-2.1.4.jar:?]
	at cpw.mods.cl.ModuleClassLoader.loadFromModule(ModuleClassLoader.java:229) ~[securejarhandler-2.1.4.jar:?]
	at cpw.mods.cl.ModuleClassLoader.findClass(ModuleClassLoader.java:219) ~[securejarhandler-2.1.4.jar:?]
	at cpw.mods.cl.ModuleClassLoader.loadClass(ModuleClassLoader.java:135) ~[securejarhandler-2.1.4.jar:?]
	at java.lang.ClassLoader.loadClass(ClassLoader.java:525) ~[?:?]
	at java.lang.ClassLoader.defineClass0(Native Method) ~[?:?]
	at java.lang.System$2.defineClass(System.java:2324) ~[?:?]
	at java.lang.invoke.MethodHandles$Lookup$ClassDefiner.defineClass(MethodHandles.java:2439) ~[?:?]
	at java.lang.invoke.MethodHandles$Lookup$ClassDefiner.defineClassAsLookup(MethodHandles.java:2420) ~[?:?]
	at java.lang.invoke.MethodHandles$Lookup.defineHiddenClass(MethodHandles.java:2127) ~[?:?]
	at java.lang.invoke.InnerClassLambdaMetafactory.generateInnerClass(InnerClassLambdaMetafactory.java:407) ~[?:?]
	at java.lang.invoke.InnerClassLambdaMetafactory.spinInnerClass(InnerClassLambdaMetafactory.java:315) ~[?:?]
	at java.lang.invoke.InnerClassLambdaMetafactory.buildCallSite(InnerClassLambdaMetafactory.java:228) ~[?:?]
	at java.lang.invoke.LambdaMetafactory.metafactory(LambdaMetafactory.java:341) ~[?:?]
	at java.lang.invoke.BootstrapMethodInvoker.invoke(BootstrapMethodInvoker.java:134) ~[?:?]
	at java.lang.invoke.CallSite.makeSite(CallSite.java:315) ~[?:?]
	at java.lang.invoke.MethodHandleNatives.linkCallSiteImpl(MethodHandleNatives.java:281) ~[?:?]
	at java.lang.invoke.MethodHandleNatives.linkCallSite(MethodHandleNatives.java:271) ~[?:?]
	at com.obscuria.obscureapi.client.renderer.PatreonLayer$Mode.<clinit>(PatreonLayer.java:55) ~[obscure_api-15.jar%23486!/:15]
	at com.obscuria.obscureapi.ObscureAPIConfig$Client.<clinit>(ObscureAPIConfig.java:26) ~[obscure_api-15.jar%23486!/:15]
	at com.obscuria.obscureapi.ObscureAPIConfig.register(ObscureAPIConfig.java:42) ~[obscure_api-15.jar%23486!/:15]
	at com.obscuria.obscureapi.ObscureAPI.<init>(ObscureAPI.java:68) ~[obscure_api-15.jar%23486!/:15]
	at jdk.internal.reflect.NativeConstructorAccessorImpl.newInstance0(Native Method) ~[?:?]
	at jdk.internal.reflect.NativeConstructorAccessorImpl.newInstance(NativeConstructorAccessorImpl.java:77) ~[?:?]
	at jdk.internal.reflect.DelegatingConstructorAccessorImpl.newInstance(DelegatingConstructorAccessorImpl.java:45) ~[?:?]
	at java.lang.reflect.Constructor.newInstanceWithCaller(Constructor.java:500) ~[?:?]
	at java.lang.reflect.Constructor.newInstance(Constructor.java:481) ~[?:?]
	at net.minecraftforge.fml.javafmlmod.FMLModContainer.constructMod(FMLModContainer.java:70) ~[javafmllanguage-1.19.2-43.4.2.jar%23567!/:?]
	at net.minecraftforge.fml.ModContainer.lambda$buildTransitionHandler$4(ModContainer.java:122) ~[fmlcore-1.19.2-43.4.2.jar%23566!/:?]
	at java.util.concurrent.CompletableFuture$AsyncRun.run(CompletableFuture.java:1804) [?:?]
	at java.util.concurrent.CompletableFuture$AsyncRun.exec(CompletableFuture.java:1796) [?:?]
	at java.util.concurrent.ForkJoinTask.doExec(ForkJoinTask.java:373) [?:?]
	at java.util.concurrent.ForkJoinPool$WorkQueue.topLevelExec(ForkJoinPool.java:1182) [?:?]
	at java.util.concurrent.ForkJoinPool.scan(ForkJoinPool.java:1655) [?:?]
	at java.util.concurrent.ForkJoinPool.runWorker(ForkJoinPool.java:1622) [?:?]
	at java.util.concurrent.ForkJoinWorkerThread.run(ForkJoinWorkerThread.java:165) [?:?]
[01Jul2025 20:09:24.494] [modloading-worker-0/ERROR] [net.minecraftforge.fml.loading.RuntimeDistCleaner/DISTXFORM]: Attempted to load class com/obscuria/obscureapi/client/renderer/PatreonLayer for invalid dist DEDICATED_SERVER
[01Jul2025 20:09:24.524] [modloading-worker-0/INFO] [dev.architectury.networking.forge.NetworkManagerImpl/]: Registering C2S receiver with id ftbquests:submit_task
[01Jul2025 20:09:24.524] [modloading-worker-0/INFO] [dev.architectury.networking.forge.NetworkManagerImpl/]: Registering C2S receiver with id ftbquests:claim_reward
[01Jul2025 20:09:24.528] [modloading-worker-0/INFO] [dev.architectury.networking.forge.NetworkManagerImpl/]: Registering C2S receiver with id ftbquests:get_emergency_items
[01Jul2025 20:09:24.529] [modloading-worker-0/INFO] [dev.architectury.networking.forge.NetworkManagerImpl/]: Registering C2S receiver with id ftbquests:claim_all_rewards
[01Jul2025 20:09:24.530] [modloading-worker-0/INFO] [dev.architectury.networking.forge.NetworkManagerImpl/]: Registering C2S receiver with id ftbquests:claim_choice_reward
[01Jul2025 20:09:24.531] [modloading-worker-0/INFO] [dev.architectury.networking.forge.NetworkManagerImpl/]: Registering C2S receiver with id ftbquests:toggle_pinned
[01Jul2025 20:09:24.536] [modloading-worker-0/INFO] [dev.architectury.networking.forge.NetworkManagerImpl/]: Registering C2S receiver with id ftbquests:toggle_chapter_pinned
[01Jul2025 20:09:24.540] [modloading-worker-0/INFO] [dev.architectury.networking.forge.NetworkManagerImpl/]: Registering C2S receiver with id ftbquests:toggle_editing_mode
[01Jul2025 20:09:24.540] [modloading-worker-0/INFO] [dev.architectury.networking.forge.NetworkManagerImpl/]: Registering C2S receiver with id ftbquests:force_save
[01Jul2025 20:09:24.542] [modloading-worker-0/INFO] [dev.architectury.networking.forge.NetworkManagerImpl/]: Registering C2S receiver with id ftbquests:set_custom_image
[01Jul2025 20:09:24.549] [modloading-worker-0/INFO] [dev.architectury.networking.forge.NetworkManagerImpl/]: Registering C2S receiver with id ftbquests:task_screen_config_resp
[01Jul2025 20:09:24.551] [modloading-worker-0/INFO] [KubeJS/]: Found plugin source ftbxmodcompat
[01Jul2025 20:09:24.561] [modloading-worker-0/INFO] [dev.architectury.networking.forge.NetworkManagerImpl/]: Registering C2S receiver with id ftbquests:change_progress
[01Jul2025 20:09:24.563] [modloading-worker-0/INFO] [dev.architectury.networking.forge.NetworkManagerImpl/]: Registering C2S receiver with id ftbquests:create_object
[01Jul2025 20:09:24.566] [modloading-worker-0/INFO] [dev.architectury.networking.forge.NetworkManagerImpl/]: Registering C2S receiver with id ftbquests:create_task_at
[01Jul2025 20:09:24.567] [modloading-worker-0/INFO] [dev.architectury.networking.forge.NetworkManagerImpl/]: Registering C2S receiver with id ftbquests:delete_object
[01Jul2025 20:09:24.568] [modloading-worker-0/INFO] [dev.architectury.networking.forge.NetworkManagerImpl/]: Registering C2S receiver with id ftbquests:edit_object
[01Jul2025 20:09:24.570] [modloading-worker-0/INFO] [KubeJS/]: Done in 129.9 ms
[01Jul2025 20:09:24.577] [modloading-worker-0/INFO] [com.teampotato.redirector.Redirector/]: Redirecting com/majruszsaccessories/common/AccessoryHolder$RandomType
[01Jul2025 20:09:24.579] [modloading-worker-0/INFO] [dev.architectury.networking.forge.NetworkManagerImpl/]: Registering C2S receiver with id ftbquests:move_chapter
[01Jul2025 20:09:24.581] [modloading-worker-0/INFO] [dev.architectury.networking.forge.NetworkManagerImpl/]: Registering C2S receiver with id ftbquests:move_quest
[01Jul2025 20:09:24.582] [modloading-worker-0/INFO] [dev.architectury.networking.forge.NetworkManagerImpl/]: Registering C2S receiver with id ftbquests:change_chapter_group
[01Jul2025 20:09:24.583] [modloading-worker-0/INFO] [dev.architectury.networking.forge.NetworkManagerImpl/]: Registering C2S receiver with id ftbquests:move_chapter_group
[01Jul2025 20:09:24.587] [modloading-worker-0/INFO] [dev.architectury.networking.forge.NetworkManagerImpl/]: Registering C2S receiver with id ftbquests:copy_quest
[01Jul2025 20:09:24.591] [modloading-worker-0/INFO] [dev.architectury.networking.forge.NetworkManagerImpl/]: Registering C2S receiver with id ftbquests:copy_chapter_image
[01Jul2025 20:09:24.597] [modloading-worker-0/INFO] [dev.architectury.networking.forge.NetworkManagerImpl/]: Registering C2S receiver with id ftbquests:sync_structures_request
[01Jul2025 20:09:24.674] [modloading-worker-0/INFO] [com.teampotato.redirector.Redirector/]: Redirecting dev/ftb/mods/ftblibrary/config/Tristate
[01Jul2025 20:09:24.684] [modloading-worker-0/INFO] [FTB XMod Compat/]: FTB Quests: Enabled KubeJS integration
[01Jul2025 20:09:24.693] [modloading-worker-0/INFO] [FTB XMod Compat/]: [FTB Chunks] Enabled KubeJS integration
[01Jul2025 20:09:24.726] [modloading-worker-0/INFO] [com.teampotato.redirector.Redirector/]: Redirecting net/blay09/mods/waystones/config/DimensionalWarp
[01Jul2025 20:09:24.729] [modloading-worker-0/INFO] [com.teampotato.redirector.Redirector/]: Redirecting net/blay09/mods/waystones/config/WorldGenStyle
[01Jul2025 20:09:24.730] [modloading-worker-0/INFO] [com.teampotato.redirector.Redirector/]: Redirecting net/blay09/mods/waystones/worldgen/namegen/NameGenerationMode
[01Jul2025 20:09:24.769] [modloading-worker-0/INFO] [Rhino Script Remapper/]: Loading Rhino Minecraft remapper...
[01Jul2025 20:09:24.769] [modloading-worker-0/INFO] [com.teampotato.redirector.Redirector/]: Redirecting dev/latvian/mods/rhino/mod/util/RhinoProperties
[01Jul2025 20:09:24.770] [modloading-worker-0/INFO] [dev.latvian.mods.rhino.mod.util.RhinoProperties/]: Rhino properties loaded.
[01Jul2025 20:09:24.785] [modloading-worker-0/INFO] [Rhino Script Remapper/]: Loading mappings for 1.19.2
[01Jul2025 20:09:24.802] [modloading-worker-0/INFO] [com.teampotato.redirector.Redirector/]: Redirecting lilypuree/decorative_blocks/blocks/types/VanillaWoodTypes
[01Jul2025 20:09:24.810] [modloading-worker-0/INFO] [com.teampotato.redirector.Redirector/]: Redirecting lilypuree/decorative_blocks/blocks/types/WoodDecorativeBlockTypes
[01Jul2025 20:09:24.828] [modloading-worker-0/INFO] [Dungeon Crawl/]: Here we go! Launching Dungeon Crawl 2.3.12...
[01Jul2025 20:09:24.866] [modloading-worker-0/INFO] [com.teampotato.redirector.Redirector/]: Redirecting com/chaosthedude/explorerscompass/client/OverlaySide
[01Jul2025 20:09:24.901] [modloading-worker-0/INFO] [com.teampotato.redirector.Redirector/]: Redirecting com/teamabnormals/blueprint/common/world/storage/tracking/SyncType
[01Jul2025 20:09:24.903] [modloading-worker-0/INFO] [com.teampotato.redirector.Redirector/]: Redirecting com/teamabnormals/blueprint/common/world/storage/tracking/TrackedDataManager
[01Jul2025 20:09:24.911] [modloading-worker-0/INFO] [Rhino Script Remapper/]: Done in 0.142 s
[01Jul2025 20:09:24.967] [modloading-worker-0/INFO] [com.teampotato.redirector.Redirector/]: Redirecting dev/latvian/mods/rhino/TopLevel$Builtins
[01Jul2025 20:09:24.968] [modloading-worker-0/INFO] [com.teampotato.redirector.Redirector/]: Redirecting dev/latvian/mods/rhino/TopLevel$NativeErrors
[01Jul2025 20:09:24.973] [modloading-worker-0/INFO] [com.teampotato.redirector.Redirector/]: Redirecting dev/latvian/mods/rhino/ScriptableObject$SlotAccess
[01Jul2025 20:09:24.992] [modloading-worker-0/INFO] [com.teampotato.redirector.Redirector/]: Redirecting dev/latvian/mods/rhino/MemberType
[01Jul2025 20:09:25.015] [modloading-worker-0/INFO] [com.teampotato.redirector.Redirector/]: Redirecting dev/latvian/mods/rhino/ES6Generator$State
[01Jul2025 20:09:25.033] [modloading-worker-0/INFO] [com.teampotato.redirector.Redirector/]: Redirecting dev/latvian/mods/rhino/NativeCollectionIterator$Type
[01Jul2025 20:09:25.034] [modloading-worker-0/INFO] [dev.architectury.networking.forge.NetworkManagerImpl/]: Registering C2S receiver with id ftbchunks:request_map_data
[01Jul2025 20:09:25.036] [modloading-worker-0/INFO] [dev.architectury.networking.forge.NetworkManagerImpl/]: Registering C2S receiver with id ftbchunks:request_chunk_change
[01Jul2025 20:09:25.040] [modloading-worker-0/INFO] [dev.architectury.networking.forge.NetworkManagerImpl/]: Registering C2S receiver with id ftbchunks:teleport_from_map
[01Jul2025 20:09:25.042] [modloading-worker-0/INFO] [dev.architectury.networking.forge.NetworkManagerImpl/]: Registering C2S receiver with id ftbchunks:sync_tx
[01Jul2025 20:09:25.050] [modloading-worker-0/INFO] [com.teampotato.redirector.Redirector/]: Redirecting dev/ftb/mods/ftblibrary/integration/stages/StageHelper
[01Jul2025 20:09:25.051] [modloading-worker-0/INFO] [FTB Library/]: Setting game stages provider implementation to: KubeJS Stages
[01Jul2025 20:09:25.052] [modloading-worker-0/INFO] [FTB XMod Compat/]: Chose [KubeJS Stages] as the active game stages implementation
[01Jul2025 20:09:25.053] [modloading-worker-0/INFO] [com.teampotato.redirector.Redirector/]: Redirecting dev/ftb/mods/ftblibrary/integration/permissions/PermissionHelper
[01Jul2025 20:09:25.053] [modloading-worker-0/INFO] [dev.architectury.networking.forge.NetworkManagerImpl/]: Registering C2S receiver with id ftbchunks:update_force_load_expiry
[01Jul2025 20:09:25.054] [modloading-worker-0/INFO] [FTB XMod Compat/]: Chose [FALLBACK] as the active permissions implementation
[01Jul2025 20:09:25.054] [modloading-worker-0/INFO] [dev.architectury.networking.forge.NetworkManagerImpl/]: Registering C2S receiver with id ftbchunks:server_config_request
[01Jul2025 20:09:25.059] [modloading-worker-0/INFO] [FTB XMod Compat/]: [FTB Quests] recipe helper provider is [JEI]
[01Jul2025 20:09:25.061] [modloading-worker-0/INFO] [FTB XMod Compat/]: [FTB Chunks] Enabled Waystones integration
[01Jul2025 20:09:25.124] [modloading-worker-0/INFO] [com.teampotato.redirector.Redirector/]: Redirecting net/minecraft/world/level/storage/loot/functions/CopyNameFunction$NameSource
[01Jul2025 20:09:25.195] [modloading-worker-0/ERROR] [net.minecraftforge.fml.loading.RuntimeDistCleaner/DISTXFORM]: Attempted to load class com/mojang/blaze3d/vertex/PoseStack for invalid dist DEDICATED_SERVER
[01Jul2025 20:09:25.261] [modloading-worker-0/INFO] [com.teampotato.redirector.Redirector/]: Redirecting dev/latvian/mods/kubejs/util/RotationAxis
[01Jul2025 20:09:25.369] [modloading-worker-0/INFO] [com.teampotato.redirector.Redirector/]: Redirecting dev/latvian/mods/kubejs/util/JSObjectType
[01Jul2025 20:09:25.369] [modloading-worker-0/INFO] [KubeJS Startup/]: example.js#5: Hello, World! (Loaded startup scripts)
[01Jul2025 20:09:25.371] [modloading-worker-0/INFO] [KubeJS Startup/]: Loaded script startup_scripts:example.js in 0.08 s
[01Jul2025 20:09:25.373] [modloading-worker-0/INFO] [com.teampotato.redirector.Redirector/]: Redirecting dev/latvian/mods/rhino/ast/FunctionNode$Form
[01Jul2025 20:09:25.394] [modloading-worker-0/INFO] [com.teampotato.redirector.Redirector/]: Redirecting daripher/skilltree/skill/bonus/condition/item/PotionCondition$Type
[01Jul2025 20:09:25.436] [modloading-worker-0/INFO] [KubeJS Startup/]: Loaded script startup_scripts:carpgitemmod.js in 0.064 s
[01Jul2025 20:09:25.440] [modloading-worker-0/INFO] [KubeJS Startup/]: Loaded 2/2 KubeJS startup scripts in 0.526 s
[01Jul2025 20:09:25.442] [modloading-worker-0/INFO] [com.teampotato.redirector.Redirector/]: Redirecting daripher/skilltree/compat/apotheosis/ApotheosisCompatibility
[01Jul2025 20:09:25.446] [modloading-worker-0/INFO] [com.teampotato.redirector.Redirector/]: Redirecting dev/latvian/mods/kubejs/event/EventResult$Type
[01Jul2025 20:09:25.458] [modloading-worker-0/INFO] [com.teampotato.redirector.Redirector/]: Redirecting shadows/apotheosis/adventure/affix/AffixType
[01Jul2025 20:09:25.499] [modloading-worker-0/INFO] [com.teampotato.redirector.Redirector/]: Redirecting daripher/skilltree/skill/bonus/player/LootDuplicationBonus$LootType
[01Jul2025 20:09:25.531] [modloading-worker-0/INFO] [dev.architectury.networking.forge.NetworkManagerImpl/]: Registering C2S receiver with id kubejs:send_data_from_client
[01Jul2025 20:09:25.534] [modloading-worker-0/INFO] [dev.architectury.networking.forge.NetworkManagerImpl/]: Registering C2S receiver with id kubejs:first_click
[01Jul2025 20:09:25.603] [modloading-worker-0/INFO] [com.teampotato.redirector.Redirector/]: Redirecting de/maxhenkel/easyvillagers/ClientConfig$CycleTradesButtonLocation
[01Jul2025 20:09:25.648] [modloading-worker-0/OFF] [com.github.dragoni7.dreamland.Dreamland/]: Registered Dreamland Sound Types...
[01Jul2025 20:09:25.694] [modloading-worker-0/INFO] [com.teampotato.redirector.Redirector/]: Redirecting io/redspace/ironsspellbooks/api/spells/SpellRarity
[01Jul2025 20:09:25.788] [modloading-worker-0/OFF] [com.github.dragoni7.dreamland.Dreamland/]: Registered Dreamland Wood Sets
[01Jul2025 20:09:25.832] [modloading-worker-0/INFO] [TrustManager/]: Loading mod 'apexcore' TrustWorthiness...
[01Jul2025 20:09:25.835] [modloading-worker-0/FATAL] [TrustManager/]: Could not determine mod trust worthiness, Assuming Jar was downloaded from trusted source!
[01Jul2025 20:09:25.835] [modloading-worker-0/INFO] [TrustManager/]: Loaded mod 'apexcore' TrustWorthiness: UNKNOWN
[01Jul2025 20:09:25.840] [modloading-worker-0/INFO] [TrustManager/]: Loading mod 'fantasyfurniture' TrustWorthiness...
[01Jul2025 20:09:25.843] [modloading-worker-0/FATAL] [TrustManager/]: Could not determine mod trust worthiness, Assuming Jar was downloaded from trusted source!
[01Jul2025 20:09:25.843] [modloading-worker-0/INFO] [TrustManager/]: Loaded mod 'fantasyfurniture' TrustWorthiness: UNKNOWN
[01Jul2025 20:09:25.997] [modloading-worker-0/INFO] [com.teampotato.redirector.Redirector/]: Redirecting net/valhelsia/valhelsia_core/client/cosmetics/CosmeticsCategory
[01Jul2025 20:09:26.054] [modloading-worker-0/INFO] [com.teampotato.redirector.Redirector/]: Redirecting io/redspace/ironsspellbooks/gui/overlays/ManaBarOverlay$Display
[01Jul2025 20:09:26.057] [modloading-worker-0/INFO] [com.teampotato.redirector.Redirector/]: Redirecting io/redspace/ironsspellbooks/gui/overlays/ManaBarOverlay$Anchor
[01Jul2025 20:09:26.057] [modloading-worker-0/INFO] [com.teampotato.redirector.Redirector/]: Redirecting io/redspace/ironsspellbooks/gui/overlays/SpellBarOverlay$Anchor
[01Jul2025 20:09:26.058] [modloading-worker-0/INFO] [com.teampotato.redirector.Redirector/]: Redirecting io/redspace/ironsspellbooks/gui/overlays/RecastOverlay$Anchor
[01Jul2025 20:09:26.064] [modloading-worker-0/INFO] [Puzzles Lib/]: Constructing common components for mod overflowingbars
[01Jul2025 20:09:26.470] [main/INFO] [com.teampotato.redirector.Redirector/]: Redirecting com/blamejared/crafttweaker/api/ingredient/transform/serializer/TransformReplaceSerializer
[01Jul2025 20:09:26.471] [main/INFO] [com.teampotato.redirector.Redirector/]: Redirecting com/blamejared/crafttweaker/api/ingredient/transform/serializer/TransformDamageSerializer
[01Jul2025 20:09:26.472] [main/INFO] [com.teampotato.redirector.Redirector/]: Redirecting com/blamejared/crafttweaker/api/ingredient/transform/serializer/TransformCustomSerializer
[01Jul2025 20:09:26.473] [main/INFO] [com.teampotato.redirector.Redirector/]: Redirecting com/blamejared/crafttweaker/api/ingredient/condition/serializer/ConditionDamagedSerializer
[01Jul2025 20:09:26.473] [main/INFO] [com.teampotato.redirector.Redirector/]: Redirecting com/blamejared/crafttweaker/api/ingredient/condition/serializer/ConditionAnyDamagedSerializer
[01Jul2025 20:09:26.474] [main/INFO] [com.teampotato.redirector.Redirector/]: Redirecting com/blamejared/crafttweaker/api/ingredient/condition/serializer/ConditionCustomSerializer
[01Jul2025 20:09:26.478] [main/INFO] [com.teampotato.redirector.Redirector/]: Redirecting com/illusivesoulworks/spectrelib/config/SpectreConfig$Type
[01Jul2025 20:09:26.481] [main/INFO] [com.teampotato.redirector.Redirector/]: Redirecting com/illusivesoulworks/spectrelib/config/SpectreConfig$InstanceType
[01Jul2025 20:09:26.496] [main/INFO] [com.teampotato.redirector.Redirector/]: Redirecting com/github/kay9/dragonmounts/habitats/DragonBreathHabitat
[01Jul2025 20:09:26.504] [main/INFO] [com.teampotato.redirector.Redirector/]: Redirecting net/mehvahdjukaar/moonlight/api/fluids/SoftFluid$TintMethod
[01Jul2025 20:09:26.543] [main/INFO] [com.teampotato.redirector.Redirector/]: Redirecting io/github/apace100/origins/origin/Impact
[01Jul2025 20:09:26.735] [main/INFO] [com.teampotato.redirector.Redirector/]: Redirecting com/legacy/structure_gel/api/block/base/IStructureGel$Behavior
[01Jul2025 20:09:26.802] [main/INFO] [com.teampotato.redirector.Redirector/]: Redirecting com/tom/storagemod/block/AbstractStorageTerminalBlock$TerminalPos
[01Jul2025 20:09:27.081] [main/INFO] [com.teampotato.redirector.Redirector/]: Redirecting com/tom/storagemod/block/InventoryProxyBlock$DirectionWithNull
[01Jul2025 20:09:27.085] [main/INFO] [com.teampotato.redirector.Redirector/]: Redirecting com/bobmowzie/mowziesmobs/server/block/GongBlock$GongPart
[01Jul2025 20:09:27.086] [main/INFO] [com.teampotato.redirector.Redirector/]: Redirecting com/bobmowzie/mowziesmobs/server/block/RakedSandBlock$RakedSandShape
[01Jul2025 20:09:27.112] [main/INFO] [com.teampotato.redirector.Redirector/]: Redirecting vectorwing/farmersdelight/common/block/state/CookingPotSupport
[01Jul2025 20:09:27.257] [main/INFO] [com.teampotato.redirector.Redirector/]: Redirecting com/legacy/blue_skies/blocks/natural/BrewberryBushBlock$Type
[01Jul2025 20:09:27.267] [main/INFO] [com.teampotato.redirector.Redirector/]: Redirecting com/legacy/blue_skies/blocks/util/IFluidLoggable$FluidLogging
[01Jul2025 20:09:27.268] [main/INFO] [com.teampotato.redirector.Redirector/]: Redirecting com/legacy/blue_skies/blocks/natural/SkyDripstoneBlock$Section
[01Jul2025 20:09:27.268] [main/INFO] [com.teampotato.redirector.Redirector/]: Redirecting com/legacy/blue_skies/blocks/natural/SkyDripstoneBlock$Type
[01Jul2025 20:09:27.272] [main/INFO] [com.teampotato.redirector.Redirector/]: Redirecting com/legacy/blue_skies/blocks/natural/LargeLilyPadBlock$Corner
[01Jul2025 20:09:27.283] [main/INFO] [com.teampotato.redirector.Redirector/]: Redirecting com/legacy/blue_skies/blocks/natural/FruitLeavesBlock$Growth
[01Jul2025 20:09:27.316] [main/INFO] [com.teampotato.redirector.Redirector/]: Redirecting com/legacy/blue_skies/blocks/construction/SkyPressurePlateBlock$Sensitivity
[01Jul2025 20:09:27.320] [main/INFO] [com.teampotato.redirector.Redirector/]: Redirecting com/legacy/blue_skies/entities/util/SkiesDungeonType
[01Jul2025 20:09:27.343] [main/INFO] [com.teampotato.redirector.Redirector/]: Redirecting com/legacy/blue_skies/blocks/misc/TrophyBlock$Tier
[01Jul2025 20:09:27.564] [main/INFO] [com.teampotato.redirector.Redirector/]: Redirecting com/ninni/twigs/block/enums/TwigsColumnShape
[01Jul2025 20:09:27.774] [main/INFO] [com.teampotato.redirector.Redirector/]: Redirecting twilightforest/enums/FireJetVariant
[01Jul2025 20:09:27.779] [main/INFO] [com.teampotato.redirector.Redirector/]: Redirecting twilightforest/enums/HugeLilypadPiece
[01Jul2025 20:09:27.782] [main/INFO] [com.teampotato.redirector.Redirector/]: Redirecting twilightforest/enums/NagastoneVariant
[01Jul2025 20:09:27.783] [main/INFO] [com.teampotato.redirector.Redirector/]: Redirecting twilightforest/enums/Diagonals
[01Jul2025 20:09:27.789] [main/INFO] [com.teampotato.redirector.Redirector/]: Redirecting twilightforest/enums/BlockLoggingEnum
[01Jul2025 20:09:27.793] [main/INFO] [com.teampotato.redirector.Redirector/]: Redirecting twilightforest/block/AbstractLightableBlock$Lighting
[01Jul2025 20:09:27.802] [main/INFO] [com.teampotato.redirector.Redirector/]: Redirecting twilightforest/enums/TowerDeviceVariant
[01Jul2025 20:09:27.826] [main/INFO] [com.teampotato.redirector.Redirector/]: Redirecting twilightforest/enums/BossVariant
[01Jul2025 20:09:27.827] [main/INFO] [com.teampotato.redirector.Redirector/]: Redirecting twilightforest/enums/BossVariant$TrophyType
[01Jul2025 20:09:27.832] [main/INFO] [com.teampotato.redirector.Redirector/]: Redirecting twilightforest/enums/BanisterShape
[01Jul2025 20:09:27.836] [main/INFO] [com.teampotato.redirector.Redirector/]: Redirecting twilightforest/enums/HollowLogVariants$Horizontal
[01Jul2025 20:09:27.839] [main/INFO] [com.teampotato.redirector.Redirector/]: Redirecting twilightforest/enums/HollowLogVariants$Climbable
[01Jul2025 20:09:27.895] [main/INFO] [com.teampotato.redirector.Redirector/]: Redirecting com/teamremastered/endrem/blocks/ERFrameProperties
[01Jul2025 20:09:27.911] [main/INFO] [com.teampotato.redirector.Redirector/]: Redirecting com/github/L_Ender/cataclysm/blocks/Door_of_Seal_Block$Door_Of_Seal_Part
[01Jul2025 20:09:27.913] [main/INFO] [com.teampotato.redirector.Redirector/]: Redirecting com/github/L_Ender/cataclysm/blocks/Cataclysm_Skull_Block$Types
[01Jul2025 20:09:27.931] [main/INFO] [com.teampotato.redirector.Redirector/]: Redirecting com/hollingsworth/arsnouveau/common/block/ThreePartBlock
[01Jul2025 20:09:27.931] [main/INFO] [com.teampotato.redirector.Redirector/]: Redirecting net/minecraft/world/level/pathfinder/PathComputationType
[01Jul2025 20:09:27.932] [main/INFO] [com.teampotato.redirector.Redirector/]: Redirecting net/minecraft/world/level/block/RenderShape
[01Jul2025 20:09:28.092] [main/INFO] [com.teampotato.redirector.Redirector/]: Redirecting satisfyu/vinery/util/VineryLineConnectingType
[01Jul2025 20:09:28.162] [main/INFO] [com.teampotato.redirector.Redirector/]: Redirecting com/obscuria/aquamirae/common/blocks/OxygeliumBlock$Type
[01Jul2025 20:09:28.187] [main/INFO] [com.teampotato.redirector.Redirector/]: Redirecting lilypuree/decorative_blocks/blocks/state/SupportFaceShape
[01Jul2025 20:09:28.218] [main/INFO] [com.teampotato.redirector.Redirector/]: Redirecting com/cerbon/bosses_of_mass_destruction/block/custom/TripleBlockPart
[01Jul2025 20:09:28.230] [main/INFO] [com.teampotato.redirector.Redirector/]: Redirecting com/teamabnormals/blueprint/common/block/VerticalSlabBlock$VerticalSlabType
[01Jul2025 20:09:28.290] [main/INFO] [com.teampotato.redirector.Redirector/]: Redirecting com/teamabnormals/atmospheric/common/block/state/properties/PassionVineAttachment
[01Jul2025 20:09:28.299] [main/INFO] [com.teampotato.redirector.Redirector/]: Redirecting com/teamabnormals/blueprint/common/block/DirectionalVerticalSlabBlock$VerticalSlabType
[01Jul2025 20:09:28.397] [main/INFO] [com.teampotato.redirector.Redirector/]: Redirecting com/teamabnormals/atmospheric/common/block/state/properties/DragonRootsStage
[01Jul2025 20:09:28.401] [main/INFO] [com.teampotato.redirector.Redirector/]: Redirecting com/jaquadro/minecraft/storagedrawers/block/EnumCompDrawer
[01Jul2025 20:09:28.404] [main/INFO] [com.teampotato.redirector.Redirector/]: Redirecting com/jaquadro/minecraft/storagedrawers/block/EnumKeyType
[01Jul2025 20:09:28.518] [main/INFO] [com.teampotato.redirector.Redirector/]: Redirecting xyz/apex/forge/fantasyfurniture/common/block/decorations/CookieJarBlock$FillStage
[01Jul2025 20:09:28.603] [main/INFO] [com.teampotato.redirector.Redirector/]: Redirecting xyz/apex/forge/fantasyfurniture/common/block/furniture/FloorLightBlock$Part
[01Jul2025 20:09:28.606] [main/INFO] [com.teampotato.redirector.Redirector/]: Redirecting xyz/apex/forge/fantasyfurniture/common/block/furniture/ShelfBlock$Connection
[01Jul2025 20:09:28.607] [main/INFO] [com.teampotato.redirector.Redirector/]: Redirecting xyz/apex/forge/fantasyfurniture/common/block/furniture/SofaBlock$Connection
[01Jul2025 20:09:28.612] [main/INFO] [com.teampotato.redirector.Redirector/]: Redirecting xyz/apex/forge/fantasyfurniture/common/block/furniture/CounterBlock$Connection
[01Jul2025 20:09:28.692] [main/INFO] [com.teampotato.redirector.Redirector/]: Redirecting com/stal111/forbidden_arcanus/common/block/properties/PillarType
[01Jul2025 20:09:28.693] [main/INFO] [com.teampotato.redirector.Redirector/]: Redirecting com/stal111/forbidden_arcanus/common/block/properties/ObeliskPart
[01Jul2025 20:09:28.693] [main/INFO] [com.teampotato.redirector.Redirector/]: Redirecting com/stal111/forbidden_arcanus/common/block/properties/ClibanoCenterType
[01Jul2025 20:09:28.694] [main/INFO] [com.teampotato.redirector.Redirector/]: Redirecting com/stal111/forbidden_arcanus/common/block/properties/ClibanoSideType
[01Jul2025 20:09:28.810] [main/INFO] [com.teampotato.redirector.Redirector/]: Redirecting daripher/skilltree/skill/bonus/multiplier/NoneLivingMultiplier
[01Jul2025 20:09:28.811] [main/INFO] [com.teampotato.redirector.Redirector/]: Redirecting daripher/skilltree/skill/bonus/condition/living/NoneLivingCondition
[01Jul2025 20:09:28.811] [main/INFO] [com.teampotato.redirector.Redirector/]: Redirecting daripher/skilltree/skill/bonus/condition/damage/NoneDamageCondition
[01Jul2025 20:09:28.853] [main/ERROR] [net.minecraftforge.eventbus.EventSubclassTransformer/EVENTBUS]: Could not find parent net/minecraft/client/particle/TextureSheetParticle for class it/hurts/sskirillss/octolib/particle/BasicColoredParticle in classloader cpw.mods.modlauncher.TransformingClassLoader@111fe921 on thread Thread[main,5,main]
[01Jul2025 20:09:28.854] [main/ERROR] [net.minecraftforge.eventbus.EventSubclassTransformer/EVENTBUS]: An error occurred building event handler
java.lang.ClassNotFoundException: net.minecraft.client.particle.TextureSheetParticle
	at cpw.mods.cl.ModuleClassLoader.loadClass(ModuleClassLoader.java:141) ~[securejarhandler-2.1.4.jar:?]
	at java.lang.ClassLoader.loadClass(ClassLoader.java:525) ~[?:?]
	at net.minecraftforge.eventbus.EventSubclassTransformer.buildEvents(EventSubclassTransformer.java:92) ~[eventbus-6.0.3.jar%2351!/:?]
	at net.minecraftforge.eventbus.EventSubclassTransformer.transform(EventSubclassTransformer.java:44) ~[eventbus-6.0.3.jar%2351!/:?]
	at net.minecraftforge.eventbus.EventBusEngine.processClass(EventBusEngine.java:26) ~[eventbus-6.0.3.jar%2351!/:?]
	at net.minecraftforge.eventbus.service.ModLauncherService.processClassWithFlags(ModLauncherService.java:32) ~[eventbus-6.0.3.jar%2351!/:6.0.3+6.0.3+master.039e4ea9]
	at cpw.mods.modlauncher.LaunchPluginHandler.offerClassNodeToPlugins(LaunchPluginHandler.java:88) ~[modlauncher-10.0.8.jar%2354!/:?]
	at cpw.mods.modlauncher.ClassTransformer.transform(ClassTransformer.java:120) ~[modlauncher-10.0.8.jar%2354!/:?]
	at cpw.mods.modlauncher.TransformingClassLoader.maybeTransformClassBytes(TransformingClassLoader.java:50) ~[modlauncher-10.0.8.jar%2354!/:?]
	at cpw.mods.cl.ModuleClassLoader.readerToClass(ModuleClassLoader.java:113) ~[securejarhandler-2.1.4.jar:?]
	at cpw.mods.cl.ModuleClassLoader.lambda$findClass$15(ModuleClassLoader.java:219) ~[securejarhandler-2.1.4.jar:?]
	at cpw.mods.cl.ModuleClassLoader.loadFromModule(ModuleClassLoader.java:229) ~[securejarhandler-2.1.4.jar:?]
	at cpw.mods.cl.ModuleClassLoader.findClass(ModuleClassLoader.java:219) ~[securejarhandler-2.1.4.jar:?]
	at cpw.mods.cl.ModuleClassLoader.loadClass(ModuleClassLoader.java:135) ~[securejarhandler-2.1.4.jar:?]
	at java.lang.ClassLoader.loadClass(ClassLoader.java:525) ~[?:?]
	at java.lang.ClassLoader.defineClass0(Native Method) ~[?:?]
	at java.lang.System$2.defineClass(System.java:2324) ~[?:?]
	at java.lang.invoke.MethodHandles$Lookup$ClassDefiner.defineClass(MethodHandles.java:2439) ~[?:?]
	at java.lang.invoke.MethodHandles$Lookup$ClassDefiner.defineClassAsLookup(MethodHandles.java:2420) ~[?:?]
	at java.lang.invoke.MethodHandles$Lookup.defineHiddenClass(MethodHandles.java:2127) ~[?:?]
	at java.lang.invoke.InnerClassLambdaMetafactory.generateInnerClass(InnerClassLambdaMetafactory.java:407) ~[?:?]
	at java.lang.invoke.InnerClassLambdaMetafactory.spinInnerClass(InnerClassLambdaMetafactory.java:315) ~[?:?]
	at java.lang.invoke.InnerClassLambdaMetafactory.buildCallSite(InnerClassLambdaMetafactory.java:228) ~[?:?]
	at java.lang.invoke.LambdaMetafactory.metafactory(LambdaMetafactory.java:341) ~[?:?]
	at java.lang.invoke.BootstrapMethodInvoker.invoke(BootstrapMethodInvoker.java:134) ~[?:?]
	at java.lang.invoke.CallSite.makeSite(CallSite.java:315) ~[?:?]
	at java.lang.invoke.MethodHandleNatives.linkCallSiteImpl(MethodHandleNatives.java:281) ~[?:?]
	at java.lang.invoke.MethodHandleNatives.linkCallSite(MethodHandleNatives.java:271) ~[?:?]
	at it.hurts.sskirillss.octolib.particle.BasicColoredParticle$Options.<clinit>(BasicColoredParticle.java:270) ~[octolib-1.19.2-0.3.jar%23487!/:1.19.2-0.3]
	at it.hurts.sskirillss.octolib.particle.BasicColoredParticle$Factory$Type.<init>(BasicColoredParticle.java:328) ~[octolib-1.19.2-0.3.jar%23487!/:1.19.2-0.3]
	at net.minecraftforge.registries.DeferredRegister.lambda$addEntries$1(DeferredRegister.java:388) ~[forge-1.19.2-43.4.2-universal.jar%23570!/:?]
	at net.minecraftforge.registries.RegisterEvent.register(RegisterEvent.java:59) ~[forge-1.19.2-43.4.2-universal.jar%23570!/:?]
	at net.minecraftforge.registries.DeferredRegister.addEntries(DeferredRegister.java:388) ~[forge-1.19.2-43.4.2-universal.jar%23570!/:?]
	at net.minecraftforge.registries.DeferredRegister$EventDispatcher.handleEvent(DeferredRegister.java:330) ~[forge-1.19.2-43.4.2-universal.jar%23570!/:?]
	at net.minecraftforge.registries.__EventDispatcher_handleEvent_RegisterEvent.invoke(.dynamic) ~[forge-1.19.2-43.4.2-universal.jar%23570!/:?]
	at net.minecraftforge.eventbus.ASMEventHandler.invoke(ASMEventHandler.java:73) ~[eventbus-6.0.3.jar%2351!/:?]
	at net.minecraftforge.eventbus.EventBus.post(EventBus.java:315) ~[eventbus-6.0.3.jar%2351!/:?]
	at net.minecraftforge.eventbus.EventBus.post(EventBus.java:296) ~[eventbus-6.0.3.jar%2351!/:?]
	at net.minecraftforge.fml.javafmlmod.FMLModContainer.acceptEvent(FMLModContainer.java:114) ~[javafmllanguage-1.19.2-43.4.2.jar%23567!/:?]
	at net.minecraftforge.fml.ModLoader.lambda$postEventWithWrapInModOrder$35(ModLoader.java:315) ~[fmlcore-1.19.2-43.4.2.jar%23566!/:?]
	at java.lang.Iterable.forEach(Iterable.java:75) ~[?:?]
	at net.minecraftforge.fml.ModList.forEachModInOrder(ModList.java:225) ~[fmlcore-1.19.2-43.4.2.jar%23566!/:?]
	at net.minecraftforge.fml.ModLoader.postEventWithWrapInModOrder(ModLoader.java:313) ~[fmlcore-1.19.2-43.4.2.jar%23566!/:?]
	at net.minecraftforge.registries.GameData.postRegisterEvents(GameData.java:341) ~[forge-1.19.2-43.4.2-universal.jar%23570!/:?]
	at net.minecraftforge.common.ForgeStatesProvider.lambda$new$4(ForgeStatesProvider.java:25) ~[forge-1.19.2-43.4.2-universal.jar%23570!/:?]
	at net.minecraftforge.fml.ModLoader.lambda$dispatchAndHandleError$23(ModLoader.java:207) ~[fmlcore-1.19.2-43.4.2.jar%23566!/:?]
	at java.util.Optional.ifPresent(Optional.java:178) ~[?:?]
	at net.minecraftforge.fml.ModLoader.dispatchAndHandleError(ModLoader.java:207) ~[fmlcore-1.19.2-43.4.2.jar%23566!/:?]
	at net.minecraftforge.fml.ModLoader.lambda$gatherAndInitializeMods$14(ModLoader.java:185) ~[fmlcore-1.19.2-43.4.2.jar%23566!/:?]
	at java.lang.Iterable.forEach(Iterable.java:75) ~[?:?]
	at net.minecraftforge.fml.ModLoader.gatherAndInitializeMods(ModLoader.java:185) ~[fmlcore-1.19.2-43.4.2.jar%23566!/:?]
	at net.minecraftforge.server.loading.ServerModLoader.load(ServerModLoader.java:32) ~[forge-1.19.2-43.4.2-universal.jar%23570!/:?]
	at net.minecraft.server.Main.main(Main.java:113) ~[server-1.19.2-20220805.130853-srg.jar%23565!/:?]
	at jdk.internal.reflect.NativeMethodAccessorImpl.invoke0(Native Method) ~[?:?]
	at jdk.internal.reflect.NativeMethodAccessorImpl.invoke(NativeMethodAccessorImpl.java:77) ~[?:?]
	at jdk.internal.reflect.DelegatingMethodAccessorImpl.invoke(DelegatingMethodAccessorImpl.java:43) ~[?:?]
	at java.lang.reflect.Method.invoke(Method.java:569) ~[?:?]
	at net.minecraftforge.fml.loading.targets.CommonServerLaunchHandler.lambda$launchService$0(CommonServerLaunchHandler.java:29) ~[fmlloader-1.19.2-43.4.2.jar%2367!/:?]
	at cpw.mods.modlauncher.LaunchServiceHandlerDecorator.launch(LaunchServiceHandlerDecorator.java:30) [modlauncher-10.0.8.jar%2354!/:?]
	at cpw.mods.modlauncher.LaunchServiceHandler.launch(LaunchServiceHandler.java:53) [modlauncher-10.0.8.jar%2354!/:?]
	at cpw.mods.modlauncher.LaunchServiceHandler.launch(LaunchServiceHandler.java:71) [modlauncher-10.0.8.jar%2354!/:?]
	at cpw.mods.modlauncher.Launcher.run(Launcher.java:106) [modlauncher-10.0.8.jar%2354!/:?]
	at cpw.mods.modlauncher.Launcher.main(Launcher.java:77) [modlauncher-10.0.8.jar%2354!/:?]
	at cpw.mods.modlauncher.BootstrapLaunchConsumer.accept(BootstrapLaunchConsumer.java:26) [modlauncher-10.0.8.jar%2354!/:?]
	at cpw.mods.modlauncher.BootstrapLaunchConsumer.accept(BootstrapLaunchConsumer.java:23) [modlauncher-10.0.8.jar%2354!/:?]
	at cpw.mods.bootstraplauncher.BootstrapLauncher.main(BootstrapLauncher.java:141) [bootstraplauncher-1.1.2.jar:?]
[01Jul2025 20:09:29.147] [main/ERROR] [net.minecraft.Util/]: Adding duplicate key 'ResourceKey[minecraft:worldgen/structure_processor / minecraft:capped]' to registry
[01Jul2025 20:09:29.147] [main/ERROR] [net.minecraft.Util/]: Adding duplicate value 'com.min01.archaeology.init.ArchaeologyStructureProcessorType$$Lambda$24468/0x00007b6a1aebc4b8@cda87b' to registry
[01Jul2025 20:09:29.190] [main/INFO] [com.teampotato.redirector.Redirector/]: Redirecting com/bobmowzie/mowziesmobs/server/entity/umvuthana/MaskType
[01Jul2025 20:09:30.411] [main/INFO] [com.teampotato.redirector.Redirector/]: Redirecting com/legacy/blue_skies/world/general_features/structures/villages/SkiesVillageProfessions
[01Jul2025 20:09:30.483] [main/INFO] [com.teampotato.redirector.Redirector/]: Redirecting com/legacy/blue_skies/registries/SkiesSurfaceRules$CrystalRoughness
[01Jul2025 20:09:30.484] [main/INFO] [com.teampotato.redirector.Redirector/]: Redirecting com/legacy/blue_skies/registries/SkiesSurfaceRules$ReservoirMuddiness
[01Jul2025 20:09:30.492] [main/INFO] [com.teampotato.redirector.Redirector/]: Redirecting dev/limonblaze/oriacs/common/item/OriacsArmorMaterials
[01Jul2025 20:09:30.507] [main/INFO] [com.teampotato.redirector.Redirector/]: Redirecting com/rolfmao/upgradedcore/compat/ExternalMods
[01Jul2025 20:09:30.537] [main/INFO] [com.teampotato.redirector.Redirector/]: Redirecting com/rolfmao/upgradednetherite/utils/enums/ModItemTier
[01Jul2025 20:09:30.541] [main/INFO] [com.teampotato.redirector.Redirector/]: Redirecting com/rolfmao/upgradednetherite/utils/enums/ModArmorMaterial
[01Jul2025 20:09:30.598] [main/INFO] [com.teampotato.redirector.Redirector/]: Redirecting samebutdifferent/ecologics/entity/ModBoat$Type
[01Jul2025 20:09:30.602] [main/INFO] [com.teampotato.redirector.Redirector/]: Redirecting com/rolfmao/upgradednetherite_ultimate/utils/enums/ModItemTier
[01Jul2025 20:09:30.604] [main/INFO] [com.teampotato.redirector.Redirector/]: Redirecting com/rolfmao/upgradednetherite_ultimate/utils/enums/ModArmorMaterial
[01Jul2025 20:09:30.648] [main/INFO] [com.teampotato.redirector.Redirector/]: Redirecting com/legacy/blue_skies/items/util/SkiesItemTier
[01Jul2025 20:09:30.652] [main/INFO] [com.teampotato.redirector.Redirector/]: Redirecting com/legacy/blue_skies/items/util/SkiesArmorMaterial
[01Jul2025 20:09:30.658] [main/INFO] [com.teampotato.redirector.Redirector/]: Redirecting com/aetherteam/aether/item/combat/AetherItemTiers
[01Jul2025 20:09:30.662] [main/INFO] [com.teampotato.redirector.Redirector/]: Redirecting com/aetherteam/aether/item/combat/AetherArmorMaterials
[01Jul2025 20:09:30.676] [main/INFO] [com.teampotato.redirector.Redirector/]: Redirecting teamrazor/deepaether/init/DATiers
[01Jul2025 20:09:30.677] [main/INFO] [com.teampotato.redirector.Redirector/]: Redirecting teamrazor/deepaether/item/gear/DaArmorMaterials
[01Jul2025 20:09:30.680] [main/INFO] [com.teampotato.redirector.Redirector/]: Redirecting teamrazor/deepaether/entity/DABoatEntity$Type
[01Jul2025 20:09:30.696] [main/INFO] [com.teampotato.redirector.Redirector/]: Redirecting shadows/apotheosis/village/fletching/arrows/MiningArrowEntity$Type
[01Jul2025 20:09:30.706] [main/INFO] [com.teampotato.redirector.Redirector/]: Redirecting com/github/alexthe666/alexsmobs/item/ItemEcholocator$EchoType
[01Jul2025 20:09:30.722] [main/INFO] [com.teampotato.redirector.Redirector/]: Redirecting net/p3pp3rf1y/sophisticatedcore/upgrades/filter/Direction
[01Jul2025 20:09:30.741] [main/INFO] [com.teampotato.redirector.Redirector/]: Redirecting com/izofar/bygonenether/item/ModArmorMaterial
[01Jul2025 20:09:30.743] [main/INFO] [com.teampotato.redirector.Redirector/]: Redirecting twilightforest/enums/TwilightArmorMaterial
[01Jul2025 20:09:30.779] [main/INFO] [com.teampotato.redirector.Redirector/]: Redirecting com/github/L_Ender/cataclysm/items/ModItemTier
[01Jul2025 20:09:30.781] [main/INFO] [com.teampotato.redirector.Redirector/]: Redirecting com/github/L_Ender/cataclysm/items/Armortier
[01Jul2025 20:09:30.824] [main/INFO] [com.teampotato.redirector.Redirector/]: Redirecting net/brnbrd/delightful/common/item/DelightfulTiers
[01Jul2025 20:09:30.837] [main/INFO] [com.teampotato.redirector.Redirector/]: Redirecting com/aizistral/enigmaticlegacy/items/RevelationTome$TomeType
[01Jul2025 20:09:30.852] [main/INFO] [com.teampotato.redirector.Redirector/]: Redirecting com/aizistral/enigmaticlegacy/api/items/IAdvancedPotionItem$PotionType
[01Jul2025 20:09:30.864] [main/INFO] [com.teampotato.redirector.Redirector/]: Redirecting net/mindoth/dreadsteel/item/armor/DreadsteelArmor$MaterialDreadsteel
[01Jul2025 20:09:30.865] [main/INFO] [com.teampotato.redirector.Redirector/]: Redirecting net/mindoth/dreadsteel/item/weapon/DreadsteelTier
[01Jul2025 20:09:30.867] [main/INFO] [com.teampotato.redirector.Redirector/]: Redirecting dev/ftb/mods/ftbquests/item/ScreenBlockItem$ScreenSize
[01Jul2025 20:09:30.874] [main/INFO] [com.teampotato.redirector.Redirector/]: Redirecting com/obscuria/obscureapi/api/common/classes/Ability$Cost$Type
[01Jul2025 20:09:30.875] [main/INFO] [com.teampotato.redirector.Redirector/]: Redirecting com/obscuria/obscureapi/api/common/classes/Ability$Style
[01Jul2025 20:09:30.877] [main/INFO] [com.teampotato.redirector.Redirector/]: Redirecting com/obscuria/obscureapi/api/common/classes/Bonus$Type
[01Jul2025 20:09:30.878] [main/INFO] [com.teampotato.redirector.Redirector/]: Redirecting com/obscuria/obscureapi/api/common/classes/Bonus$Operation
[01Jul2025 20:09:30.907] [main/INFO] [com.teampotato.redirector.Redirector/]: Redirecting net/sweenus/simplyswords/item/ModToolMaterial
[01Jul2025 20:09:30.944] [main/INFO] [com.teampotato.redirector.Redirector/]: Redirecting com/jaquadro/minecraft/storagedrawers/item/EnumUpgradeStorage
[01Jul2025 20:09:30.945] [main/INFO] [com.teampotato.redirector.Redirector/]: Redirecting com/jaquadro/minecraft/storagedrawers/item/EnumUpgradeRedstone
[01Jul2025 20:09:30.954] [main/INFO] [com.teampotato.redirector.Redirector/]: Redirecting io/redspace/ironsspellbooks/item/weapons/ExtendedWeaponTiers
[01Jul2025 20:09:30.958] [main/INFO] [com.teampotato.redirector.Redirector/]: Redirecting io/redspace/ironsspellbooks/item/armor/UpgradeTypes
[01Jul2025 20:09:30.961] [main/INFO] [com.teampotato.redirector.Redirector/]: Redirecting io/redspace/ironsspellbooks/item/armor/ExtendedArmorMaterials
[01Jul2025 20:09:30.968] [main/INFO] [com.teampotato.redirector.Redirector/]: Redirecting com/github/dragoni7/dreamland/core/registry/DreamlandArmorMaterials
[01Jul2025 20:09:31.003] [main/INFO] [com.teampotato.redirector.Redirector/]: Redirecting com/stal111/forbidden_arcanus/common/item/ModTiers
[01Jul2025 20:09:31.008] [main/INFO] [com.teampotato.redirector.Redirector/]: Redirecting com/stal111/forbidden_arcanus/common/entity/ModBoat$Type
[01Jul2025 20:09:31.010] [main/INFO] [com.teampotato.redirector.Redirector/]: Redirecting com/stal111/forbidden_arcanus/common/item/ModArmorMaterials
[01Jul2025 20:09:31.298] [main/INFO] [com.teampotato.redirector.Redirector/]: Redirecting com/blamejared/crafttweaker/impl/script/ScriptRecipeType
[01Jul2025 20:09:31.323] [main/INFO] [com.teampotato.redirector.Redirector/]: Redirecting com/legacy/blue_skies/crafting/ToolRecipe$Materials
[01Jul2025 20:09:31.325] [main/INFO] [com.teampotato.redirector.Redirector/]: Redirecting com/legacy/blue_skies/crafting/ToolRecipe$RecipeShapes
[01Jul2025 20:09:31.377] [main/INFO] [com.teampotato.redirector.Redirector/]: Redirecting com/hollingsworth/arsnouveau/api/recipe/SummonRitualRecipe$MobSource
[01Jul2025 20:09:31.403] [main/INFO] [com.teampotato.redirector.Redirector/]: Redirecting net/darkhax/bookshelf/impl/commands/CommandHand$OutputType
[01Jul2025 20:09:31.508] [main/ERROR] [net.minecraft.Util/]: Adding duplicate key 'ResourceKey[minecraft:worldgen/structure_type / bosses_of_mass_destruction:void_blossom]' to registry
[01Jul2025 20:09:31.508] [main/ERROR] [net.minecraft.Util/]: Adding duplicate value 'com.cerbon.bosses_of_mass_destruction.structure.BMDStructures$$Lambda$26727/0x00007b6a1b523308@3edfaf0a' to registry
[01Jul2025 20:09:31.590] [main/INFO] [com.teampotato.redirector.Redirector/]: Redirecting io/github/edwinmindcraft/apoli/common/action/meta/SideConfiguration$Side
[01Jul2025 20:09:31.600] [main/INFO] [com.teampotato.redirector.Redirector/]: Redirecting io/github/apace100/apoli/power/factory/condition/bientity/RelativeRotationCondition$RotationType
[01Jul2025 20:09:31.629] [main/INFO] [com.teampotato.redirector.Redirector/]: Redirecting net/minecraft/world/level/LightLayer
[01Jul2025 20:09:31.634] [main/INFO] [com.teampotato.redirector.Redirector/]: Redirecting io/github/edwinmindcraft/apoli/common/action/configuration/ReferencePoint
[01Jul2025 20:09:31.637] [main/INFO] [com.teampotato.redirector.Redirector/]: Redirecting io/github/apace100/apoli/util/Shape
[01Jul2025 20:09:31.702] [main/INFO] [com.teampotato.redirector.Redirector/]: Redirecting io/github/apace100/apoli/util/InventoryUtil$InventoryType
[01Jul2025 20:09:31.715] [main/INFO] [com.teampotato.redirector.Redirector/]: Redirecting io/github/edwinmindcraft/apoli/common/condition/configuration/EnchantmentConfiguration$Calculation
[01Jul2025 20:09:31.763] [main/INFO] [com.teampotato.redirector.Redirector/]: Redirecting io/github/edwinmindcraft/apoli/api/power/factory/ModifierOperation$Phase
[01Jul2025 20:09:31.796] [main/INFO] [com.teampotato.redirector.Redirector/]: Redirecting io/github/edwinmindcraft/apoli/common/power/InventoryPower$ContainerType
[01Jul2025 20:09:31.814] [main/INFO] [com.teampotato.redirector.Redirector/]: Redirecting io/github/edwinmindcraft/apoli/common/power/configuration/PhasingConfiguration$RenderType
[01Jul2025 20:09:31.838] [main/INFO] [com.teampotato.redirector.Redirector/]: Redirecting io/github/edwinmindcraft/apoli/common/power/configuration/OverlayConfiguration$DrawMode
[01Jul2025 20:09:31.839] [main/INFO] [com.teampotato.redirector.Redirector/]: Redirecting io/github/edwinmindcraft/apoli/common/power/configuration/OverlayConfiguration$DrawPhase
[01Jul2025 20:09:31.845] [main/INFO] [com.teampotato.redirector.Redirector/]: Redirecting io/github/edwinmindcraft/apoli/common/power/ModifyGrindstonePower$ResultType
[01Jul2025 20:09:31.895] [main/INFO] [com.teampotato.redirector.Redirector/]: Redirecting com/telepathicgrunt/repurposedstructures/world/biomemodifiers/AdditionsTemperatureModifier$TEMPERATURE_RANGE
[01Jul2025 20:09:31.990] [main/INFO] [mixin/]: Mixing MixinForgeHooks from enigmaticlegacy.mixins.json into net.minecraftforge.common.ForgeHooks
[01Jul2025 20:09:32.095] [main/INFO] [com.teampotato.redirector.Redirector/]: Redirecting com/izofar/bygonenether/entity/WarpedEnderMan$WarpedEnderManVariant
[01Jul2025 20:09:32.161] [main/INFO] [com.teampotato.redirector.Redirector/]: Redirecting net/minecraftforge/event/entity/SpawnPlacementRegisterEvent$Operation
[01Jul2025 20:09:32.197] [main/INFO] [com.tom.storagemod.StorageMod/]: Loaded Tom's Simple Storage config file toms_storage-common.toml
[01Jul2025 20:09:32.209] [main/INFO] [Puzzles Lib/]: Loading common config for mutantmonsters
[01Jul2025 20:09:32.258] [main/INFO] [com.teampotato.redirector.Redirector/]: Redirecting com/github/alexthe666/citadel/config/biome/BiomeEntryType
[01Jul2025 20:09:32.308] [main/INFO] [com.teampotato.redirector.Redirector/]: Redirecting com/github/L_Ender/lionfishapi/config/biome/BiomeEntryType
[01Jul2025 20:09:32.351] [modloading-worker-0/INFO] [com.teampotato.redirector.Redirector/]: Redirecting shadows/gateways/entity/GatewayEntity$GatewaySize
[01Jul2025 20:09:32.420] [modloading-worker-0/INFO] [com.teampotato.redirector.Redirector/]: Redirecting top/theillusivec4/curios/common/network/server/sync/SPacketSyncStack$HandlerType
[01Jul2025 20:09:32.430] [modloading-worker-0/INFO] [thetadev.constructionwand.ConstructionWand/]: ConstructionWand says hello - may the odds be ever in your favor.
[01Jul2025 20:09:32.449] [modloading-worker-0/INFO] [com.tom.storagemod.StorageMod/]: Tom's Storage Setup starting
[01Jul2025 20:09:32.460] [modloading-worker-0/INFO] [com.tom.storagemod.StorageMod/]: Initilaized Network Handler
[01Jul2025 20:09:32.479] [modloading-worker-0/INFO] [com.teampotato.redirector.Redirector/]: Redirecting mezz/jei/common/network/PacketIdServer
[01Jul2025 20:09:32.490] [modloading-worker-0/INFO] [com.teampotato.redirector.Redirector/]: Redirecting mezz/jei/common/config/GiveMode
[01Jul2025 20:09:32.495] [modloading-worker-0/INFO] [com.teampotato.redirector.Redirector/]: Redirecting com/hypherionmc/craterlib/core/networking/data/PacketSide
[01Jul2025 20:09:32.495] [modloading-worker-0/INFO] [com.teampotato.redirector.Redirector/]: Redirecting com/blamejared/crafttweaker/api/zencode/scriptrun/ScriptRunConfiguration$RunKind
[01Jul2025 20:09:32.497] [modloading-worker-0/INFO] [com.teampotato.redirector.Redirector/]: Redirecting shadows/apotheosis/adventure/boss/BossEvents$BossSpawnRules
[01Jul2025 20:09:32.503] [modloading-worker-0/INFO] [com.teampotato.redirector.Redirector/]: Redirecting com/blamejared/crafttweaker/api/zencode/scriptrun/ScriptDiscoveryConfiguration$SuspiciousNamesBehavior
[01Jul2025 20:09:32.510] [modloading-worker-0/INFO] [necronomicon/]: Necronomicon Initialized
[01Jul2025 20:09:32.521] [modloading-worker-0/INFO] [necronomicon/]: File exists, reading config for elocindev.necronomicon.NecronomiconConfig.
[01Jul2025 20:09:32.523] [modloading-worker-0/INFO] [CorgiLib/]: Initializing network...
[01Jul2025 20:09:32.524] [modloading-worker-0/INFO] [necronomicon/]: Config for elocindev.necronomicon.NecronomiconConfig read successfully.
[01Jul2025 20:09:32.525] [modloading-worker-0/INFO] [com.teampotato.redirector.Redirector/]: Redirecting corgitaco/corgilib/network/Packet$PacketDirection
[01Jul2025 20:09:32.527] [modloading-worker-0/INFO] [CorgiLib/]: Initialized network!
[01Jul2025 20:09:32.532] [modloading-worker-0/INFO] [com.teampotato.redirector.Redirector/]: Redirecting com/blamejared/crafttweaker/impl/script/scriptrun/DecoratedRunKind
[01Jul2025 20:09:32.649] [Forge Version Check/INFO] [net.minecraftforge.fml.VersionChecker/]: [saturn] Starting version check at https://github.com/AbdElAziz333/Saturn/raw/mc1.20.1/dev/updates.json
[01Jul2025 20:09:32.667] [modloading-worker-0/INFO] [com.biomemusic.BiomeMusic/]: biomemusic mod initialized
[01Jul2025 20:09:32.671] [modloading-worker-0/INFO] [com.chunksending.ChunkSending/]: chunksending mod initialized
[01Jul2025 20:09:32.680] [modloading-worker-0/INFO] [com.teampotato.redirector.Redirector/]: Redirecting shadows/apotheosis/adventure/affix/effect/PotionAffix$Target
[01Jul2025 20:09:32.689] [modloading-worker-0/INFO] [com.teampotato.redirector.Redirector/]: Redirecting shadows/apotheosis/adventure/affix/effect/DamageReductionAffix$DamageType
[01Jul2025 20:09:32.695] [modloading-worker-0/INFO] [com.recipeessentials.RecipeEssentials/]: recipeessentials mod initialized
[01Jul2025 20:09:32.707] [modloading-worker-0/INFO] [com.teampotato.redirector.Redirector/]: Redirecting org/openzen/zenscript/lexer/ZSTokenType
[01Jul2025 20:09:32.723] [modloading-worker-0/INFO] [com.connectivity.Connectivity/]: Connectivity initialized
[01Jul2025 20:09:32.768] [modloading-worker-0/INFO] [com.gpumemleakfix.Gpumemleakfix/]: gpumemleakfix mod initialized
[01Jul2025 20:09:32.768] [modloading-worker-0/INFO] [com.structureessentials.StructureEssentials/]: structureessentials mod initialized
[01Jul2025 20:09:32.785] [modloading-worker-0/INFO] [com.teampotato.redirector.Redirector/]: Redirecting com/aetherteam/nitrogen/api/users/User$Tier
[01Jul2025 20:09:32.837] [modloading-worker-0/INFO] [com.lootintegrations.LootintegrationsMod/]: lootintegrations mod initialized
[01Jul2025 20:09:32.837] [modloading-worker-0/INFO] [necronomicon/]: File exists, reading config for elocindev.item_obliterator.forge.config.ConfigEntries.
[01Jul2025 20:09:32.842] [modloading-worker-0/INFO] [necronomicon/]: Config for elocindev.item_obliterator.forge.config.ConfigEntries read successfully.
[01Jul2025 20:09:32.845] [modloading-worker-0/INFO] [elocindev.item_obliterator.forge.ItemObliterator/]: Loaded Item Obliterator Config
[01Jul2025 20:09:32.853] [modloading-worker-0/INFO] [com.teampotato.redirector.Redirector/]: Redirecting it/hurts/sskirillss/relics/network/packets/leveling/PacketRelicTweak$Operation
[01Jul2025 20:09:32.856] [modloading-worker-0/INFO] [com.teampotato.redirector.Redirector/]: Redirecting it/hurts/sskirillss/relics/network/packets/PacketSyncEntityEffects$Action
[01Jul2025 20:09:32.858] [modloading-worker-0/INFO] [com.teampotato.redirector.Redirector/]: Redirecting stdlib/Result$Discriminant
[01Jul2025 20:09:32.883] [modloading-worker-0/INFO] [com.teampotato.redirector.Redirector/]: Redirecting org/openzen/zenscript/parser/type/ParsedTypeBasic
[01Jul2025 20:09:32.906] [modloading-worker-0/INFO] [Enigmatic Legacy/INFO]: Initializing common setup phase...
[01Jul2025 20:09:32.907] [modloading-worker-0/INFO] [Enigmatic Legacy/INFO]: Registering packets...
[01Jul2025 20:09:32.943] [modloading-worker-0/INFO] [com.teampotato.redirector.Redirector/]: Redirecting org/openzen/zenscript/codemodel/CompareType
[01Jul2025 20:09:32.974] [modloading-worker-0/INFO] [Enigmatic Legacy/INFO]: Registering triggers...
[01Jul2025 20:09:32.988] [modloading-worker-0/INFO] [Enigmatic Legacy/INFO]: Registering stats...
[01Jul2025 20:09:32.991] [modloading-worker-0/INFO] [Enigmatic Legacy/INFO]: Common setup phase finished successfully.
[01Jul2025 20:09:32.991] [modloading-worker-0/INFO] [com.teampotato.redirector.Redirector/]: Redirecting org/openzen/zenscript/codemodel/type/member/TypeMemberPriority
[01Jul2025 20:09:33.003] [modloading-worker-0/INFO] [Dungeon Crawl/]: Common Setup
[01Jul2025 20:09:33.014] [modloading-worker-0/INFO] [com.teampotato.redirector.Redirector/]: Redirecting net/minecraft/world/entity/raid/Raid$RaiderType
[01Jul2025 20:09:33.029] [modloading-worker-0/INFO] [com.teampotato.redirector.Redirector/]: Redirecting org/openzen/zenscript/codemodel/type/member/BuiltinID
[01Jul2025 20:09:33.029] [modloading-worker-0/INFO] [com.brutalbosses.BrutalBosses/]: brutalbosses mod initialized
[01Jul2025 20:09:33.042] [modloading-worker-0/INFO] [com.jaquadro.minecraft.storagedrawers.StorageDrawers/]: New compacting rule 4 clay_ball = 1 clay
[01Jul2025 20:09:33.042] [modloading-worker-0/INFO] [com.jaquadro.minecraft.storagedrawers.StorageDrawers/]: New compacting rule 4 snowball = 1 snow_block
[01Jul2025 20:09:33.042] [modloading-worker-0/INFO] [com.jaquadro.minecraft.storagedrawers.StorageDrawers/]: New compacting rule 4 glowstone_dust = 1 glowstone
[01Jul2025 20:09:33.043] [modloading-worker-0/INFO] [com.jaquadro.minecraft.storagedrawers.StorageDrawers/]: New compacting rule 4 brick = 1 bricks
[01Jul2025 20:09:33.043] [modloading-worker-0/INFO] [com.jaquadro.minecraft.storagedrawers.StorageDrawers/]: New compacting rule 4 nether_brick = 1 nether_bricks
[01Jul2025 20:09:33.043] [modloading-worker-0/INFO] [com.jaquadro.minecraft.storagedrawers.StorageDrawers/]: New compacting rule 9 nether_wart = 1 nether_wart_block
[01Jul2025 20:09:33.043] [modloading-worker-0/INFO] [com.jaquadro.minecraft.storagedrawers.StorageDrawers/]: New compacting rule 4 quartz = 1 quartz_block
[01Jul2025 20:09:33.043] [modloading-worker-0/INFO] [com.jaquadro.minecraft.storagedrawers.StorageDrawers/]: New compacting rule 9 melon_slice = 1 melon
[01Jul2025 20:09:33.043] [modloading-worker-0/INFO] [com.jaquadro.minecraft.storagedrawers.StorageDrawers/]: New compacting rule 4 sand = 1 sandstone
[01Jul2025 20:09:33.043] [modloading-worker-0/INFO] [com.jaquadro.minecraft.storagedrawers.StorageDrawers/]: New compacting rule 4 red_sand = 1 red_sandstone
[01Jul2025 20:09:33.045] [modloading-worker-0/INFO] [com.teampotato.redirector.Redirector/]: Redirecting io/redspace/ironsspellbooks/api/spells/CastSource
[01Jul2025 20:09:33.083] [modloading-worker-0/INFO] [com.jaquadro.minecraft.storagedrawers.StorageDrawers/]: New compacting rule 4 clay_ball = 1 clay
[01Jul2025 20:09:33.094] [modloading-worker-0/INFO] [com.teampotato.redirector.Redirector/]: Redirecting io/redspace/ironsspellbooks/network/ClientboundCastErrorMessage$ErrorType
[01Jul2025 20:09:33.110] [modloading-worker-0/INFO] [com.teampotato.redirector.Redirector/]: Redirecting org/openzen/zenscript/codemodel/member/FunctionalKind
[01Jul2025 20:09:33.130] [modloading-worker-0/INFO] [com.teampotato.redirector.Redirector/]: Redirecting org/openzen/zenscript/codemodel/SemanticModule$State
[01Jul2025 20:09:33.144] [modloading-worker-0/INFO] [com.teampotato.redirector.Redirector/]: Redirecting org/openzen/zenscript/validator/visitors/DefinitionMemberContext
[01Jul2025 20:09:33.149] [modloading-worker-0/INFO] [com.teampotato.redirector.Redirector/]: Redirecting org/openzen/zenscript/validator/TypeContext
[01Jul2025 20:09:33.224] [Thread-0/INFO] [ModernFix/]: Please use /mfsrc to reload any changed mod config files
[01Jul2025 20:09:33.258] [modloading-worker-0/INFO] [com.teampotato.redirector.Redirector/]: Redirecting org/openzen/zenscript/javashared/JavaClass$Kind
[01Jul2025 20:09:33.266] [modloading-worker-0/INFO] [com.teampotato.redirector.Redirector/]: Redirecting org/openzen/zencode/java/module/converters/JavaAnnotatedType$ElementType
[01Jul2025 20:09:33.279] [modloading-worker-0/INFO] [com.teampotato.redirector.Redirector/]: Redirecting org/openzen/zenscript/javashared/JavaMethod$Kind
[01Jul2025 20:09:33.338] [Forge Version Check/WARN] [net.minecraftforge.fml.VersionChecker/]: Failed to process update information
com.google.gson.JsonSyntaxException: java.lang.IllegalStateException: Expected BEGIN_OBJECT but was STRING at line 9 column 1 path $
	at com.google.gson.Gson.fromJson(Gson.java:975) ~[gson-2.8.9.jar%2370!/:?]
	at com.google.gson.Gson.fromJson(Gson.java:928) ~[gson-2.8.9.jar%2370!/:?]
	at com.google.gson.Gson.fromJson(Gson.java:877) ~[gson-2.8.9.jar%2370!/:?]
	at com.google.gson.Gson.fromJson(Gson.java:848) ~[gson-2.8.9.jar%2370!/:?]
	at net.minecraftforge.fml.VersionChecker$1.process(VersionChecker.java:183) ~[fmlcore-1.19.2-43.4.2.jar%23566!/:?]
	at java.lang.Iterable.forEach(Iterable.java:75) [?:?]
	at net.minecraftforge.fml.VersionChecker$1.run(VersionChecker.java:114) [fmlcore-1.19.2-43.4.2.jar%23566!/:?]
Caused by: java.lang.IllegalStateException: Expected BEGIN_OBJECT but was STRING at line 9 column 1 path $
	at com.google.gson.stream.JsonReader.beginObject(JsonReader.java:384) ~[gson-2.8.9.jar%2370!/:?]
	at com.google.gson.internal.bind.MapTypeAdapterFactory$Adapter.read(MapTypeAdapterFactory.java:183) ~[gson-2.8.9.jar%2370!/:?]
	at com.google.gson.internal.bind.MapTypeAdapterFactory$Adapter.read(MapTypeAdapterFactory.java:145) ~[gson-2.8.9.jar%2370!/:?]
	at com.google.gson.Gson.fromJson(Gson.java:963) ~[gson-2.8.9.jar%2370!/:?]
	... 6 more
[01Jul2025 20:09:33.339] [Forge Version Check/INFO] [net.minecraftforge.fml.VersionChecker/]: [majruszsdifficulty] Starting version check at https://raw.githubusercontent.com/Majrusz/MinecraftCommon/main/ProgressiveDifficulty/update.json
[01Jul2025 20:09:33.394] [Forge Version Check/INFO] [net.minecraftforge.fml.VersionChecker/]: [majruszsdifficulty] Found status: AHEAD Current: 1.9.9-backport.1 Target: null
[01Jul2025 20:09:33.398] [Forge Version Check/INFO] [net.minecraftforge.fml.VersionChecker/]: [maxhealthfix] Starting version check at https://updates.blamejared.com/get?n=maxhealthfix&gv=1.19.2
[01Jul2025 20:09:33.470] [main/INFO] [ModdingLegacy/StructureGel/]: [structure_gel] Registering data for structure_gel:loot_table_alias
[01Jul2025 20:09:33.502] [main/INFO] [ModdingLegacy/StructureGel/]: [structure_gel] Registering data for structure_gel:data_handler_type
[01Jul2025 20:09:33.504] [main/INFO] [ModdingLegacy/StructureGel/]: [structure_gel] Registering data for structure_gel:dynamic_spawner
[01Jul2025 20:09:33.508] [main/INFO] [ModdingLegacy/StructureGel/]: [structure_gel] Registering data for structure_gel:jigsaw_type
[01Jul2025 20:09:33.595] [main/INFO] [com.teampotato.redirector.Redirector/]: Redirecting terrablender/api/RegionType
[01Jul2025 20:09:33.604] [main/INFO] [terrablender/]: Registered region minecraft:overworld to index 0 for type OVERWORLD
[01Jul2025 20:09:33.604] [main/INFO] [terrablender/]: Registered region minecraft:nether to index 0 for type NETHER
[01Jul2025 20:09:33.604] [main/INFO] [terrablender/]: Registered region aether:the_aether to index 0 for type THE_AETHER
[01Jul2025 20:09:33.604] [main/INFO] [terrablender/]: Registered region deep_aether:deep_aether to index 1 for type THE_AETHER
[01Jul2025 20:09:33.614] [main/INFO] [com.teampotato.redirector.Redirector/]: Redirecting terrablender/api/SurfaceRuleManager$RuleStage
[01Jul2025 20:09:33.691] [main/INFO] [com.teampotato.redirector.Redirector/]: Redirecting com/izofar/takesapillage/world/PillageSiege$State
[01Jul2025 20:09:33.749] [main/INFO] [terrablender/]: Registered region ars_nouveau:overworld to index 1 for type OVERWORLD
[01Jul2025 20:09:33.783] [main/INFO] [com.teampotato.redirector.Redirector/]: Redirecting com/cerbon/bosses_of_mass_destruction/api/multipart_entities/client/PlayerInteractMultipartEntity$InteractionType
[01Jul2025 20:09:33.850] [main/INFO] [moonlight/]: Initialized color sets in 65ms
[01Jul2025 20:09:33.865] [Forge Version Check/INFO] [net.minecraftforge.fml.VersionChecker/]: [maxhealthfix] Found status: BETA Current: 8.0.2 Target: 8.0.2
[01Jul2025 20:09:33.866] [Forge Version Check/INFO] [net.minecraftforge.fml.VersionChecker/]: [corpse] Starting version check at https://update.maxhenkel.de/forge/corpse
[01Jul2025 20:09:33.903] [main/INFO] [moonlight/]: Initialized color sets in 53ms
[01Jul2025 20:09:33.930] [main/INFO] [com.teampotato.redirector.Redirector/]: Redirecting net/minecraft/network/protocol/PacketFlow
[01Jul2025 20:09:33.940] [main/INFO] [terrablender/]: Registered region dreamland:dreamland_region to index 2 for type OVERWORLD
[01Jul2025 20:09:33.974] [modloading-worker-0/INFO] [xaero.minimap.XaeroMinimap/]: Loading Xaero's Minimap - Stage 1/2 (Server)
[01Jul2025 20:09:33.975] [modloading-worker-0/INFO] [xaero.map.server.WorldMapServer/]: Loading Xaero's World Map - Stage 1/2 (Server)
[01Jul2025 20:09:34.000] [main/INFO] [xaero.minimap.XaeroMinimap/]: Loading Xaero's Minimap - Stage 2/2 (Server)
[01Jul2025 20:09:34.001] [main/INFO] [xaero.map.server.WorldMapServer/]: Loading Xaero's World Map - Stage 2/2 (Server)
[01Jul2025 20:09:34.031] [modloading-worker-0/INFO] [Enigmatic Legacy/INFO]: Sending messages to Curios API...
[01Jul2025 20:09:34.081] [modloading-worker-0/INFO] [com.amuzil.omegasource.dragonenchants.DragonEnchants/]: Got IMC []
[01Jul2025 20:09:34.082] [modloading-worker-0/INFO] [io.redspace.ironsspellbooks.IronsSpellbooks/]: Got IMC []
[01Jul2025 20:09:34.131] [modloading-worker-0/INFO] [Enigmatic Legacy/INFO]: Initializing load completion phase...
[01Jul2025 20:09:34.132] [modloading-worker-0/INFO] [Enigmatic Legacy/INFO]: Registering brewing recipes...
[01Jul2025 20:09:34.134] [modloading-worker-0/INFO] [AttributeFix/]: Loaded values for 101 compatible attributes.
[01Jul2025 20:09:34.142] [modloading-worker-0/ERROR] [AttributeFix/]: Attribute ID 'skilltree:attack_speed_per_gem_in_weapon' does not belong to a known attribute. This entry will be ignored.
[01Jul2025 20:09:34.143] [modloading-worker-0/ERROR] [AttributeFix/]: Attribute ID 'skilltree:crafted_necklaces_maximum_life' does not belong to a known attribute. This entry will be ignored.
[01Jul2025 20:09:34.143] [modloading-worker-0/ERROR] [AttributeFix/]: Attribute ID 'skilltree:crafted_quivers_capacity' does not belong to a known attribute. This entry will be ignored.
[01Jul2025 20:09:34.143] [modloading-worker-0/ERROR] [AttributeFix/]: Attribute ID 'skilltree:crit_chance_against_burning' does not belong to a known attribute. This entry will be ignored.
[01Jul2025 20:09:34.143] [modloading-worker-0/ERROR] [AttributeFix/]: Attribute ID 'skilltree:crit_chance_with_shield' does not belong to a known attribute. This entry will be ignored.
[01Jul2025 20:09:34.143] [modloading-worker-0/ERROR] [AttributeFix/]: Attribute ID 'skilltree:damage_per_potion_effect' does not belong to a known attribute. This entry will be ignored.
[01Jul2025 20:09:34.143] [modloading-worker-0/ERROR] [AttributeFix/]: Attribute ID 'skilltree:melee_damage' does not belong to a known attribute. This entry will be ignored.
[01Jul2025 20:09:34.143] [modloading-worker-0/ERROR] [AttributeFix/]: Attribute ID 'puffish_skills:player.ranged_damage' does not belong to a known attribute. This entry will be ignored.
[01Jul2025 20:09:34.143] [modloading-worker-0/ERROR] [AttributeFix/]: Attribute ID 'skilltree:brewed_beneficial_potions_strength' does not belong to a known attribute. This entry will be ignored.
[01Jul2025 20:09:34.144] [modloading-worker-0/ERROR] [AttributeFix/]: Attribute ID 'skilltree:experience_from_mobs' does not belong to a known attribute. This entry will be ignored.
[01Jul2025 20:09:34.144] [modloading-worker-0/ERROR] [AttributeFix/]: Attribute ID 'skilltree:crafted_weapon_attack_speed' does not belong to a known attribute. This entry will be ignored.
[01Jul2025 20:09:34.144] [modloading-worker-0/ERROR] [AttributeFix/]: Attribute ID 'skilltree:armor_per_evasion_bonus' does not belong to a known attribute. This entry will be ignored.
[01Jul2025 20:09:34.144] [modloading-worker-0/ERROR] [AttributeFix/]: Attribute ID 'skilltree:damage_if_wounded' does not belong to a known attribute. This entry will be ignored.
[01Jul2025 20:09:34.144] [modloading-worker-0/ERROR] [AttributeFix/]: Attribute ID 'skilltree:crit_chance_with_enchanted_weapon' does not belong to a known attribute. This entry will be ignored.
[01Jul2025 20:09:34.144] [modloading-worker-0/ERROR] [AttributeFix/]: Attribute ID 'skilltree:cooked_food_saturation' does not belong to a known attribute. This entry will be ignored.
[01Jul2025 20:09:34.144] [modloading-worker-0/ERROR] [AttributeFix/]: Attribute ID 'skilltree:crit_chance_if_not_hungry' does not belong to a known attribute. This entry will be ignored.
[01Jul2025 20:09:34.144] [modloading-worker-0/ERROR] [AttributeFix/]: Attribute ID 'skilltree:experience_per_hour' does not belong to a known attribute. This entry will be ignored.
[01Jul2025 20:09:34.144] [modloading-worker-0/ERROR] [AttributeFix/]: Attribute ID 'puffish_skills:player.fortune' does not belong to a known attribute. This entry will be ignored.
[01Jul2025 20:09:34.144] [modloading-worker-0/ERROR] [AttributeFix/]: Attribute ID 'skilltree:damage_under_potion_effect' does not belong to a known attribute. This entry will be ignored.
[01Jul2025 20:09:34.144] [modloading-worker-0/ERROR] [AttributeFix/]: Attribute ID 'skilltree:life_regeneration_with_shield' does not belong to a known attribute. This entry will be ignored.
[01Jul2025 20:09:34.144] [modloading-worker-0/ERROR] [AttributeFix/]: Attribute ID 'skilltree:free_enchantment_chance' does not belong to a known attribute. This entry will be ignored.
[01Jul2025 20:09:34.144] [modloading-worker-0/ERROR] [AttributeFix/]: Attribute ID 'skilltree:crit_chance_per_enchantment' does not belong to a known attribute. This entry will be ignored.
[01Jul2025 20:09:34.144] [modloading-worker-0/ERROR] [AttributeFix/]: Attribute ID 'skilltree:crit_damage_per_gem_in_weapon' does not belong to a known attribute. This entry will be ignored.
[01Jul2025 20:09:34.144] [modloading-worker-0/ERROR] [AttributeFix/]: Attribute ID 'skilltree:attack_speed_if_wounded' does not belong to a known attribute. This entry will be ignored.
[01Jul2025 20:09:34.145] [modloading-worker-0/ERROR] [AttributeFix/]: Attribute ID 'skilltree:incoming_healing' does not belong to a known attribute. This entry will be ignored.
[01Jul2025 20:09:34.145] [modloading-worker-0/ERROR] [AttributeFix/]: Attribute ID 'skilltree:projectile_crit_chance' does not belong to a known attribute. This entry will be ignored.
[01Jul2025 20:09:34.145] [modloading-worker-0/ERROR] [AttributeFix/]: Attribute ID 'skilltree:attack_speed_with_enchanted_weapon' does not belong to a known attribute. This entry will be ignored.
[01Jul2025 20:09:34.145] [modloading-worker-0/ERROR] [AttributeFix/]: Attribute ID 'skilltree:equipment_repair_efficiency' does not belong to a known attribute. This entry will be ignored.
[01Jul2025 20:09:34.145] [modloading-worker-0/ERROR] [AttributeFix/]: Attribute ID 'skilltree:maximum_life_per_arrow_in_quiver' does not belong to a known attribute. This entry will be ignored.
[01Jul2025 20:09:34.145] [modloading-worker-0/ERROR] [AttributeFix/]: Attribute ID 'skilltree:crafted_axes_crit_chance' does not belong to a known attribute. This entry will be ignored.
[01Jul2025 20:09:34.145] [modloading-worker-0/ERROR] [AttributeFix/]: Attribute ID 'skilltree:brewed_harmful_potions_strength' does not belong to a known attribute. This entry will be ignored.
[01Jul2025 20:09:34.145] [modloading-worker-0/ERROR] [AttributeFix/]: Attribute ID 'skilltree:evasion_chance_when_wounded' does not belong to a known attribute. This entry will be ignored.
[01Jul2025 20:09:34.145] [modloading-worker-0/ERROR] [AttributeFix/]: Attribute ID 'skilltree:chance_to_apply_better_enchantment' does not belong to a known attribute. This entry will be ignored.
[01Jul2025 20:09:34.145] [modloading-worker-0/ERROR] [AttributeFix/]: Attribute ID 'skilltree:damage_per_satisfied_hunger' does not belong to a known attribute. This entry will be ignored.
[01Jul2025 20:09:34.145] [modloading-worker-0/ERROR] [AttributeFix/]: Attribute ID 'environmental:stealth' does not belong to a known attribute. This entry will be ignored.
[01Jul2025 20:09:34.145] [modloading-worker-0/ERROR] [AttributeFix/]: Attribute ID 'skilltree:life_on_block' does not belong to a known attribute. This entry will be ignored.
[01Jul2025 20:09:34.145] [modloading-worker-0/ERROR] [AttributeFix/]: Attribute ID 'skilltree:cooked_food_healing_per_saturation' does not belong to a known attribute. This entry will be ignored.
[01Jul2025 20:09:34.146] [modloading-worker-0/ERROR] [AttributeFix/]: Attribute ID 'skilltree:crafted_shields_block_chance' does not belong to a known attribute. This entry will be ignored.
[01Jul2025 20:09:34.146] [modloading-worker-0/ERROR] [AttributeFix/]: Attribute ID 'skilltree:crafted_quivers_damage_against_burning' does not belong to a known attribute. This entry will be ignored.
[01Jul2025 20:09:34.146] [modloading-worker-0/ERROR] [AttributeFix/]: Attribute ID 'skilltree:crafted_shields_armor_bonus' does not belong to a known attribute. This entry will be ignored.
[01Jul2025 20:09:34.146] [modloading-worker-0/ERROR] [AttributeFix/]: Attribute ID 'skilltree:crafted_quivers_chance_to_retrieve_arrows' does not belong to a known attribute. This entry will be ignored.
[01Jul2025 20:09:34.146] [modloading-worker-0/ERROR] [AttributeFix/]: Attribute ID 'skilltree:attack_speed_with_gem_in_weapon' does not belong to a known attribute. This entry will be ignored.
[01Jul2025 20:09:34.146] [modloading-worker-0/ERROR] [AttributeFix/]: Attribute ID 'skilltree:luck_while_fishing' does not belong to a known attribute. This entry will be ignored.
[01Jul2025 20:09:34.146] [modloading-worker-0/ERROR] [AttributeFix/]: Attribute ID 'skilltree:chance_to_find_gemstone' does not belong to a known attribute. This entry will be ignored.
[01Jul2025 20:09:34.147] [modloading-worker-0/ERROR] [AttributeFix/]: Attribute ID 'skilltree:crafted_helmets_sockets' does not belong to a known attribute. This entry will be ignored.
[01Jul2025 20:09:34.147] [modloading-worker-0/ERROR] [AttributeFix/]: Attribute ID 'skilltree:chance_to_ignite' does not belong to a known attribute. This entry will be ignored.
[01Jul2025 20:09:34.147] [modloading-worker-0/ERROR] [AttributeFix/]: Attribute ID 'skilltree:jump_height' does not belong to a known attribute. This entry will be ignored.
[01Jul2025 20:09:34.147] [modloading-worker-0/ERROR] [AttributeFix/]: Attribute ID 'skilltree:chance_to_apply_better_weapon_enchantment' does not belong to a known attribute. This entry will be ignored.
[01Jul2025 20:09:34.147] [modloading-worker-0/ERROR] [AttributeFix/]: Attribute ID 'skilltree:brewed_potions_duration' does not belong to a known attribute. This entry will be ignored.
[01Jul2025 20:09:34.147] [modloading-worker-0/ERROR] [AttributeFix/]: Attribute ID 'skilltree:crit_chance' does not belong to a known attribute. This entry will be ignored.
[01Jul2025 20:09:34.147] [modloading-worker-0/ERROR] [AttributeFix/]: Attribute ID 'skilltree:armor_with_shield' does not belong to a known attribute. This entry will be ignored.
[01Jul2025 20:09:34.148] [modloading-worker-0/ERROR] [AttributeFix/]: Attribute ID 'skilltree:gem_power_in_jewelry' does not belong to a known attribute. This entry will be ignored.
[01Jul2025 20:09:34.148] [modloading-worker-0/ERROR] [AttributeFix/]: Attribute ID 'skilltree:brewed_potions_strength' does not belong to a known attribute. This entry will be ignored.
[01Jul2025 20:09:34.148] [modloading-worker-0/ERROR] [AttributeFix/]: Attribute ID 'skilltree:crafted_boots_sockets' does not belong to a known attribute. This entry will be ignored.
[01Jul2025 20:09:34.148] [modloading-worker-0/ERROR] [AttributeFix/]: Attribute ID 'skilltree:crafted_melee_weapon_damage_bonus' does not belong to a known attribute. This entry will be ignored.
[01Jul2025 20:09:34.148] [modloading-worker-0/ERROR] [AttributeFix/]: Attribute ID 'skilltree:life_regeneration_per_gem_in_helmet' does not belong to a known attribute. This entry will be ignored.
[01Jul2025 20:09:34.148] [modloading-worker-0/ERROR] [AttributeFix/]: Attribute ID 'irons_spellbooks:poison_spell_power' does not belong to a known attribute. This entry will be ignored.
[01Jul2025 20:09:34.148] [modloading-worker-0/ERROR] [AttributeFix/]: Attribute ID 'skilltree:attack_speed_under_potion_effect' does not belong to a known attribute. This entry will be ignored.
[01Jul2025 20:09:34.148] [modloading-worker-0/ERROR] [AttributeFix/]: Attribute ID 'skilltree:armor_with_enchanted_shield' does not belong to a known attribute. This entry will be ignored.
[01Jul2025 20:09:34.148] [modloading-worker-0/ERROR] [AttributeFix/]: Attribute ID 'puffish_skills:player.mining_speed' does not belong to a known attribute. This entry will be ignored.
[01Jul2025 20:09:34.148] [modloading-worker-0/ERROR] [AttributeFix/]: Attribute ID 'skilltree:life_per_hit' does not belong to a known attribute. This entry will be ignored.
[01Jul2025 20:09:34.148] [modloading-worker-0/ERROR] [AttributeFix/]: Attribute ID 'skilltree:gem_power_in_armor' does not belong to a known attribute. This entry will be ignored.
[01Jul2025 20:09:34.149] [modloading-worker-0/ERROR] [AttributeFix/]: Attribute ID 'skilltree:damage_if_not_hungry' does not belong to a known attribute. This entry will be ignored.
[01Jul2025 20:09:34.149] [modloading-worker-0/ERROR] [AttributeFix/]: Attribute ID 'skilltree:evasion_chance' does not belong to a known attribute. This entry will be ignored.
[01Jul2025 20:09:34.149] [modloading-worker-0/ERROR] [AttributeFix/]: Attribute ID 'skilltree:damage_per_distance_to_spawn' does not belong to a known attribute. This entry will be ignored.
[01Jul2025 20:09:34.149] [modloading-worker-0/ERROR] [AttributeFix/]: Attribute ID 'skilltree:crafted_boots_movement_speed' does not belong to a known attribute. This entry will be ignored.
[01Jul2025 20:09:34.149] [modloading-worker-0/ERROR] [AttributeFix/]: Attribute ID 'skilltree:cooked_food_life_regeneration' does not belong to a known attribute. This entry will be ignored.
[01Jul2025 20:09:34.149] [modloading-worker-0/ERROR] [AttributeFix/]: Attribute ID 'skilltree:triple_loot_chance' does not belong to a known attribute. This entry will be ignored.
[01Jul2025 20:09:34.149] [modloading-worker-0/ERROR] [AttributeFix/]: Attribute ID 'skilltree:crafted_shields_maximum_life' does not belong to a known attribute. This entry will be ignored.
[01Jul2025 20:09:34.149] [modloading-worker-0/ERROR] [AttributeFix/]: Attribute ID 'skilltree:crit_chance_per_gem_in_weapon' does not belong to a known attribute. This entry will be ignored.
[01Jul2025 20:09:34.149] [modloading-worker-0/ERROR] [AttributeFix/]: Attribute ID 'skilltree:chance_to_retrieve_arrows' does not belong to a known attribute. This entry will be ignored.
[01Jul2025 20:09:34.149] [modloading-worker-0/ERROR] [AttributeFix/]: Attribute ID 'skilltree:damage_if_damaged' does not belong to a known attribute. This entry will be ignored.
[01Jul2025 20:09:34.149] [modloading-worker-0/ERROR] [AttributeFix/]: Attribute ID 'skilltree:block_chance_if_not_hungry' does not belong to a known attribute. This entry will be ignored.
[01Jul2025 20:09:34.149] [modloading-worker-0/ERROR] [AttributeFix/]: Attribute ID 'skilltree:maximum_life_under_potion_effect' does not belong to a known attribute. This entry will be ignored.
[01Jul2025 20:09:34.150] [modloading-worker-0/ERROR] [AttributeFix/]: Attribute ID 'skilltree:armor_per_chestplate_enchantment' does not belong to a known attribute. This entry will be ignored.
[01Jul2025 20:09:34.150] [modloading-worker-0/ERROR] [AttributeFix/]: Attribute ID 'skilltree:double_fishing_loot_chance' does not belong to a known attribute. This entry will be ignored.
[01Jul2025 20:09:34.150] [modloading-worker-0/ERROR] [AttributeFix/]: Attribute ID 'skilltree:life_regeneration_bonus' does not belong to a known attribute. This entry will be ignored.
[01Jul2025 20:09:34.150] [modloading-worker-0/ERROR] [AttributeFix/]: Attribute ID 'skilltree:damage_against_poisoned' does not belong to a known attribute. This entry will be ignored.
[01Jul2025 20:09:34.150] [modloading-worker-0/ERROR] [AttributeFix/]: Attribute ID 'skilltree:maximum_life_with_enchanted_item' does not belong to a known attribute. This entry will be ignored.
[01Jul2025 20:09:34.150] [modloading-worker-0/ERROR] [AttributeFix/]: Attribute ID 'skilltree:attack_speed_with_ranged_weapon' does not belong to a known attribute. This entry will be ignored.
[01Jul2025 20:09:34.150] [modloading-worker-0/ERROR] [AttributeFix/]: Attribute ID 'skilltree:maximum_life_per_boots_armor_bonus' does not belong to a known attribute. This entry will be ignored.
[01Jul2025 20:09:34.150] [modloading-worker-0/ERROR] [AttributeFix/]: Attribute ID 'skilltree:can_poison_weapons' does not belong to a known attribute. This entry will be ignored.
[01Jul2025 20:09:34.150] [modloading-worker-0/ERROR] [AttributeFix/]: Attribute ID 'skilltree:maximum_chestplate_sockets' does not belong to a known attribute. This entry will be ignored.
[01Jul2025 20:09:34.150] [modloading-worker-0/ERROR] [AttributeFix/]: Attribute ID 'skilltree:projectile_damage' does not belong to a known attribute. This entry will be ignored.
[01Jul2025 20:09:34.150] [modloading-worker-0/ERROR] [AttributeFix/]: Attribute ID 'skilltree:can_mix_potions' does not belong to a known attribute. This entry will be ignored.
[01Jul2025 20:09:34.150] [modloading-worker-0/ERROR] [AttributeFix/]: Attribute ID 'skilltree:damage_with_enchanted_weapon' does not belong to a known attribute. This entry will be ignored.
[01Jul2025 20:09:34.150] [modloading-worker-0/ERROR] [AttributeFix/]: Attribute ID 'skilltree:damage_per_enchantment' does not belong to a known attribute. This entry will be ignored.
[01Jul2025 20:09:34.151] [modloading-worker-0/ERROR] [AttributeFix/]: Attribute ID 'skilltree:crafted_weapon_double_loot_chance' does not belong to a known attribute. This entry will be ignored.
[01Jul2025 20:09:34.151] [modloading-worker-0/ERROR] [AttributeFix/]: Attribute ID 'skilltree:crit_damage_per_weapon_enchantment' does not belong to a known attribute. This entry will be ignored.
[01Jul2025 20:09:34.151] [modloading-worker-0/ERROR] [AttributeFix/]: Attribute ID 'skilltree:maximum_ring_sockets' does not belong to a known attribute. This entry will be ignored.
[01Jul2025 20:09:34.151] [modloading-worker-0/ERROR] [AttributeFix/]: Attribute ID 'skilltree:brewed_beneficial_potions_duration' does not belong to a known attribute. This entry will be ignored.
[01Jul2025 20:09:34.151] [modloading-worker-0/ERROR] [AttributeFix/]: Attribute ID 'puffish_skills:player.jump' does not belong to a known attribute. This entry will be ignored.
[01Jul2025 20:09:34.151] [modloading-worker-0/ERROR] [AttributeFix/]: Attribute ID 'skilltree:life_per_hit_if_wounded' does not belong to a known attribute. This entry will be ignored.
[01Jul2025 20:09:34.151] [modloading-worker-0/ERROR] [AttributeFix/]: Attribute ID 'skilltree:block_chance_with_enchanted_shield' does not belong to a known attribute. This entry will be ignored.
[01Jul2025 20:09:34.151] [modloading-worker-0/ERROR] [AttributeFix/]: Attribute ID 'skilltree:maximum_life_per_satisfied_hunger' does not belong to a known attribute. This entry will be ignored.
[01Jul2025 20:09:34.151] [modloading-worker-0/ERROR] [AttributeFix/]: Attribute ID 'feathers:feathers.feather_regen' does not belong to a known attribute. This entry will be ignored.
[01Jul2025 20:09:34.151] [modloading-worker-0/ERROR] [AttributeFix/]: Attribute ID 'puffish_skills:player.resistance' does not belong to a known attribute. This entry will be ignored.
[01Jul2025 20:09:34.151] [modloading-worker-0/ERROR] [AttributeFix/]: Attribute ID 'skilltree:life_on_block_if_not_hungry' does not belong to a known attribute. This entry will be ignored.
[01Jul2025 20:09:34.151] [modloading-worker-0/ERROR] [AttributeFix/]: Attribute ID 'skilltree:gem_power' does not belong to a known attribute. This entry will be ignored.
[01Jul2025 20:09:34.152] [modloading-worker-0/ERROR] [AttributeFix/]: Attribute ID 'skilltree:crafted_ranged_weapon_sockets' does not belong to a known attribute. This entry will be ignored.
[01Jul2025 20:09:34.152] [modloading-worker-0/ERROR] [AttributeFix/]: Attribute ID 'skilltree:crafted_melee_weapon_attack_speed' does not belong to a known attribute. This entry will be ignored.
[01Jul2025 20:09:34.152] [modloading-worker-0/ERROR] [AttributeFix/]: Attribute ID 'skilltree:melee_crit_damage' does not belong to a known attribute. This entry will be ignored.
[01Jul2025 20:09:34.152] [modloading-worker-0/ERROR] [AttributeFix/]: Attribute ID 'skilltree:maximum_life_per_armor_enchantment' does not belong to a known attribute. This entry will be ignored.
[01Jul2025 20:09:34.152] [modloading-worker-0/ERROR] [AttributeFix/]: Attribute ID 'skilltree:brewed_poisons_strength' does not belong to a known attribute. This entry will be ignored.
[01Jul2025 20:09:34.152] [modloading-worker-0/ERROR] [AttributeFix/]: Attribute ID 'skilltree:gem_power_in_weapon' does not belong to a known attribute. This entry will be ignored.
[01Jul2025 20:09:34.152] [modloading-worker-0/ERROR] [AttributeFix/]: Attribute ID 'skilltree:damage_against_burning' does not belong to a known attribute. This entry will be ignored.
[01Jul2025 20:09:34.152] [modloading-worker-0/ERROR] [AttributeFix/]: Attribute ID 'skilltree:brewed_healing_potions_strength' does not belong to a known attribute. This entry will be ignored.
[01Jul2025 20:09:34.152] [modloading-worker-0/ERROR] [AttributeFix/]: Attribute ID 'skilltree:crafted_rings_critical_damage' does not belong to a known attribute. This entry will be ignored.
[01Jul2025 20:09:34.153] [modloading-worker-0/ERROR] [AttributeFix/]: Attribute ID 'skilltree:maximum_life_per_equipped_jewelry' does not belong to a known attribute. This entry will be ignored.
[01Jul2025 20:09:34.153] [modloading-worker-0/ERROR] [AttributeFix/]: Attribute ID 'skilltree:crafted_armor_stealth' does not belong to a known attribute. This entry will be ignored.
[01Jul2025 20:09:34.153] [modloading-worker-0/ERROR] [AttributeFix/]: Attribute ID 'skilltree:crafted_melee_weapon_crit_chance' does not belong to a known attribute. This entry will be ignored.
[01Jul2025 20:09:34.153] [modloading-worker-0/ERROR] [AttributeFix/]: Attribute ID 'skilltree:mining_speed' does not belong to a known attribute. This entry will be ignored.
[01Jul2025 20:09:34.153] [modloading-worker-0/ERROR] [AttributeFix/]: Attribute ID 'puffish_skills:player.stamina' does not belong to a known attribute. This entry will be ignored.
[01Jul2025 20:09:34.156] [modloading-worker-0/ERROR] [AttributeFix/]: Attribute ID 'feathers:feathers.max_feathers' does not belong to a known attribute. This entry will be ignored.
[01Jul2025 20:09:34.156] [modloading-worker-0/ERROR] [AttributeFix/]: Attribute ID 'skilltree:projectile_crit_damage' does not belong to a known attribute. This entry will be ignored.
[01Jul2025 20:09:34.156] [modloading-worker-0/ERROR] [AttributeFix/]: Attribute ID 'skilltree:crit_damage_against_poisoned' does not belong to a known attribute. This entry will be ignored.
[01Jul2025 20:09:34.156] [modloading-worker-0/ERROR] [AttributeFix/]: Attribute ID 'puffish_skills:player.healing' does not belong to a known attribute. This entry will be ignored.
[01Jul2025 20:09:34.156] [modloading-worker-0/ERROR] [AttributeFix/]: Attribute ID 'skilltree:crafted_weapon_damage_against_burning' does not belong to a known attribute. This entry will be ignored.
[01Jul2025 20:09:34.156] [modloading-worker-0/ERROR] [AttributeFix/]: Attribute ID 'skilltree:damage_per_distance_to_enemy' does not belong to a known attribute. This entry will be ignored.
[01Jul2025 20:09:34.156] [modloading-worker-0/ERROR] [AttributeFix/]: Attribute ID 'skilltree:crafted_armor_maximum_life' does not belong to a known attribute. This entry will be ignored.
[01Jul2025 20:09:34.156] [modloading-worker-0/ERROR] [AttributeFix/]: Attribute ID 'skilltree:crafted_quivers_chance_to_ignite' does not belong to a known attribute. This entry will be ignored.
[01Jul2025 20:09:34.156] [modloading-worker-0/ERROR] [AttributeFix/]: Attribute ID 'skilltree:crit_damage' does not belong to a known attribute. This entry will be ignored.
[01Jul2025 20:09:34.156] [modloading-worker-0/ERROR] [AttributeFix/]: Attribute ID 'skilltree:maximum_life_if_not_hungry' does not belong to a known attribute. This entry will be ignored.
[01Jul2025 20:09:34.156] [modloading-worker-0/ERROR] [AttributeFix/]: Attribute ID 'skilltree:cooked_food_crit_damage_per_saturation' does not belong to a known attribute. This entry will be ignored.
[01Jul2025 20:09:34.156] [modloading-worker-0/ERROR] [AttributeFix/]: Attribute ID 'skilltree:evasion_per_potion_effect' does not belong to a known attribute. This entry will be ignored.
[01Jul2025 20:09:34.156] [modloading-worker-0/ERROR] [AttributeFix/]: Attribute ID 'skilltree:maximum_life_per_enchantment' does not belong to a known attribute. This entry will be ignored.
[01Jul2025 20:09:34.156] [modloading-worker-0/ERROR] [AttributeFix/]: Attribute ID 'skilltree:experience_from_ore' does not belong to a known attribute. This entry will be ignored.
[01Jul2025 20:09:34.156] [modloading-worker-0/ERROR] [AttributeFix/]: Attribute ID 'skilltree:maximum_life_per_gem_in_armor' does not belong to a known attribute. This entry will be ignored.
[01Jul2025 20:09:34.156] [modloading-worker-0/ERROR] [AttributeFix/]: Attribute ID 'skilltree:experience_from_fishing' does not belong to a known attribute. This entry will be ignored.
[01Jul2025 20:09:34.156] [modloading-worker-0/ERROR] [AttributeFix/]: Attribute ID 'skilltree:brewed_harmful_potions_duration' does not belong to a known attribute. This entry will be ignored.
[01Jul2025 20:09:34.157] [modloading-worker-0/ERROR] [AttributeFix/]: Attribute ID 'minecolonies:mc_mob_damage' does not belong to a known attribute. This entry will be ignored.
[01Jul2025 20:09:34.157] [modloading-worker-0/ERROR] [AttributeFix/]: Attribute ID 'skilltree:crafted_quivers_maximum_life' does not belong to a known attribute. This entry will be ignored.
[01Jul2025 20:09:34.157] [modloading-worker-0/ERROR] [AttributeFix/]: Attribute ID 'skilltree:crafted_equipment_durability' does not belong to a known attribute. This entry will be ignored.
[01Jul2025 20:09:34.157] [modloading-worker-0/ERROR] [AttributeFix/]: Attribute ID 'puffish_skills:player.melee_damage' does not belong to a known attribute. This entry will be ignored.
[01Jul2025 20:09:34.157] [modloading-worker-0/ERROR] [AttributeFix/]: Attribute ID 'skilltree:enchantment_level_requirement' does not belong to a known attribute. This entry will be ignored.
[01Jul2025 20:09:34.157] [modloading-worker-0/ERROR] [AttributeFix/]: Attribute ID 'galosphere:illager_resistance' does not belong to a known attribute. This entry will be ignored.
[01Jul2025 20:09:34.157] [modloading-worker-0/ERROR] [AttributeFix/]: Attribute ID 'skilltree:damage_with_shield' does not belong to a known attribute. This entry will be ignored.
[01Jul2025 20:09:34.157] [modloading-worker-0/ERROR] [AttributeFix/]: Attribute ID 'skilltree:crit_damage_with_shield' does not belong to a known attribute. This entry will be ignored.
[01Jul2025 20:09:34.157] [modloading-worker-0/ERROR] [AttributeFix/]: Attribute ID 'skilltree:block_chance_per_shield_enchantment' does not belong to a known attribute. This entry will be ignored.
[01Jul2025 20:09:34.157] [modloading-worker-0/ERROR] [AttributeFix/]: Attribute ID 'skilltree:attack_speed_if_not_hungry' does not belong to a known attribute. This entry will be ignored.
[01Jul2025 20:09:34.157] [modloading-worker-0/ERROR] [AttributeFix/]: Attribute ID 'skilltree:cooked_food_damage_per_saturation' does not belong to a known attribute. This entry will be ignored.
[01Jul2025 20:09:34.157] [modloading-worker-0/ERROR] [AttributeFix/]: Attribute ID 'skilltree:maximum_equipment_sockets' does not belong to a known attribute. This entry will be ignored.
[01Jul2025 20:09:34.157] [modloading-worker-0/ERROR] [AttributeFix/]: Attribute ID 'skilltree:damage_per_weapon_enchantment_level' does not belong to a known attribute. This entry will be ignored.
[01Jul2025 20:09:34.157] [modloading-worker-0/ERROR] [AttributeFix/]: Attribute ID 'skilltree:chance_to_craft_tougher_armor' does not belong to a known attribute. This entry will be ignored.
[01Jul2025 20:09:34.157] [modloading-worker-0/ERROR] [AttributeFix/]: Attribute ID 'skilltree:crit_chance_against_poisoned' does not belong to a known attribute. This entry will be ignored.
[01Jul2025 20:09:34.157] [modloading-worker-0/ERROR] [AttributeFix/]: Attribute ID 'skilltree:armor_per_gem_in_helmet' does not belong to a known attribute. This entry will be ignored.
[01Jul2025 20:09:34.157] [modloading-worker-0/ERROR] [AttributeFix/]: Attribute ID 'skilltree:crit_chance_if_wounded' does not belong to a known attribute. This entry will be ignored.
[01Jul2025 20:09:34.157] [modloading-worker-0/ERROR] [AttributeFix/]: Attribute ID 'skilltree:crafted_weapon_life_per_hit' does not belong to a known attribute. This entry will be ignored.
[01Jul2025 20:09:34.157] [modloading-worker-0/ERROR] [AttributeFix/]: Attribute ID 'skilltree:chestplate_armor' does not belong to a known attribute. This entry will be ignored.
[01Jul2025 20:09:34.157] [modloading-worker-0/ERROR] [AttributeFix/]: Attribute ID 'skilltree:crafted_armor_evasion' does not belong to a known attribute. This entry will be ignored.
[01Jul2025 20:09:34.157] [modloading-worker-0/ERROR] [AttributeFix/]: Attribute ID 'skilltree:life_on_block_per_shield_enchantment' does not belong to a known attribute. This entry will be ignored.
[01Jul2025 20:09:34.158] [modloading-worker-0/ERROR] [AttributeFix/]: Attribute ID 'skilltree:double_loot_chance' does not belong to a known attribute. This entry will be ignored.
[01Jul2025 20:09:34.158] [modloading-worker-0/ERROR] [AttributeFix/]: Attribute ID 'skilltree:life_per_hit_under_potion_effect' does not belong to a known attribute. This entry will be ignored.
[01Jul2025 20:09:34.162] [modloading-worker-0/ERROR] [AttributeFix/]: Attribute ID 'skilltree:crafted_weapon_chance_to_ignite' does not belong to a known attribute. This entry will be ignored.
[01Jul2025 20:09:34.163] [modloading-worker-0/ERROR] [AttributeFix/]: Attribute ID 'skilltree:attack_damage_per_armor' does not belong to a known attribute. This entry will be ignored.
[01Jul2025 20:09:34.163] [modloading-worker-0/ERROR] [AttributeFix/]: Attribute ID 'skilltree:crit_damage_per_satisfied_hunger' does not belong to a known attribute. This entry will be ignored.
[01Jul2025 20:09:34.163] [modloading-worker-0/ERROR] [AttributeFix/]: Attribute ID 'skilltree:crafted_ranged_weapon_attack_speed' does not belong to a known attribute. This entry will be ignored.
[01Jul2025 20:09:34.163] [modloading-worker-0/ERROR] [AttributeFix/]: Attribute ID 'skilltree:damage_with_gem_in_weapon' does not belong to a known attribute. This entry will be ignored.
[01Jul2025 20:09:34.163] [modloading-worker-0/ERROR] [AttributeFix/]: Attribute ID 'skilltree:armor_per_gem_in_chestplate' does not belong to a known attribute. This entry will be ignored.
[01Jul2025 20:09:34.163] [modloading-worker-0/ERROR] [AttributeFix/]: Attribute ID 'skilltree:chance_to_apply_better_armor_enchantment' does not belong to a known attribute. This entry will be ignored.
[01Jul2025 20:09:34.163] [modloading-worker-0/ERROR] [AttributeFix/]: Attribute ID 'skilltree:evasion_under_potion_effect' does not belong to a known attribute. This entry will be ignored.
[01Jul2025 20:09:34.163] [modloading-worker-0/ERROR] [AttributeFix/]: Attribute ID 'skilltree:experience_per_minute' does not belong to a known attribute. This entry will be ignored.
[01Jul2025 20:09:34.163] [modloading-worker-0/ERROR] [AttributeFix/]: Attribute ID 'skilltree:maximum_life_per_evasion' does not belong to a known attribute. This entry will be ignored.
[01Jul2025 20:09:34.163] [modloading-worker-0/ERROR] [AttributeFix/]: Attribute ID 'skilltree:block_chance_per_satisfied_hunger' does not belong to a known attribute. This entry will be ignored.
[01Jul2025 20:09:34.163] [modloading-worker-0/ERROR] [AttributeFix/]: Attribute ID 'skilltree:maximum_weapon_sockets' does not belong to a known attribute. This entry will be ignored.
[01Jul2025 20:09:34.163] [modloading-worker-0/ERROR] [AttributeFix/]: Attribute ID 'skilltree:damage_per_gem_in_weapon' does not belong to a known attribute. This entry will be ignored.
[01Jul2025 20:09:34.163] [modloading-worker-0/ERROR] [AttributeFix/]: Attribute ID 'skilltree:crafted_armor_defence' does not belong to a known attribute. This entry will be ignored.
[01Jul2025 20:09:34.163] [modloading-worker-0/ERROR] [AttributeFix/]: Attribute ID 'skilltree:attack_speed_with_shield' does not belong to a known attribute. This entry will be ignored.
[01Jul2025 20:09:34.163] [modloading-worker-0/ERROR] [AttributeFix/]: Attribute ID 'skilltree:chance_to_explode_enemy' does not belong to a known attribute. This entry will be ignored.
[01Jul2025 20:09:34.163] [modloading-worker-0/ERROR] [AttributeFix/]: Attribute ID 'skilltree:crafted_boots_stealth' does not belong to a known attribute. This entry will be ignored.
[01Jul2025 20:09:34.163] [modloading-worker-0/ERROR] [AttributeFix/]: Attribute ID 'skilltree:maximum_life_per_gem_in_helmet' does not belong to a known attribute. This entry will be ignored.
[01Jul2025 20:09:34.163] [modloading-worker-0/ERROR] [AttributeFix/]: Attribute ID 'skilltree:maximum_life_per_armor_bonus' does not belong to a known attribute. This entry will be ignored.
[01Jul2025 20:09:34.163] [modloading-worker-0/ERROR] [AttributeFix/]: Attribute ID 'skilltree:life_per_arrow_hit' does not belong to a known attribute. This entry will be ignored.
[01Jul2025 20:09:34.163] [modloading-worker-0/ERROR] [AttributeFix/]: Attribute ID 'skilltree:block_chance' does not belong to a known attribute. This entry will be ignored.
[01Jul2025 20:09:34.163] [modloading-worker-0/INFO] [AttributeFix/]: Loaded 275 values from config.
[01Jul2025 20:09:34.219] [modloading-worker-0/INFO] [AttributeFix/]: Saving config file. 275 entries.
[01Jul2025 20:09:34.219] [modloading-worker-0/INFO] [AttributeFix/]: Applying changes for 275 attributes.
[01Jul2025 20:09:34.243] [modloading-worker-0/INFO] [Jade/]: Start loading plugin at shadows.gateways.compat.GatewayJadePlugin
[01Jul2025 20:09:34.251] [modloading-worker-0/INFO] [Jade/]: Start loading plugin at shadows.apotheosis.spawn.compat.SpawnerHwylaPlugin
[01Jul2025 20:09:34.252] [modloading-worker-0/INFO] [Jade/]: Start loading plugin at shadows.apotheosis.ench.compat.EnchHwylaPlugin
[01Jul2025 20:09:34.255] [modloading-worker-0/INFO] [Jade/]: Start loading plugin at shadows.apotheosis.adventure.compat.AdventureHwylaPlugin
[01Jul2025 20:09:34.256] [modloading-worker-0/INFO] [Jade/]: Start loading plugin at daripher.autoleveling.integration.jade.AutoLevelingWailaPlugin
[01Jul2025 20:09:34.259] [modloading-worker-0/INFO] [Jade/]: Start loading plugin at de.maxhenkel.corpse.integration.waila.PluginCorpse
[01Jul2025 20:09:34.260] [modloading-worker-0/INFO] [Jade/]: Start loading plugin at com.aetherteam.aether.integration.jade.AetherJadePlugin
[01Jul2025 20:09:34.263] [modloading-worker-0/INFO] [Jade/]: Start loading plugin at twilightforest.compat.jade.JadeCompat
[01Jul2025 20:09:34.264] [modloading-worker-0/INFO] [Jade/]: Start loading plugin at com.hollingsworth.arsnouveau.client.waila.WailaArsNouveauPlugin
[01Jul2025 20:09:34.266] [modloading-worker-0/INFO] [Jade/]: Start loading plugin at net.brnbrd.delightful.compat.jade.JadePlugin
[01Jul2025 20:09:34.267] [modloading-worker-0/INFO] [Jade/]: Start loading plugin at net.blay09.mods.waystones.compat.ForgeJadeWaystonesPlugin
[01Jul2025 20:09:34.268] [modloading-worker-0/INFO] [Jade/]: Start loading plugin at snownee.jade.addon.vanilla.VanillaPlugin
[01Jul2025 20:09:34.271] [modloading-worker-0/INFO] [com.teampotato.redirector.Redirector/]: Redirecting snownee/jade/addon/vanilla/BrewingStandProvider
[01Jul2025 20:09:34.273] [modloading-worker-0/INFO] [com.teampotato.redirector.Redirector/]: Redirecting snownee/jade/addon/vanilla/BeehiveProvider
[01Jul2025 20:09:34.274] [modloading-worker-0/INFO] [com.teampotato.redirector.Redirector/]: Redirecting snownee/jade/addon/vanilla/CommandBlockProvider
[01Jul2025 20:09:34.275] [modloading-worker-0/INFO] [com.teampotato.redirector.Redirector/]: Redirecting snownee/jade/addon/vanilla/JukeboxProvider
[01Jul2025 20:09:34.275] [modloading-worker-0/INFO] [com.teampotato.redirector.Redirector/]: Redirecting snownee/jade/addon/vanilla/LecternProvider
[01Jul2025 20:09:34.277] [modloading-worker-0/INFO] [com.teampotato.redirector.Redirector/]: Redirecting snownee/jade/addon/vanilla/RedstoneProvider
[01Jul2025 20:09:34.279] [modloading-worker-0/INFO] [com.teampotato.redirector.Redirector/]: Redirecting snownee/jade/addon/vanilla/FurnaceProvider
[01Jul2025 20:09:34.281] [modloading-worker-0/INFO] [com.teampotato.redirector.Redirector/]: Redirecting dev/latvian/mods/kubejs/recipe/component/ComponentRole
[01Jul2025 20:09:34.282] [modloading-worker-0/INFO] [com.teampotato.redirector.Redirector/]: Redirecting snownee/jade/addon/vanilla/AnimalOwnerProvider
[01Jul2025 20:09:34.286] [modloading-worker-0/INFO] [com.teampotato.redirector.Redirector/]: Redirecting snownee/jade/addon/vanilla/PotionEffectsProvider
[01Jul2025 20:09:34.287] [modloading-worker-0/INFO] [com.teampotato.redirector.Redirector/]: Redirecting snownee/jade/addon/vanilla/MobGrowthProvider
[01Jul2025 20:09:34.289] [modloading-worker-0/INFO] [com.teampotato.redirector.Redirector/]: Redirecting snownee/jade/addon/vanilla/MobBreedingProvider
[01Jul2025 20:09:34.290] [modloading-worker-0/INFO] [com.teampotato.redirector.Redirector/]: Redirecting snownee/jade/addon/vanilla/ChickenEggProvider
[01Jul2025 20:09:34.291] [modloading-worker-0/INFO] [Jade/]: Start loading plugin at snownee.jade.addon.universal.UniversalPlugin
[01Jul2025 20:09:34.295] [modloading-worker-0/INFO] [com.teampotato.redirector.Redirector/]: Redirecting snownee/jade/addon/universal/ItemStorageProvider
[01Jul2025 20:09:34.299] [modloading-worker-0/INFO] [com.teampotato.redirector.Redirector/]: Redirecting snownee/jade/addon/universal/EntityItemStorageProvider
[01Jul2025 20:09:34.300] [modloading-worker-0/INFO] [com.teampotato.redirector.Redirector/]: Redirecting snownee/jade/addon/universal/FluidStorageProvider
[01Jul2025 20:09:34.302] [modloading-worker-0/INFO] [com.teampotato.redirector.Redirector/]: Redirecting snownee/jade/addon/universal/EntityFluidStorageProvider
[01Jul2025 20:09:34.302] [modloading-worker-0/INFO] [com.teampotato.redirector.Redirector/]: Redirecting snownee/jade/addon/universal/EnergyStorageProvider
[01Jul2025 20:09:34.304] [modloading-worker-0/INFO] [com.teampotato.redirector.Redirector/]: Redirecting snownee/jade/addon/universal/EntityEnergyStorageProvider
[01Jul2025 20:09:34.304] [modloading-worker-0/INFO] [com.teampotato.redirector.Redirector/]: Redirecting snownee/jade/addon/universal/ProgressProvider
[01Jul2025 20:09:34.305] [modloading-worker-0/INFO] [com.teampotato.redirector.Redirector/]: Redirecting snownee/jade/addon/universal/EntityProgressProvider
[01Jul2025 20:09:34.306] [modloading-worker-0/INFO] [Jade/]: Start loading plugin at snownee.jade.addon.core.CorePlugin
[01Jul2025 20:09:34.307] [modloading-worker-0/INFO] [com.teampotato.redirector.Redirector/]: Redirecting snownee/jade/addon/core/RegistryNameProvider$Mode
[01Jul2025 20:09:34.307] [modloading-worker-0/INFO] [com.teampotato.redirector.Redirector/]: Redirecting snownee/jade/addon/core/ObjectNameProvider
[01Jul2025 20:09:34.308] [modloading-worker-0/INFO] [Jade/]: Start loading plugin at de.maxhenkel.easyvillagers.integration.waila.PluginEasyVillagers
[01Jul2025 20:09:34.308] [modloading-worker-0/INFO] [Jade/]: Start loading plugin at com.jaquadro.minecraft.storagedrawers.integration.Waila
[01Jul2025 20:09:34.551] [Forge Version Check/INFO] [net.minecraftforge.fml.VersionChecker/]: [corpse] Found status: AHEAD Current: 1.19.2-1.0.17 Target: null
[01Jul2025 20:09:34.551] [Forge Version Check/INFO] [net.minecraftforge.fml.VersionChecker/]: [advancementplaques] Starting version check at https://mc-update-check.anthonyhilyard.com/499826
[01Jul2025 20:09:34.578] [modloading-worker-0/INFO] [Enigmatic Legacy/INFO]: Successfully fetched the list of devoted believers from Enigmatic Legacy's repository.
[01Jul2025 20:09:34.580] [modloading-worker-0/INFO] [Enigmatic Legacy/INFO]: Successfully backed up the list of devoted believers.
[01Jul2025 20:09:34.580] [modloading-worker-0/INFO] [Enigmatic Legacy/]: Believer: ObsidianFlight, UUID: 0cf25168-1b5a-4ac9-90eb-45bb20b0afab
[01Jul2025 20:09:34.580] [modloading-worker-0/INFO] [Enigmatic Legacy/]: Believer: Alexsist, UUID: b77d12d4-627f-47d3-965a-74e4f41854cc
[01Jul2025 20:09:34.580] [modloading-worker-0/INFO] [Enigmatic Legacy/]: Believer: Volsarex, UUID: e9907457-0251-42de-86b7-32289c19a6c4
[01Jul2025 20:09:34.580] [modloading-worker-0/INFO] [Enigmatic Legacy/]: Believer: Tar, UUID: 64d64b70-fde8-467e-ad70-271d5ddf26f6
[01Jul2025 20:09:34.580] [modloading-worker-0/INFO] [Enigmatic Legacy/]: Believer: Strgnv, UUID: 93f46b5e-3f96-4bde-9de9-96e7210441f9
[01Jul2025 20:09:34.580] [modloading-worker-0/INFO] [Enigmatic Legacy/]: Believer: SoulRacer65, UUID: a9ca1491-c6b2-4502-a585-94336fb07e75
[01Jul2025 20:09:34.580] [modloading-worker-0/INFO] [Enigmatic Legacy/]: Believer: legitch, UUID: 64906813-adac-4aa9-8ac9-f25dbb677102
[01Jul2025 20:09:34.580] [modloading-worker-0/INFO] [Enigmatic Legacy/]: Believer: TheOutlander, UUID: 9c22cd32-4dff-42b9-946c-69548781f894
[01Jul2025 20:09:34.581] [modloading-worker-0/INFO] [Enigmatic Legacy/]: Believer: Crobee, UUID: ed207d6d-0bec-4e0b-9674-d8455f017441
[01Jul2025 20:09:34.581] [modloading-worker-0/INFO] [Enigmatic Legacy/]: Believer: Exlor, UUID: d45f7a78-513c-43ed-b2f7-6447a92ddaf2
[01Jul2025 20:09:34.581] [modloading-worker-0/INFO] [Enigmatic Legacy/]: Believer: IaruEmbyr, UUID: 97b38aa9-8c8b-4b50-8b69-f71db9a5c2d3
[01Jul2025 20:09:34.581] [modloading-worker-0/INFO] [Enigmatic Legacy/]: Believer: HunterPhantom, UUID: b818e7a3-997e-4456-a7f0-dc7c97c42892
[01Jul2025 20:09:34.581] [modloading-worker-0/INFO] [Enigmatic Legacy/]: Believer: Azure, UUID: 4aeb4bcc-e4b3-4851-9c1f-13d41ad7f37c
[01Jul2025 20:09:34.581] [modloading-worker-0/INFO] [Enigmatic Legacy/]: Believer: PixelVoxel, UUID: f9e9d0d6-eb43-46db-ae6e-b0950668c06d
[01Jul2025 20:09:34.581] [modloading-worker-0/INFO] [Enigmatic Legacy/]: Believer: Izures, UUID: 4c2145c9-be1a-4ae4-bb9f-0003bd221a98
[01Jul2025 20:09:34.581] [modloading-worker-0/INFO] [Enigmatic Legacy/]: Believer: 0thLaw, UUID: a4ef9810-6c0b-45a6-9895-6bbebc70e001
[01Jul2025 20:09:34.581] [modloading-worker-0/INFO] [Enigmatic Legacy/]: Believer: Nexus, UUID: 08e81c68-0a2f-4625-882b-ddcf3c86e351
[01Jul2025 20:09:34.581] [modloading-worker-0/INFO] [Enigmatic Legacy/]: Believer: Fetrex, UUID: d7d73994-0fa5-4690-a8dd-4dc850563f4e
[01Jul2025 20:09:34.581] [modloading-worker-0/INFO] [Enigmatic Legacy/]: Believer: MasterGentar, UUID: 86a110be-dc85-4d2c-82d3-3669cb61db8f
[01Jul2025 20:09:34.581] [modloading-worker-0/INFO] [Enigmatic Legacy/]: Believer: Dimagic, UUID: 34128f78-ad16-4ef3-a647-bb13f0aea775
[01Jul2025 20:09:34.581] [modloading-worker-0/INFO] [Enigmatic Legacy/]: Believer: probablyastar, UUID: 8f0f3658-5644-4f21-b5ea-324153338d87
[01Jul2025 20:09:34.581] [modloading-worker-0/INFO] [Enigmatic Legacy/]: Believer: Toastr125, UUID: 5cd5f647-d3bb-412e-b60c-0aaae21bcddd
[01Jul2025 20:09:34.581] [modloading-worker-0/INFO] [Enigmatic Legacy/]: Believer: YesPyro, UUID: 82a617a0-56fe-4ead-82d4-9d968ca7c777
[01Jul2025 20:09:34.581] [modloading-worker-0/INFO] [Enigmatic Legacy/]: Believer: Amadhe, UUID: 8bdb26a8-7687-49e5-829b-f298cfc10508
[01Jul2025 20:09:34.582] [modloading-worker-0/INFO] [Enigmatic Legacy/]: Believer: Hyperion, UUID: 143e257c-b945-4700-85d2-ebcf63c1811f
[01Jul2025 20:09:34.582] [modloading-worker-0/INFO] [Enigmatic Legacy/]: Believer: prism182, UUID: f9048245-89cb-456c-aa2b-cc8e9d8b8c76
[01Jul2025 20:09:34.582] [modloading-worker-0/INFO] [Enigmatic Legacy/]: Believer: Celeste-ialGamer, UUID: 4822d847-93c1-4efd-bd9f-b2d56ba1608d
[01Jul2025 20:09:34.582] [modloading-worker-0/INFO] [Enigmatic Legacy/]: Believer: Snow_guy864335, UUID: a4fa93e5-c243-4b7b-b69a-6943152a5d2d
[01Jul2025 20:09:34.582] [modloading-worker-0/INFO] [Enigmatic Legacy/]: Believer: Dvyant, UUID: f75e74cb-d289-459f-8d28-ea3668541e32
[01Jul2025 20:09:34.582] [modloading-worker-0/INFO] [Enigmatic Legacy/]: Believer: Naoro, UUID: 7a195143-a6cd-4efb-8e57-deac4b7636d7
[01Jul2025 20:09:34.582] [modloading-worker-0/INFO] [Enigmatic Legacy/]: Believer: millie, UUID: f4fac73a-0ada-4e50-bbed-61b06f1a4d18
[01Jul2025 20:09:34.582] [modloading-worker-0/INFO] [Enigmatic Legacy/]: Believer: NinjaFox, UUID: 834a2387-6dec-4d57-8bd3-72be2a54ed54
[01Jul2025 20:09:34.582] [modloading-worker-0/INFO] [Enigmatic Legacy/]: Believer: ProstoChel, UUID: 1fd0b74a-536b-4a65-a849-5c607c950396
[01Jul2025 20:09:34.582] [modloading-worker-0/INFO] [Enigmatic Legacy/]: Believer: (Ne)TyMVS, UUID: ac159e63-a757-4f7d-8c2c-73469a715ff3
[01Jul2025 20:09:34.582] [modloading-worker-0/INFO] [Enigmatic Legacy/]: Believer: TheMuffinMan, UUID: 20f48143-1e09-4c89-9c85-085b70c76953
[01Jul2025 20:09:34.582] [modloading-worker-0/INFO] [Enigmatic Legacy/]: Believer: solmortis, UUID: f6dbd5e9-701c-4c76-8a48-0ba4b687c76d
[01Jul2025 20:09:34.582] [modloading-worker-0/INFO] [Enigmatic Legacy/]: Believer: Eternal_Banisher, UUID: 387aa6d4-f388-400f-b9c5-1514f238ceae
[01Jul2025 20:09:34.582] [modloading-worker-0/INFO] [Enigmatic Legacy/]: Believer: AbsorbingSafe11, UUID: 343ad979-87b7-4dfa-88b8-3f3fdc2e00ab
[01Jul2025 20:09:34.582] [modloading-worker-0/INFO] [Enigmatic Legacy/]: Believer: Stygian, UUID: f6c7001f-4ce8-43f7-b4a1-a9d9d5fadb93
[01Jul2025 20:09:34.582] [modloading-worker-0/INFO] [Enigmatic Legacy/]: Believer: PikachuGabe0, UUID: ca7b21a6-76a5-4ea6-af48-b90f66e4f2b1
[01Jul2025 20:09:34.582] [modloading-worker-0/INFO] [Enigmatic Legacy/]: Believer: Purifier, UUID: 58c97c29-2c25-4320-a1d2-8e5651de506b
[01Jul2025 20:09:34.582] [modloading-worker-0/INFO] [Enigmatic Legacy/]: Believer: Sam/Barker, UUID: 0179c9aa-12c8-423c-bf96-d53c9ed479dd
[01Jul2025 20:09:34.582] [modloading-worker-0/INFO] [Enigmatic Legacy/]: Believer: Ciege, UUID: 48b866bf-a574-4a10-b7bd-2d83d056452d
[01Jul2025 20:09:34.582] [modloading-worker-0/INFO] [Enigmatic Legacy/]: Believer: Solbaify, UUID: 5679a7e1-29f4-4bdc-bd60-5f642d95ad68
[01Jul2025 20:09:34.582] [modloading-worker-0/INFO] [Enigmatic Legacy/]: Believer: Samola345, UUID: b657c54f-3174-4434-bed8-14d7be8634b3
[01Jul2025 20:09:34.582] [modloading-worker-0/INFO] [Enigmatic Legacy/]: Believer: Ozzi, UUID: 7d52df8b-963d-45c2-9c8a-aa7f20ae0659
[01Jul2025 20:09:34.582] [modloading-worker-0/INFO] [Enigmatic Legacy/]: Believer: Arix, UUID: c13feccd-e582-4ae1-aee7-35e8acf7e9e1
[01Jul2025 20:09:34.582] [modloading-worker-0/INFO] [Enigmatic Legacy/]: Believer: Nechronom, UUID: 84b933b8-9688-4021-a039-eed55c985548
[01Jul2025 20:09:34.582] [modloading-worker-0/INFO] [Enigmatic Legacy/]: Believer: Thauma, UUID: facc8bc4-a623-47dc-af89-ba979ac159b5
[01Jul2025 20:09:34.582] [modloading-worker-0/INFO] [Enigmatic Legacy/]: Believer: GrekvarZikurah, UUID: f251c109-8214-4882-b0b4-332441843a50
[01Jul2025 20:09:34.582] [modloading-worker-0/INFO] [Enigmatic Legacy/]: Believer: Sebaty5, UUID: c6dd33f1-e851-40b4-840d-6af5ebe4ea3b
[01Jul2025 20:09:34.582] [modloading-worker-0/INFO] [Enigmatic Legacy/]: Believer: MarceDev, UUID: 24b26788-1ce6-44a6-a4df-45202850a9ef
[01Jul2025 20:09:34.582] [modloading-worker-0/INFO] [Enigmatic Legacy/]: Believer: Xathanon, UUID: 806dc0b8-7d90-4776-b870-37fda466a13f
[01Jul2025 20:09:34.582] [modloading-worker-0/INFO] [Enigmatic Legacy/]: Believer: Jusey1, UUID: 5f311b1c-8557-42cc-9c33-3605ea8f524f
[01Jul2025 20:09:34.582] [modloading-worker-0/INFO] [Enigmatic Legacy/]: Believer: swagfredbear27, UUID: c98b3962-3ea9-47f8-820d-134ce2691af0
[01Jul2025 20:09:34.582] [modloading-worker-0/INFO] [Enigmatic Legacy/]: Believer: CrazyHamburger, UUID: 57282a53-522e-4f8c-9f44-19d2068668d7
[01Jul2025 20:09:34.583] [modloading-worker-0/INFO] [Enigmatic Legacy/]: Believer: UwUent, UUID: 43124493-b135-4467-8460-f04e7e845b63
[01Jul2025 20:09:34.583] [modloading-worker-0/INFO] [Enigmatic Legacy/]: Believer: angelman, UUID: 85efda35-7bc1-48c5-a392-f3c23047212f
[01Jul2025 20:09:34.583] [modloading-worker-0/INFO] [Enigmatic Legacy/]: Believer: Madis0, UUID: 581a3f25-db2c-4e52-9823-62e9e4730daa
[01Jul2025 20:09:34.583] [modloading-worker-0/INFO] [Enigmatic Legacy/]: Believer: Destiny, UUID: 38edb8bc-816f-47b7-95d9-f67af6017f2f
[01Jul2025 20:09:34.583] [modloading-worker-0/INFO] [Enigmatic Legacy/INFO]: Load completion phase finished successfully
[01Jul2025 20:09:34.772] [main/INFO] [com.teampotato.redirector.Redirector/]: Redirecting org/embeddedt/modernfix/util/BakeReason
[01Jul2025 20:09:34.906] [main/INFO] [com.mojang.authlib.yggdrasil.YggdrasilAuthenticationService/]: Environment: authHost='https://authserver.mojang.com', accountsHost='https://api.mojang.com', sessionHost='https://sessionserver.mojang.com', servicesHost='https://api.minecraftservices.com', name='PROD'
[01Jul2025 20:09:34.948] [main/WARN] [io.redspace.ironsspellbooks.IronsSpellbooks/]: DataFixLevelStorageSourceMixin failed to load ./world/level.dat, ./world/level.dat (No such file or directory)
[01Jul2025 20:09:34.951] [main/WARN] [io.redspace.ironsspellbooks.IronsSpellbooks/]: DataFixLevelStorageSourceMixin failed to load ./world/level.dat, ./world/level.dat (No such file or directory)
[01Jul2025 20:09:34.956] [Forge Version Check/INFO] [net.minecraftforge.fml.VersionChecker/]: [advancementplaques] Found status: UP_TO_DATE Current: 1.4.7 Target: null
[01Jul2025 20:09:34.959] [Forge Version Check/INFO] [net.minecraftforge.fml.VersionChecker/]: [gamestages] Starting version check at https://updates.blamejared.com/get?n=gamestages&gv=1.19.2
[01Jul2025 20:09:34.982] [main/WARN] [net.minecraft.server.packs.VanillaPackResources/]: Assets URL 'union:/workspaces/cisco/servidor_minecraft/libraries/net/minecraft/server/1.19.2-20220805.130853/server-1.19.2-20220805.130853-srg.jar%23565!/assets/.mcassetsroot' uses unexpected schema
[01Jul2025 20:09:34.983] [main/WARN] [net.minecraft.server.packs.VanillaPackResources/]: Assets URL 'union:/workspaces/cisco/servidor_minecraft/libraries/net/minecraft/server/1.19.2-20220805.130853/server-1.19.2-20220805.130853-srg.jar%23565!/data/.mcassetsroot' uses unexpected schema
[01Jul2025 20:09:35.051] [main/INFO] [com.teampotato.redirector.Redirector/]: Redirecting net/minecraft/server/packs/repository/Pack$Position
[01Jul2025 20:09:35.059] [main/INFO] [com.teampotato.redirector.Redirector/]: Redirecting de/cristelknight999/t_and_t/utils/RepositorySourceMaker$FilePackType
[01Jul2025 20:09:35.060] [main/WARN] [io.redspace.ironsspellbooks.IronsSpellbooks/]: DataFixLevelStorageSourceMixin failed to load ./world/level.dat, ./world/level.dat (No such file or directory)
[01Jul2025 20:09:35.100] [main/INFO] [com.teampotato.redirector.Redirector/]: Redirecting net/minecraft/server/packs/repository/PackCompatibility
[01Jul2025 20:09:35.104] [Forge Version Check/INFO] [net.minecraftforge.fml.VersionChecker/]: [gamestages] Found status: BETA_OUTDATED Current: 11.1.4 Target: 11.1.5
[01Jul2025 20:09:35.104] [Forge Version Check/INFO] [net.minecraftforge.fml.VersionChecker/]: [cumulus_menus] Starting version check at https://github.com/The-Aether-Team/Cumulus/raw/1.19.2-develop/update.json
[01Jul2025 20:09:35.105] [main/INFO] [com.teampotato.redirector.Redirector/]: Redirecting net/minecraft/Util$OS
[01Jul2025 20:09:35.146] [main/INFO] [net.minecraft.server.MinecraftServer/]: Found new data pack Cisco Rpg Affix settings, loading it automatically
[01Jul2025 20:09:35.146] [main/INFO] [net.minecraft.server.MinecraftServer/]: Found new data pack Cisco Rpg Gateways, loading it automatically
[01Jul2025 20:09:35.146] [main/INFO] [net.minecraft.server.MinecraftServer/]: Found new data pack Cisco Rpg Spell Power Buff, loading it automatically
[01Jul2025 20:09:35.146] [main/INFO] [net.minecraft.server.MinecraftServer/]: Found new data pack Cisco Rpg Spell Power Iron Spells, loading it automatically
[01Jul2025 20:09:35.146] [main/INFO] [net.minecraft.server.MinecraftServer/]: Found new data pack Cisco's Rpg Origins 1.0.9.zip, loading it automatically
[01Jul2025 20:09:35.146] [main/INFO] [net.minecraft.server.MinecraftServer/]: Found new data pack CiscoRpg Gateway Fix, loading it automatically
[01Jul2025 20:09:35.146] [main/INFO] [net.minecraft.server.MinecraftServer/]: Found new data pack CiscoRpgClassDisable, loading it automatically
[01Jul2025 20:09:35.146] [main/INFO] [net.minecraft.server.MinecraftServer/]: Found new data pack CiscoRpgLeveling, loading it automatically
[01Jul2025 20:09:35.146] [main/INFO] [net.minecraft.server.MinecraftServer/]: Found new data pack CiscoRpgOrigin, loading it automatically
[01Jul2025 20:09:35.146] [main/INFO] [net.minecraft.server.MinecraftServer/]: Found new data pack EE Modded 1.18.zip, loading it automatically
[01Jul2025 20:09:35.146] [main/INFO] [net.minecraft.server.MinecraftServer/]: Found new data pack Gem of the Royal Fam Anti OP, loading it automatically
[01Jul2025 20:09:35.147] [main/INFO] [net.minecraft.server.MinecraftServer/]: Found new data pack Origins_Expanded_Foods_v2.1+1.19.2.zip, loading it automatically
[01Jul2025 20:09:35.147] [main/INFO] [net.minecraft.server.MinecraftServer/]: Found new data pack Repurposed_Structures-Better_Monuments_v5.zip, loading it automatically
[01Jul2025 20:09:35.147] [main/INFO] [net.minecraft.server.MinecraftServer/]: Found new data pack Repurposed_Structures-Better_Nether_Fortress_v5.zip, loading it automatically
[01Jul2025 20:09:35.147] [main/INFO] [net.minecraft.server.MinecraftServer/]: Found new data pack Repurposed_Structures-Better_Strongholds_v4.zip, loading it automatically
[01Jul2025 20:09:35.147] [main/INFO] [net.minecraft.server.MinecraftServer/]: Found new data pack Repurposed_Structures-Farmers_Delight_v5.zip, loading it automatically
[01Jul2025 20:09:35.147] [main/INFO] [net.minecraft.server.MinecraftServer/]: Found new data pack Repurposed_Structures-Savage_And_Ravage_v6.zip, loading it automatically
[01Jul2025 20:09:35.147] [main/INFO] [net.minecraft.server.MinecraftServer/]: Found new data pack Towns and towers structure fix, loading it automatically
[01Jul2025 20:09:35.147] [main/INFO] [net.minecraft.server.MinecraftServer/]: Found new data pack lootintegrations, loading it automatically
[01Jul2025 20:09:35.147] [main/INFO] [net.minecraft.server.MinecraftServer/]: Found new data pack t_and_t_waystones_patch_1.19.2.zip, loading it automatically
[01Jul2025 20:09:35.271] [Forge Version Check/INFO] [net.minecraftforge.fml.VersionChecker/]: [cumulus_menus] Found status: UP_TO_DATE Current: 1.19.2-1.0.0-forge Target: null
[01Jul2025 20:09:35.272] [Forge Version Check/INFO] [net.minecraftforge.fml.VersionChecker/]: [pluto] Starting version check at https://github.com/AbdElAziz333/Pluto/blob/mc1.19.2/dev/updates.json
[01Jul2025 20:09:35.523] [Forge Version Check/WARN] [net.minecraftforge.fml.VersionChecker/]: Failed to process update information
com.google.gson.JsonSyntaxException: java.lang.IllegalStateException: Expected BEGIN_OBJECT but was STRING at line 7 column 1 path $
	at com.google.gson.Gson.fromJson(Gson.java:975) ~[gson-2.8.9.jar%2370!/:?]
	at com.google.gson.Gson.fromJson(Gson.java:928) ~[gson-2.8.9.jar%2370!/:?]
	at com.google.gson.Gson.fromJson(Gson.java:877) ~[gson-2.8.9.jar%2370!/:?]
	at com.google.gson.Gson.fromJson(Gson.java:848) ~[gson-2.8.9.jar%2370!/:?]
	at net.minecraftforge.fml.VersionChecker$1.process(VersionChecker.java:183) ~[fmlcore-1.19.2-43.4.2.jar%23566!/:?]
	at java.lang.Iterable.forEach(Iterable.java:75) [?:?]
	at net.minecraftforge.fml.VersionChecker$1.run(VersionChecker.java:114) [fmlcore-1.19.2-43.4.2.jar%23566!/:?]
Caused by: java.lang.IllegalStateException: Expected BEGIN_OBJECT but was STRING at line 7 column 1 path $
	at com.google.gson.stream.JsonReader.beginObject(JsonReader.java:384) ~[gson-2.8.9.jar%2370!/:?]
	at com.google.gson.internal.bind.MapTypeAdapterFactory$Adapter.read(MapTypeAdapterFactory.java:183) ~[gson-2.8.9.jar%2370!/:?]
	at com.google.gson.internal.bind.MapTypeAdapterFactory$Adapter.read(MapTypeAdapterFactory.java:145) ~[gson-2.8.9.jar%2370!/:?]
	at com.google.gson.Gson.fromJson(Gson.java:963) ~[gson-2.8.9.jar%2370!/:?]
	... 6 more
[01Jul2025 20:09:35.526] [Forge Version Check/INFO] [net.minecraftforge.fml.VersionChecker/]: [toms_storage] Starting version check at https://raw.githubusercontent.com/tom5454/Toms-Storage/master/version-check.json
[01Jul2025 20:09:35.541] [Forge Version Check/INFO] [net.minecraftforge.fml.VersionChecker/]: [toms_storage] Found status: BETA Current: 1.5.11 Target: 1.5.11
[01Jul2025 20:09:35.543] [Forge Version Check/INFO] [net.minecraftforge.fml.VersionChecker/]: [majruszlibrary] Starting version check at https://raw.githubusercontent.com/Majrusz/MinecraftCommon/main/Library/update.json
[01Jul2025 20:09:35.555] [Forge Version Check/INFO] [net.minecraftforge.fml.VersionChecker/]: [majruszlibrary] Found status: AHEAD Current: 7.0.5-backport.1 Target: null
[01Jul2025 20:09:35.555] [Forge Version Check/INFO] [net.minecraftforge.fml.VersionChecker/]: [mutantmonsters] Starting version check at https://raw.githubusercontent.com/Fuzss/modresources/main/update/mutantmonsters.json
[01Jul2025 20:09:35.569] [Forge Version Check/INFO] [net.minecraftforge.fml.VersionChecker/]: [mutantmonsters] Found status: UP_TO_DATE Current: 4.0.6 Target: null
[01Jul2025 20:09:35.570] [Forge Version Check/INFO] [net.minecraftforge.fml.VersionChecker/]: [attributefix] Starting version check at https://updates.blamejared.com/get?n=attributefix&gv=1.19.2
[01Jul2025 20:09:35.716] [Forge Version Check/INFO] [net.minecraftforge.fml.VersionChecker/]: [attributefix] Found status: BETA Current: 17.2.8 Target: 17.2.8
[01Jul2025 20:09:35.716] [Forge Version Check/INFO] [net.minecraftforge.fml.VersionChecker/]: [crafttweaker] Starting version check at https://updates.blamejared.com/get?n=crafttweaker&gv=1.19.2
[01Jul2025 20:09:35.870] [Forge Version Check/INFO] [net.minecraftforge.fml.VersionChecker/]: [crafttweaker] Found status: BETA_OUTDATED Current: 10.1.55 Target: 10.1.56
[01Jul2025 20:09:35.870] [Forge Version Check/INFO] [net.minecraftforge.fml.VersionChecker/]: [forge] Starting version check at https://files.minecraftforge.net/net/minecraftforge/forge/promotions_slim.json
[01Jul2025 20:09:36.013] [main/ERROR] [net.minecraftforge.fml.loading.RuntimeDistCleaner/DISTXFORM]: Attempted to load class com/mojang/blaze3d/vertex/PoseStack for invalid dist DEDICATED_SERVER
[01Jul2025 20:09:36.024] [main/INFO] [KubeJS Server/]: example.js#5: Hello, World! (Loaded server scripts)
[01Jul2025 20:09:36.024] [main/INFO] [KubeJS Server/]: Loaded script server_scripts:example.js in 0.001 s
[01Jul2025 20:09:36.024] [main/INFO] [KubeJS Server/]: Loaded 1/1 KubeJS server scripts in 0.014 s
[01Jul2025 20:09:36.025] [main/INFO] [KubeJS Server/]: Scripts loaded
[01Jul2025 20:09:36.085] [Forge Version Check/INFO] [net.minecraftforge.fml.VersionChecker/]: [forge] Found status: OUTDATED Current: 43.4.2 Target: 43.5.0
[01Jul2025 20:09:36.085] [Forge Version Check/INFO] [net.minecraftforge.fml.VersionChecker/]: [commonality] Starting version check at https://api.modrinth.com/updates/apexcore/forge_updates.json
[01Jul2025 20:09:36.369] [Forge Version Check/INFO] [net.minecraftforge.fml.VersionChecker/]: [commonality] Found status: OUTDATED Current: 4.2.1 Target: 7.3.1
[01Jul2025 20:09:36.370] [Forge Version Check/INFO] [net.minecraftforge.fml.VersionChecker/]: [canary] Starting version check at https://github.com/AbdElAziz333/Canary/raw/mc1.19.2/dev/updates.json
[01Jul2025 20:09:36.443] [Forge Version Check/INFO] [net.minecraftforge.fml.VersionChecker/]: [canary] Found status: UP_TO_DATE Current: 0.3.3 Target: null
[01Jul2025 20:09:36.443] [Forge Version Check/INFO] [net.minecraftforge.fml.VersionChecker/]: [puzzleslib] Starting version check at https://raw.githubusercontent.com/Fuzss/modresources/main/update/puzzleslib.json
[01Jul2025 20:09:36.456] [Forge Version Check/INFO] [net.minecraftforge.fml.VersionChecker/]: [puzzleslib] Found status: UP_TO_DATE Current: 4.4.3 Target: null
[01Jul2025 20:09:36.456] [Forge Version Check/INFO] [net.minecraftforge.fml.VersionChecker/]: [blue_skies] Starting version check at http://changelogs.moddinglegacy.com/blue-skies.json
[01Jul2025 20:09:37.111] [Forge Version Check/INFO] [net.minecraftforge.fml.VersionChecker/]: [blue_skies] Found status: UP_TO_DATE Current: 1.3.20 Target: null
[01Jul2025 20:09:37.111] [Forge Version Check/INFO] [net.minecraftforge.fml.VersionChecker/]: [aether] Starting version check at https://github.com/The-Aether-Team/The-Aether/raw/1.19.2-develop/update.json
[01Jul2025 20:09:37.281] [Forge Version Check/INFO] [net.minecraftforge.fml.VersionChecker/]: [aether] Found status: OUTDATED Current: 1.19.2-1.4.2-forge Target: 1.19.2-1.5.1-forge
[01Jul2025 20:09:37.281] [Forge Version Check/INFO] [net.minecraftforge.fml.VersionChecker/]: [controlling] Starting version check at https://updates.blamejared.com/get?n=controlling&gv=1.19.2
[01Jul2025 20:09:37.345] [main/INFO] [com.teampotato.redirector.Redirector/]: Redirecting com/telepathicgrunt/repurposedstructures/world/structures/GenericJigsawStructure$BURYING_TYPE
[01Jul2025 20:09:37.355] [main/INFO] [com.teampotato.redirector.Redirector/]: Redirecting com/telepathicgrunt/repurposedstructures/world/structures/GenericNetherJigsawStructure$LAND_SEARCH_DIRECTION
[01Jul2025 20:09:37.377] [main/INFO] [com.teampotato.redirector.Redirector/]: Redirecting com/yungnickyoung/minecraft/bettermineshafts/world/config/BetterMineshaftConfiguration$LegVariant
[01Jul2025 20:09:37.421] [main/INFO] [com.teampotato.redirector.Redirector/]: Redirecting com/telepathicgrunt/repurposedstructures/world/predicates/MatterPhaseRuleTest$MATTER_PHASE
[01Jul2025 20:09:37.426] [Forge Version Check/INFO] [net.minecraftforge.fml.VersionChecker/]: [controlling] Found status: BETA Current: 10.0+7 Target: 10.0+7
[01Jul2025 20:09:37.429] [Forge Version Check/INFO] [net.minecraftforge.fml.VersionChecker/]: [prism] Starting version check at https://mc-update-check.anthonyhilyard.com/638111
[01Jul2025 20:09:37.497] [Forge Version Check/INFO] [net.minecraftforge.fml.VersionChecker/]: [prism] Found status: UP_TO_DATE Current: 1.0.2 Target: null
[01Jul2025 20:09:37.497] [Forge Version Check/INFO] [net.minecraftforge.fml.VersionChecker/]: [bookshelf] Starting version check at https://updates.blamejared.com/get?n=bookshelf&gv=1.19.2
[01Jul2025 20:09:37.619] [main/INFO] [com.teampotato.redirector.Redirector/]: Redirecting com/yungnickyoung/minecraft/betterdungeons/world/DungeonType
[01Jul2025 20:09:37.641] [Forge Version Check/INFO] [net.minecraftforge.fml.VersionChecker/]: [bookshelf] Found status: BETA Current: 16.3.20 Target: 16.3.20
[01Jul2025 20:09:37.641] [Forge Version Check/INFO] [net.minecraftforge.fml.VersionChecker/]: [twilightforest] Starting version check at https://gh.tamaized.com/TeamTwilight/twilightforest/update.json
[01Jul2025 20:09:38.118] [Forge Version Check/INFO] [net.minecraftforge.fml.VersionChecker/]: [twilightforest] Found status: BETA Current: 4.2.1518 Target: null
[01Jul2025 20:09:38.118] [Forge Version Check/INFO] [net.minecraftforge.fml.VersionChecker/]: [no_nv_flash] Starting version check at https://raw.github.com/cofh/version/master/no_nv_flash/update.json
[01Jul2025 20:09:38.657] [Forge Version Check/INFO] [net.minecraftforge.fml.VersionChecker/]: [no_nv_flash] Found status: AHEAD Current: 1.5.0.3 Target: null
[01Jul2025 20:09:38.657] [Forge Version Check/INFO] [net.minecraftforge.fml.VersionChecker/]: [delightful] Starting version check at https://raw.githubusercontent.com/brnbrd/Delightful/1.19/update/update.json
[01Jul2025 20:09:38.671] [Forge Version Check/INFO] [net.minecraftforge.fml.VersionChecker/]: [delightful] Found status: BETA Current: 3.4.1 Target: null
[01Jul2025 20:09:38.671] [Forge Version Check/INFO] [net.minecraftforge.fml.VersionChecker/]: [nightconfigfixes] Starting version check at https://raw.githubusercontent.com/Fuzss/modresources/main/update/nightconfigfixes.json
[01Jul2025 20:09:38.686] [Forge Version Check/INFO] [net.minecraftforge.fml.VersionChecker/]: [nightconfigfixes] Found status: UP_TO_DATE Current: 4.0.7 Target: null
[01Jul2025 20:09:38.686] [Forge Version Check/INFO] [net.minecraftforge.fml.VersionChecker/]: [smallships] Starting version check at https://raw.githubusercontent.com/talhanation/smallships/main/update.json
[01Jul2025 20:09:38.774] [Forge Version Check/INFO] [net.minecraftforge.fml.VersionChecker/]: [smallships] Found status: AHEAD Current: 2.0.0-b1.3.1 Target: null
[01Jul2025 20:09:38.776] [Forge Version Check/INFO] [net.minecraftforge.fml.VersionChecker/]: [majruszsaccessories] Starting version check at https://raw.githubusercontent.com/Majrusz/MinecraftCommon/main/Accessories/update.json
[01Jul2025 20:09:38.787] [Forge Version Check/INFO] [net.minecraftforge.fml.VersionChecker/]: [majruszsaccessories] Found status: AHEAD Current: 1.5.2-backport.2 Target: null
[01Jul2025 20:09:38.787] [Forge Version Check/INFO] [net.minecraftforge.fml.VersionChecker/]: [obscure_api] Starting version check at https://raw.githubusercontent.com/ObscuriaLithium/Home/main/obscure_api/versions.json
[01Jul2025 20:09:38.799] [Forge Version Check/WARN] [net.minecraftforge.fml.VersionChecker/]: Failed to process update information
com.google.gson.JsonSyntaxException: java.lang.IllegalStateException: Expected BEGIN_OBJECT but was NUMBER at line 1 column 4 path $
	at com.google.gson.Gson.fromJson(Gson.java:975) ~[gson-2.8.9.jar%2370!/:?]
	at com.google.gson.Gson.fromJson(Gson.java:928) ~[gson-2.8.9.jar%2370!/:?]
	at com.google.gson.Gson.fromJson(Gson.java:877) ~[gson-2.8.9.jar%2370!/:?]
	at com.google.gson.Gson.fromJson(Gson.java:848) ~[gson-2.8.9.jar%2370!/:?]
	at net.minecraftforge.fml.VersionChecker$1.process(VersionChecker.java:183) ~[fmlcore-1.19.2-43.4.2.jar%23566!/:?]
	at java.lang.Iterable.forEach(Iterable.java:75) [?:?]
	at net.minecraftforge.fml.VersionChecker$1.run(VersionChecker.java:114) [fmlcore-1.19.2-43.4.2.jar%23566!/:?]
Caused by: java.lang.IllegalStateException: Expected BEGIN_OBJECT but was NUMBER at line 1 column 4 path $
	at com.google.gson.stream.JsonReader.beginObject(JsonReader.java:384) ~[gson-2.8.9.jar%2370!/:?]
	at com.google.gson.internal.bind.MapTypeAdapterFactory$Adapter.read(MapTypeAdapterFactory.java:183) ~[gson-2.8.9.jar%2370!/:?]
	at com.google.gson.internal.bind.MapTypeAdapterFactory$Adapter.read(MapTypeAdapterFactory.java:145) ~[gson-2.8.9.jar%2370!/:?]
	at com.google.gson.Gson.fromJson(Gson.java:963) ~[gson-2.8.9.jar%2370!/:?]
	... 6 more
[01Jul2025 20:09:38.800] [Forge Version Check/INFO] [net.minecraftforge.fml.VersionChecker/]: [aquamirae] Starting version check at https://raw.githubusercontent.com/ObscuriaLithium/Home/main/aquamirae/versions.json
[01Jul2025 20:09:38.908] [Forge Version Check/WARN] [net.minecraftforge.fml.VersionChecker/]: Failed to process update information
com.google.gson.JsonSyntaxException: java.lang.IllegalStateException: Expected BEGIN_OBJECT but was NUMBER at line 1 column 4 path $
	at com.google.gson.Gson.fromJson(Gson.java:975) ~[gson-2.8.9.jar%2370!/:?]
	at com.google.gson.Gson.fromJson(Gson.java:928) ~[gson-2.8.9.jar%2370!/:?]
	at com.google.gson.Gson.fromJson(Gson.java:877) ~[gson-2.8.9.jar%2370!/:?]
	at com.google.gson.Gson.fromJson(Gson.java:848) ~[gson-2.8.9.jar%2370!/:?]
	at net.minecraftforge.fml.VersionChecker$1.process(VersionChecker.java:183) ~[fmlcore-1.19.2-43.4.2.jar%23566!/:?]
	at java.lang.Iterable.forEach(Iterable.java:75) [?:?]
	at net.minecraftforge.fml.VersionChecker$1.run(VersionChecker.java:114) [fmlcore-1.19.2-43.4.2.jar%23566!/:?]
Caused by: java.lang.IllegalStateException: Expected BEGIN_OBJECT but was NUMBER at line 1 column 4 path $
	at com.google.gson.stream.JsonReader.beginObject(JsonReader.java:384) ~[gson-2.8.9.jar%2370!/:?]
	at com.google.gson.internal.bind.MapTypeAdapterFactory$Adapter.read(MapTypeAdapterFactory.java:183) ~[gson-2.8.9.jar%2370!/:?]
	at com.google.gson.internal.bind.MapTypeAdapterFactory$Adapter.read(MapTypeAdapterFactory.java:145) ~[gson-2.8.9.jar%2370!/:?]
	at com.google.gson.Gson.fromJson(Gson.java:963) ~[gson-2.8.9.jar%2370!/:?]
	... 6 more
[01Jul2025 20:09:38.909] [Forge Version Check/INFO] [net.minecraftforge.fml.VersionChecker/]: [clumps] Starting version check at https://updates.blamejared.com/get?n=clumps&gv=1.19.2
[01Jul2025 20:09:39.054] [Forge Version Check/INFO] [net.minecraftforge.fml.VersionChecker/]: [clumps] Found status: BETA Current: 9.0.0+14 Target: 9.0.0+14
[01Jul2025 20:09:39.054] [Forge Version Check/INFO] [net.minecraftforge.fml.VersionChecker/]: [badmobs] Starting version check at https://updates.blamejared.com/get?n=badmobs&gv=1.19.2
[01Jul2025 20:09:39.197] [Forge Version Check/INFO] [net.minecraftforge.fml.VersionChecker/]: [badmobs] Found status: BETA Current: 16.1.3 Target: 16.1.3
[01Jul2025 20:09:39.197] [Forge Version Check/INFO] [net.minecraftforge.fml.VersionChecker/]: [dungeons_andtaverns_mr] Starting version check at https://api.modrinth.comauth/init?url=https://modrinth.com/datapack/dungeons-and-taverns/version/2.0.2/updates/tpehi7ww/forge_updates.json
[01Jul2025 20:09:39.388] [Forge Version Check/WARN] [net.minecraftforge.fml.VersionChecker/]: Failed to process update information
java.net.ConnectException: null
	at jdk.internal.net.http.HttpClientImpl.send(HttpClientImpl.java:574) ~[java.net.http:?]
	at jdk.internal.net.http.HttpClientFacade.send(HttpClientFacade.java:123) ~[java.net.http:?]
	at net.minecraftforge.fml.VersionChecker$1.openUrlString(VersionChecker.java:139) ~[fmlcore-1.19.2-43.4.2.jar%23566!/:?]
	at net.minecraftforge.fml.VersionChecker$1.process(VersionChecker.java:177) ~[fmlcore-1.19.2-43.4.2.jar%23566!/:?]
	at java.lang.Iterable.forEach(Iterable.java:75) [?:?]
	at net.minecraftforge.fml.VersionChecker$1.run(VersionChecker.java:114) [fmlcore-1.19.2-43.4.2.jar%23566!/:?]
Caused by: java.net.ConnectException
	at jdk.internal.net.http.common.Utils.toConnectException(Utils.java:1083) ~[java.net.http:?]
	at jdk.internal.net.http.PlainHttpConnection.connectAsync(PlainHttpConnection.java:198) ~[java.net.http:?]
	at jdk.internal.net.http.AsyncSSLConnection.connectAsync(AsyncSSLConnection.java:56) ~[java.net.http:?]
	at jdk.internal.net.http.Http2Connection.createAsync(Http2Connection.java:443) ~[java.net.http:?]
	at jdk.internal.net.http.Http2ClientImpl.getConnectionFor(Http2ClientImpl.java:131) ~[java.net.http:?]
	at jdk.internal.net.http.ExchangeImpl.get(ExchangeImpl.java:93) ~[java.net.http:?]
	at jdk.internal.net.http.Exchange.establishExchange(Exchange.java:349) ~[java.net.http:?]
	at jdk.internal.net.http.Exchange.responseAsyncImpl0(Exchange.java:542) ~[java.net.http:?]
	at jdk.internal.net.http.Exchange.responseAsyncImpl(Exchange.java:386) ~[java.net.http:?]
	at jdk.internal.net.http.Exchange.responseAsync(Exchange.java:378) ~[java.net.http:?]
	at jdk.internal.net.http.MultiExchange.responseAsyncImpl(MultiExchange.java:408) ~[java.net.http:?]
	at jdk.internal.net.http.MultiExchange.lambda$responseAsyncImpl$7(MultiExchange.java:449) ~[java.net.http:?]
	at java.util.concurrent.CompletableFuture.uniHandle(CompletableFuture.java:934) ~[?:?]
	at java.util.concurrent.CompletableFuture.uniHandleStage(CompletableFuture.java:950) ~[?:?]
	at java.util.concurrent.CompletableFuture.handle(CompletableFuture.java:2340) ~[?:?]
	at jdk.internal.net.http.MultiExchange.responseAsyncImpl(MultiExchange.java:439) ~[java.net.http:?]
	at jdk.internal.net.http.MultiExchange.lambda$responseAsync0$2(MultiExchange.java:341) ~[java.net.http:?]
	at java.util.concurrent.CompletableFuture$UniCompose.tryFire(CompletableFuture.java:1150) ~[?:?]
	at java.util.concurrent.CompletableFuture.postComplete(CompletableFuture.java:510) ~[?:?]
	at java.util.concurrent.CompletableFuture$AsyncSupply.run(CompletableFuture.java:1773) ~[?:?]
	at jdk.internal.net.http.HttpClientImpl$DelegatingExecutor.execute(HttpClientImpl.java:158) ~[java.net.http:?]
	at java.util.concurrent.CompletableFuture.completeAsync(CompletableFuture.java:2673) ~[?:?]
	at jdk.internal.net.http.MultiExchange.responseAsync(MultiExchange.java:294) ~[java.net.http:?]
	at jdk.internal.net.http.HttpClientImpl.sendAsync(HttpClientImpl.java:659) ~[java.net.http:?]
	at jdk.internal.net.http.HttpClientImpl.send(HttpClientImpl.java:553) ~[java.net.http:?]
	... 5 more
Caused by: java.nio.channels.UnresolvedAddressException
	at sun.nio.ch.Net.checkAddress(Net.java:149) ~[?:?]
	at sun.nio.ch.Net.checkAddress(Net.java:157) ~[?:?]
	at sun.nio.ch.SocketChannelImpl.checkRemote(SocketChannelImpl.java:816) ~[?:?]
	at sun.nio.ch.SocketChannelImpl.connect(SocketChannelImpl.java:839) ~[?:?]
	at jdk.internal.net.http.PlainHttpConnection.lambda$connectAsync$0(PlainHttpConnection.java:183) ~[java.net.http:?]
	at java.security.AccessController.doPrivileged(AccessController.java:569) ~[?:?]
	at jdk.internal.net.http.PlainHttpConnection.connectAsync(PlainHttpConnection.java:185) ~[java.net.http:?]
	at jdk.internal.net.http.AsyncSSLConnection.connectAsync(AsyncSSLConnection.java:56) ~[java.net.http:?]
	at jdk.internal.net.http.Http2Connection.createAsync(Http2Connection.java:443) ~[java.net.http:?]
	at jdk.internal.net.http.Http2ClientImpl.getConnectionFor(Http2ClientImpl.java:131) ~[java.net.http:?]
	at jdk.internal.net.http.ExchangeImpl.get(ExchangeImpl.java:93) ~[java.net.http:?]
	at jdk.internal.net.http.Exchange.establishExchange(Exchange.java:349) ~[java.net.http:?]
	at jdk.internal.net.http.Exchange.responseAsyncImpl0(Exchange.java:542) ~[java.net.http:?]
	at jdk.internal.net.http.Exchange.responseAsyncImpl(Exchange.java:386) ~[java.net.http:?]
	at jdk.internal.net.http.Exchange.responseAsync(Exchange.java:378) ~[java.net.http:?]
	at jdk.internal.net.http.MultiExchange.responseAsyncImpl(MultiExchange.java:408) ~[java.net.http:?]
	at jdk.internal.net.http.MultiExchange.lambda$responseAsyncImpl$7(MultiExchange.java:449) ~[java.net.http:?]
	at java.util.concurrent.CompletableFuture.uniHandle(CompletableFuture.java:934) ~[?:?]
	at java.util.concurrent.CompletableFuture.uniHandleStage(CompletableFuture.java:950) ~[?:?]
	at java.util.concurrent.CompletableFuture.handle(CompletableFuture.java:2340) ~[?:?]
	at jdk.internal.net.http.MultiExchange.responseAsyncImpl(MultiExchange.java:439) ~[java.net.http:?]
	at jdk.internal.net.http.MultiExchange.lambda$responseAsync0$2(MultiExchange.java:341) ~[java.net.http:?]
	at java.util.concurrent.CompletableFuture$UniCompose.tryFire(CompletableFuture.java:1150) ~[?:?]
	at java.util.concurrent.CompletableFuture.postComplete(CompletableFuture.java:510) ~[?:?]
	at java.util.concurrent.CompletableFuture$AsyncSupply.run(CompletableFuture.java:1773) ~[?:?]
	at jdk.internal.net.http.HttpClientImpl$DelegatingExecutor.execute(HttpClientImpl.java:158) ~[java.net.http:?]
	at java.util.concurrent.CompletableFuture.completeAsync(CompletableFuture.java:2673) ~[?:?]
	at jdk.internal.net.http.MultiExchange.responseAsync(MultiExchange.java:294) ~[java.net.http:?]
	at jdk.internal.net.http.HttpClientImpl.sendAsync(HttpClientImpl.java:659) ~[java.net.http:?]
	at jdk.internal.net.http.HttpClientImpl.send(HttpClientImpl.java:553) ~[java.net.http:?]
	... 5 more
[01Jul2025 20:09:39.390] [Forge Version Check/INFO] [net.minecraftforge.fml.VersionChecker/]: [enchdesc] Starting version check at https://updates.blamejared.com/get?n=enchdesc&gv=1.19.2
[01Jul2025 20:09:39.533] [Forge Version Check/INFO] [net.minecraftforge.fml.VersionChecker/]: [enchdesc] Found status: BETA_OUTDATED Current: 13.0.14 Target: 13.0.20
[01Jul2025 20:09:39.533] [Forge Version Check/INFO] [net.minecraftforge.fml.VersionChecker/]: [moonlight] Starting version check at https://raw.githubusercontent.com/MehVahdJukaar/Moonlight/multi-loader/forge/update.json
[01Jul2025 20:09:39.544] [Forge Version Check/INFO] [net.minecraftforge.fml.VersionChecker/]: [moonlight] Found status: UP_TO_DATE Current: 1.19.2-2.3.7 Target: null
[01Jul2025 20:09:39.544] [Forge Version Check/INFO] [net.minecraftforge.fml.VersionChecker/]: [eccentrictome] Starting version check at https://api.modrinth.com/updates/eccentric-tome/forge_updates.json
[01Jul2025 20:09:39.658] [Forge Version Check/INFO] [net.minecraftforge.fml.VersionChecker/]: [eccentrictome] Found status: UP_TO_DATE Current: 1.19.2-1.10.2 Target: null
[01Jul2025 20:09:39.658] [Forge Version Check/INFO] [net.minecraftforge.fml.VersionChecker/]: [smoothboot] Starting version check at https://github.com/AbdElAziz333/SmoothBoot-Reloaded/raw/mc1.20.1/dev/updates.json
[01Jul2025 20:09:39.728] [Forge Version Check/INFO] [net.minecraftforge.fml.VersionChecker/]: [smoothboot] Found status: UP_TO_DATE Current: 0.0.4 Target: null
[01Jul2025 20:09:39.728] [Forge Version Check/INFO] [net.minecraftforge.fml.VersionChecker/]: [easy_villagers] Starting version check at https://update.maxhenkel.de/forge/easy_villagers
[01Jul2025 20:09:39.872] [Forge Version Check/INFO] [net.minecraftforge.fml.VersionChecker/]: [easy_villagers] Found status: AHEAD Current: 1.19.2-1.1.23 Target: null
[01Jul2025 20:09:39.873] [Forge Version Check/INFO] [net.minecraftforge.fml.VersionChecker/]: [iceberg] Starting version check at https://mc-update-check.anthonyhilyard.com/520110
[01Jul2025 20:09:39.935] [Forge Version Check/INFO] [net.minecraftforge.fml.VersionChecker/]: [iceberg] Found status: UP_TO_DATE Current: 1.1.4 Target: null
[01Jul2025 20:09:39.935] [Forge Version Check/INFO] [net.minecraftforge.fml.VersionChecker/]: [apexcore] Starting version check at https://api.modrinth.com/updates/apexcore/forge_updates.json
[01Jul2025 20:09:40.065] [Forge Version Check/INFO] [net.minecraftforge.fml.VersionChecker/]: [apexcore] Found status: UP_TO_DATE Current: 7.3.1 Target: null
[01Jul2025 20:09:40.065] [Forge Version Check/INFO] [net.minecraftforge.fml.VersionChecker/]: [fantasyfurniture] Starting version check at https://api.modrinth.com/updates/fantasy-furniture/forge_updates.json
[01Jul2025 20:09:40.193] [Forge Version Check/INFO] [net.minecraftforge.fml.VersionChecker/]: [fantasyfurniture] Found status: UP_TO_DATE Current: 6.7.0 Target: null
[01Jul2025 20:09:40.193] [Forge Version Check/INFO] [net.minecraftforge.fml.VersionChecker/]: [majruszsenchantments] Starting version check at https://raw.githubusercontent.com/Majrusz/MinecraftCommon/main/Enchantments/update.json
[01Jul2025 20:09:40.204] [Forge Version Check/INFO] [net.minecraftforge.fml.VersionChecker/]: [majruszsenchantments] Found status: AHEAD Current: 1.10.7-backport.1 Target: null
[01Jul2025 20:09:40.204] [Forge Version Check/INFO] [net.minecraftforge.fml.VersionChecker/]: [overflowingbars] Starting version check at https://raw.githubusercontent.com/Fuzss/modresources/main/update/overflowingbars.json
[01Jul2025 20:09:40.215] [Forge Version Check/INFO] [net.minecraftforge.fml.VersionChecker/]: [overflowingbars] Found status: UP_TO_DATE Current: 4.0.1 Target: null
[01Jul2025 20:09:40.456] [main/WARN] [io.redspace.ironsspellbooks.IronsSpellbooks/]: DataFixLevelStorageSourceMixin failed to load ./world/level.dat, ./world/level.dat (No such file or directory)
[01Jul2025 20:09:40.540] [main/INFO] [com.teampotato.redirector.Redirector/]: Redirecting twilightforest/world/components/layer/GenLayerTFBiomes
[01Jul2025 20:09:40.545] [main/INFO] [com.teampotato.redirector.Redirector/]: Redirecting twilightforest/world/components/layer/GenLayerTFKeyBiomes
[01Jul2025 20:09:40.547] [main/INFO] [com.teampotato.redirector.Redirector/]: Redirecting twilightforest/world/components/layer/GenLayerTFCompanionBiomes
[01Jul2025 20:09:40.548] [main/INFO] [com.teampotato.redirector.Redirector/]: Redirecting twilightforest/world/components/layer/vanillalegacy/ZoomLayer
[01Jul2025 20:09:40.548] [main/INFO] [com.teampotato.redirector.Redirector/]: Redirecting twilightforest/world/components/layer/GenLayerTFBiomeStabilize
[01Jul2025 20:09:40.549] [main/INFO] [com.teampotato.redirector.Redirector/]: Redirecting twilightforest/world/components/layer/GenLayerTFThornBorder
[01Jul2025 20:09:40.550] [main/INFO] [com.teampotato.redirector.Redirector/]: Redirecting twilightforest/world/components/layer/GenLayerTFStream
[01Jul2025 20:09:40.550] [main/INFO] [com.teampotato.redirector.Redirector/]: Redirecting twilightforest/world/components/layer/vanillalegacy/SmoothLayer
[01Jul2025 20:09:40.551] [main/INFO] [com.teampotato.redirector.Redirector/]: Redirecting twilightforest/world/components/layer/GenLayerTFRiverMix
[01Jul2025 20:09:40.646] [main/INFO] [com.teampotato.redirector.Redirector/]: Redirecting net/minecraft/commands/CommandBuildContext$MissingTagAccessPolicy
[01Jul2025 20:09:40.648] [main/INFO] [mixin/]: Mixing AccessorAdvancementCommands from enigmaticlegacy.mixins.json into net.minecraft.server.commands.AdvancementCommands
[01Jul2025 20:09:40.648] [main/INFO] [mixin/]: Renaming @Accessor method getAdvancementSuggestions()Lcom/mojang/brigadier/suggestion/SuggestionProvider; to getAdvancementSuggestions_$md$3226d7$0 in enigmaticlegacy.mixins.json:AccessorAdvancementCommands
[01Jul2025 20:09:40.722] [main/INFO] [net.minecraftforge.coremod.CoreMod.apotheosis/COREMODLOG]: Replaced 2 calls to Enchantment#getMaxLevel() in net/minecraft/server/commands/EnchantCommand
[01Jul2025 20:09:41.049] [main/INFO] [com.teampotato.redirector.Redirector/]: Redirecting io/github/edwinmindcraft/apoli/common/data/PowerLoader
[01Jul2025 20:09:41.051] [main/INFO] [com.teampotato.redirector.Redirector/]: Redirecting io/github/edwinmindcraft/origins/common/data/OriginLoader
[01Jul2025 20:09:41.052] [main/INFO] [com.teampotato.redirector.Redirector/]: Redirecting io/github/edwinmindcraft/origins/api/data/PartialOrigin$Serializer
[01Jul2025 20:09:41.053] [main/INFO] [com.teampotato.redirector.Redirector/]: Redirecting io/github/edwinmindcraft/origins/common/data/LayerLoader
[01Jul2025 20:09:41.055] [main/INFO] [com.teampotato.redirector.Redirector/]: Redirecting io/github/edwinmindcraft/origins/api/data/PartialLayer$Serializer
[01Jul2025 20:09:41.056] [main/INFO] [com.teampotato.redirector.Redirector/]: Redirecting io/github/edwinmindcraft/origins/api/data/PartialGuiTitle$Serializer
[01Jul2025 20:09:41.057] [main/INFO] [com.teampotato.redirector.Redirector/]: Redirecting io/github/edwinmindcraft/origins/api/origin/ConditionedOrigin$Serializer
[01Jul2025 20:09:41.058] [main/INFO] [Calio/]: CDRM Initialized with 15 registries
[01Jul2025 20:09:41.061] [main/INFO] [com.github.alexthe666.alexsmobs.AlexsMobs/]: Adding datapack listener capsid_recipes
[01Jul2025 20:09:41.067] [main/INFO] [com.teampotato.redirector.Redirector/]: Redirecting com/stal111/forbidden_arcanus/common/inventory/InputType
[01Jul2025 20:09:41.112] [Worker-Main1/WARN] [mixin/]: Static binding violation: PRIVATE @Overwrite method m_215924_ in modernfix-forge.mixins.json:perf.tag_id_caching.TagEntryMixin cannot reduce visibiliy of PUBLIC target method, visibility will be upgraded.
[01Jul2025 20:09:41.417] [Worker-Main4/ERROR] [net.minecraft.tags.TagLoader/]: Couldn't load tag [#forge:is_end (from enemyexpansion-2.3.4-forge-1.19.2.jar), #forge:is_end (from EE Modded 1.18.zip)] as it is missing following references: #forge:is_end (from enemyexpansion-2.3.4-forge-1.19.2.jar), 
	#forge:is_end (from EE Modded 1.18.zip)
[01Jul2025 20:09:41.772] [Worker-Main2/ERROR] [net.minecraft.tags.TagLoader/]: Couldn't load tag [quark:soul_stone (from bygonenether-1.3.2-1.19.2.jar)] as it is missing following references: quark:soul_stone (from bygonenether-1.3.2-1.19.2.jar)
[01Jul2025 20:09:41.777] [Worker-Main2/ERROR] [net.minecraft.tags.TagLoader/]: Couldn't load tag [bygonenether:withered_blackstone_vertical_slab (from bygonenether-1.3.2-1.19.2.jar), bygonenether:cracked_withered_blackstone_vertical_slab (from bygonenether-1.3.2-1.19.2.jar), bygonenether:warped_nether_brick_vertical_slab (from bygonenether-1.3.2-1.19.2.jar)] as it is missing following references: bygonenether:withered_blackstone_vertical_slab (from bygonenether-1.3.2-1.19.2.jar), 
	bygonenether:cracked_withered_blackstone_vertical_slab (from bygonenether-1.3.2-1.19.2.jar), 
	bygonenether:warped_nether_brick_vertical_slab (from bygonenether-1.3.2-1.19.2.jar)
[01Jul2025 20:09:41.959] [Worker-Main6/ERROR] [net.minecraft.tags.TagLoader/]: Couldn't load tag [simplyswords:mythicmetals_compat/banglum/banglum_claymore (from simplyswords-forge-1.47.0-1.19.2.jar), simplyswords:mythicmetals_compat/banglum/banglum_cutlass (from simplyswords-forge-1.47.0-1.19.2.jar), simplyswords:mythicmetals_compat/banglum/banglum_glaive (from simplyswords-forge-1.47.0-1.19.2.jar), simplyswords:mythicmetals_compat/banglum/banglum_katana (from simplyswords-forge-1.47.0-1.19.2.jar), simplyswords:mythicmetals_compat/banglum/banglum_longsword (from simplyswords-forge-1.47.0-1.19.2.jar), simplyswords:mythicmetals_compat/banglum/banglum_rapier (from simplyswords-forge-1.47.0-1.19.2.jar), simplyswords:mythicmetals_compat/banglum/banglum_sai (from simplyswords-forge-1.47.0-1.19.2.jar), simplyswords:mythicmetals_compat/banglum/banglum_spear (from simplyswords-forge-1.47.0-1.19.2.jar), simplyswords:mythicmetals_compat/banglum/banglum_twinblade (from simplyswords-forge-1.47.0-1.19.2.jar), simplyswords:mythicmetals_compat/banglum/banglum_warglaive (from simplyswords-forge-1.47.0-1.19.2.jar), simplyswords:mythicmetals_compat/banglum/banglum_greathammer (from simplyswords-forge-1.47.0-1.19.2.jar), simplyswords:mythicmetals_compat/banglum/banglum_greataxe (from simplyswords-forge-1.47.0-1.19.2.jar), simplyswords:mythicmetals_compat/banglum/banglum_chakram (from simplyswords-forge-1.47.0-1.19.2.jar), simplyswords:mythicmetals_compat/banglum/banglum_scythe (from simplyswords-forge-1.47.0-1.19.2.jar), simplyswords:mythicmetals_compat/banglum/halberd_scythe (from simplyswords-forge-1.47.0-1.19.2.jar)] as it is missing following references: simplyswords:mythicmetals_compat/banglum/banglum_claymore (from simplyswords-forge-1.47.0-1.19.2.jar), 
	simplyswords:mythicmetals_compat/banglum/banglum_cutlass (from simplyswords-forge-1.47.0-1.19.2.jar), 
	simplyswords:mythicmetals_compat/banglum/banglum_glaive (from simplyswords-forge-1.47.0-1.19.2.jar), 
	simplyswords:mythicmetals_compat/banglum/banglum_katana (from simplyswords-forge-1.47.0-1.19.2.jar), 
	simplyswords:mythicmetals_compat/banglum/banglum_longsword (from simplyswords-forge-1.47.0-1.19.2.jar), 
	simplyswords:mythicmetals_compat/banglum/banglum_rapier (from simplyswords-forge-1.47.0-1.19.2.jar), 
	simplyswords:mythicmetals_compat/banglum/banglum_sai (from simplyswords-forge-1.47.0-1.19.2.jar), 
	simplyswords:mythicmetals_compat/banglum/banglum_spear (from simplyswords-forge-1.47.0-1.19.2.jar), 
	simplyswords:mythicmetals_compat/banglum/banglum_twinblade (from simplyswords-forge-1.47.0-1.19.2.jar), 
	simplyswords:mythicmetals_compat/banglum/banglum_warglaive (from simplyswords-forge-1.47.0-1.19.2.jar), 
	simplyswords:mythicmetals_compat/banglum/banglum_greathammer (from simplyswords-forge-1.47.0-1.19.2.jar), 
	simplyswords:mythicmetals_compat/banglum/banglum_greataxe (from simplyswords-forge-1.47.0-1.19.2.jar), 
	simplyswords:mythicmetals_compat/banglum/banglum_chakram (from simplyswords-forge-1.47.0-1.19.2.jar), 
	simplyswords:mythicmetals_compat/banglum/banglum_scythe (from simplyswords-forge-1.47.0-1.19.2.jar), 
	simplyswords:mythicmetals_compat/banglum/halberd_scythe (from simplyswords-forge-1.47.0-1.19.2.jar)
[01Jul2025 20:09:41.963] [Worker-Main6/ERROR] [net.minecraft.tags.TagLoader/]: Couldn't load tag [simplyswords:mythicmetals_compat/osmium/osmium_claymore (from simplyswords-forge-1.47.0-1.19.2.jar), simplyswords:mythicmetals_compat/osmium/osmium_cutlass (from simplyswords-forge-1.47.0-1.19.2.jar), simplyswords:mythicmetals_compat/osmium/osmium_glaive (from simplyswords-forge-1.47.0-1.19.2.jar), simplyswords:mythicmetals_compat/osmium/osmium_katana (from simplyswords-forge-1.47.0-1.19.2.jar), simplyswords:mythicmetals_compat/osmium/osmium_longsword (from simplyswords-forge-1.47.0-1.19.2.jar), simplyswords:mythicmetals_compat/osmium/osmium_rapier (from simplyswords-forge-1.47.0-1.19.2.jar), simplyswords:mythicmetals_compat/osmium/osmium_sai (from simplyswords-forge-1.47.0-1.19.2.jar), simplyswords:mythicmetals_compat/osmium/osmium_spear (from simplyswords-forge-1.47.0-1.19.2.jar), simplyswords:mythicmetals_compat/osmium/osmium_twinblade (from simplyswords-forge-1.47.0-1.19.2.jar), simplyswords:mythicmetals_compat/osmium/osmium_warglaive (from simplyswords-forge-1.47.0-1.19.2.jar), simplyswords:mythicmetals_compat/osmium/osmium_greathammer (from simplyswords-forge-1.47.0-1.19.2.jar), simplyswords:mythicmetals_compat/osmium/osmium_greataxe (from simplyswords-forge-1.47.0-1.19.2.jar), simplyswords:mythicmetals_compat/osmium/osmium_chakram (from simplyswords-forge-1.47.0-1.19.2.jar), simplyswords:mythicmetals_compat/osmium/osmium_scythe (from simplyswords-forge-1.47.0-1.19.2.jar), simplyswords:mythicmetals_compat/osmium/osmium_halberd (from simplyswords-forge-1.47.0-1.19.2.jar)] as it is missing following references: simplyswords:mythicmetals_compat/osmium/osmium_claymore (from simplyswords-forge-1.47.0-1.19.2.jar), 
	simplyswords:mythicmetals_compat/osmium/osmium_cutlass (from simplyswords-forge-1.47.0-1.19.2.jar), 
	simplyswords:mythicmetals_compat/osmium/osmium_glaive (from simplyswords-forge-1.47.0-1.19.2.jar), 
	simplyswords:mythicmetals_compat/osmium/osmium_katana (from simplyswords-forge-1.47.0-1.19.2.jar), 
	simplyswords:mythicmetals_compat/osmium/osmium_longsword (from simplyswords-forge-1.47.0-1.19.2.jar), 
	simplyswords:mythicmetals_compat/osmium/osmium_rapier (from simplyswords-forge-1.47.0-1.19.2.jar), 
	simplyswords:mythicmetals_compat/osmium/osmium_sai (from simplyswords-forge-1.47.0-1.19.2.jar), 
	simplyswords:mythicmetals_compat/osmium/osmium_spear (from simplyswords-forge-1.47.0-1.19.2.jar), 
	simplyswords:mythicmetals_compat/osmium/osmium_twinblade (from simplyswords-forge-1.47.0-1.19.2.jar), 
	simplyswords:mythicmetals_compat/osmium/osmium_warglaive (from simplyswords-forge-1.47.0-1.19.2.jar), 
	simplyswords:mythicmetals_compat/osmium/osmium_greathammer (from simplyswords-forge-1.47.0-1.19.2.jar), 
	simplyswords:mythicmetals_compat/osmium/osmium_greataxe (from simplyswords-forge-1.47.0-1.19.2.jar), 
	simplyswords:mythicmetals_compat/osmium/osmium_chakram (from simplyswords-forge-1.47.0-1.19.2.jar), 
	simplyswords:mythicmetals_compat/osmium/osmium_scythe (from simplyswords-forge-1.47.0-1.19.2.jar), 
	simplyswords:mythicmetals_compat/osmium/osmium_halberd (from simplyswords-forge-1.47.0-1.19.2.jar)
[01Jul2025 20:09:41.966] [Worker-Main6/ERROR] [net.minecraft.tags.TagLoader/]: Couldn't load tag [simplyswords:mythicmetals_compat/steel/steel_claymore (from simplyswords-forge-1.47.0-1.19.2.jar), simplyswords:mythicmetals_compat/steel/steel_cutlass (from simplyswords-forge-1.47.0-1.19.2.jar), simplyswords:mythicmetals_compat/steel/steel_glaive (from simplyswords-forge-1.47.0-1.19.2.jar), simplyswords:mythicmetals_compat/steel/steel_katana (from simplyswords-forge-1.47.0-1.19.2.jar), simplyswords:mythicmetals_compat/steel/steel_longsword (from simplyswords-forge-1.47.0-1.19.2.jar), simplyswords:mythicmetals_compat/steel/steel_rapier (from simplyswords-forge-1.47.0-1.19.2.jar), simplyswords:mythicmetals_compat/steel/steel_sai (from simplyswords-forge-1.47.0-1.19.2.jar), simplyswords:mythicmetals_compat/steel/steel_spear (from simplyswords-forge-1.47.0-1.19.2.jar), simplyswords:mythicmetals_compat/steel/steel_twinblade (from simplyswords-forge-1.47.0-1.19.2.jar), simplyswords:mythicmetals_compat/steel/steel_warglaive (from simplyswords-forge-1.47.0-1.19.2.jar), simplyswords:mythicmetals_compat/steel/steel_greathammer (from simplyswords-forge-1.47.0-1.19.2.jar), simplyswords:mythicmetals_compat/steel/steel_greataxe (from simplyswords-forge-1.47.0-1.19.2.jar), simplyswords:mythicmetals_compat/steel/steel_chakram (from simplyswords-forge-1.47.0-1.19.2.jar), simplyswords:mythicmetals_compat/steel/steel_scythe (from simplyswords-forge-1.47.0-1.19.2.jar), simplyswords:mythicmetals_compat/steel/steel_halberd (from simplyswords-forge-1.47.0-1.19.2.jar)] as it is missing following references: simplyswords:mythicmetals_compat/steel/steel_claymore (from simplyswords-forge-1.47.0-1.19.2.jar), 
	simplyswords:mythicmetals_compat/steel/steel_cutlass (from simplyswords-forge-1.47.0-1.19.2.jar), 
	simplyswords:mythicmetals_compat/steel/steel_glaive (from simplyswords-forge-1.47.0-1.19.2.jar), 
	simplyswords:mythicmetals_compat/steel/steel_katana (from simplyswords-forge-1.47.0-1.19.2.jar), 
	simplyswords:mythicmetals_compat/steel/steel_longsword (from simplyswords-forge-1.47.0-1.19.2.jar), 
	simplyswords:mythicmetals_compat/steel/steel_rapier (from simplyswords-forge-1.47.0-1.19.2.jar), 
	simplyswords:mythicmetals_compat/steel/steel_sai (from simplyswords-forge-1.47.0-1.19.2.jar), 
	simplyswords:mythicmetals_compat/steel/steel_spear (from simplyswords-forge-1.47.0-1.19.2.jar), 
	simplyswords:mythicmetals_compat/steel/steel_twinblade (from simplyswords-forge-1.47.0-1.19.2.jar), 
	simplyswords:mythicmetals_compat/steel/steel_warglaive (from simplyswords-forge-1.47.0-1.19.2.jar), 
	simplyswords:mythicmetals_compat/steel/steel_greathammer (from simplyswords-forge-1.47.0-1.19.2.jar), 
	simplyswords:mythicmetals_compat/steel/steel_greataxe (from simplyswords-forge-1.47.0-1.19.2.jar), 
	simplyswords:mythicmetals_compat/steel/steel_chakram (from simplyswords-forge-1.47.0-1.19.2.jar), 
	simplyswords:mythicmetals_compat/steel/steel_scythe (from simplyswords-forge-1.47.0-1.19.2.jar), 
	simplyswords:mythicmetals_compat/steel/steel_halberd (from simplyswords-forge-1.47.0-1.19.2.jar)
[01Jul2025 20:09:41.969] [Worker-Main6/ERROR] [net.minecraft.tags.TagLoader/]: Couldn't load tag [simplyswords:mythicmetals_compat/runite/runite_claymore (from simplyswords-forge-1.47.0-1.19.2.jar), simplyswords:mythicmetals_compat/runite/runite_cutlass (from simplyswords-forge-1.47.0-1.19.2.jar), simplyswords:mythicmetals_compat/runite/runite_glaive (from simplyswords-forge-1.47.0-1.19.2.jar), simplyswords:mythicmetals_compat/runite/runite_katana (from simplyswords-forge-1.47.0-1.19.2.jar), simplyswords:mythicmetals_compat/runite/runite_longsword (from simplyswords-forge-1.47.0-1.19.2.jar), simplyswords:mythicmetals_compat/runite/runite_rapier (from simplyswords-forge-1.47.0-1.19.2.jar), simplyswords:mythicmetals_compat/runite/runite_sai (from simplyswords-forge-1.47.0-1.19.2.jar), simplyswords:mythicmetals_compat/runite/runite_spear (from simplyswords-forge-1.47.0-1.19.2.jar), simplyswords:mythicmetals_compat/runite/runite_twinblade (from simplyswords-forge-1.47.0-1.19.2.jar), simplyswords:mythicmetals_compat/runite/runite_warglaive (from simplyswords-forge-1.47.0-1.19.2.jar), simplyswords:mythicmetals_compat/runite/runite_greathammer (from simplyswords-forge-1.47.0-1.19.2.jar), simplyswords:mythicmetals_compat/runite/runite_greataxe (from simplyswords-forge-1.47.0-1.19.2.jar), simplyswords:mythicmetals_compat/runite/runite_chakram (from simplyswords-forge-1.47.0-1.19.2.jar), simplyswords:mythicmetals_compat/runite/runite_scythe (from simplyswords-forge-1.47.0-1.19.2.jar), simplyswords:mythicmetals_compat/runite/runite_halberd (from simplyswords-forge-1.47.0-1.19.2.jar)] as it is missing following references: simplyswords:mythicmetals_compat/runite/runite_claymore (from simplyswords-forge-1.47.0-1.19.2.jar), 
	simplyswords:mythicmetals_compat/runite/runite_cutlass (from simplyswords-forge-1.47.0-1.19.2.jar), 
	simplyswords:mythicmetals_compat/runite/runite_glaive (from simplyswords-forge-1.47.0-1.19.2.jar), 
	simplyswords:mythicmetals_compat/runite/runite_katana (from simplyswords-forge-1.47.0-1.19.2.jar), 
	simplyswords:mythicmetals_compat/runite/runite_longsword (from simplyswords-forge-1.47.0-1.19.2.jar), 
	simplyswords:mythicmetals_compat/runite/runite_rapier (from simplyswords-forge-1.47.0-1.19.2.jar), 
	simplyswords:mythicmetals_compat/runite/runite_sai (from simplyswords-forge-1.47.0-1.19.2.jar), 
	simplyswords:mythicmetals_compat/runite/runite_spear (from simplyswords-forge-1.47.0-1.19.2.jar), 
	simplyswords:mythicmetals_compat/runite/runite_twinblade (from simplyswords-forge-1.47.0-1.19.2.jar), 
	simplyswords:mythicmetals_compat/runite/runite_warglaive (from simplyswords-forge-1.47.0-1.19.2.jar), 
	simplyswords:mythicmetals_compat/runite/runite_greathammer (from simplyswords-forge-1.47.0-1.19.2.jar), 
	simplyswords:mythicmetals_compat/runite/runite_greataxe (from simplyswords-forge-1.47.0-1.19.2.jar), 
	simplyswords:mythicmetals_compat/runite/runite_chakram (from simplyswords-forge-1.47.0-1.19.2.jar), 
	simplyswords:mythicmetals_compat/runite/runite_scythe (from simplyswords-forge-1.47.0-1.19.2.jar), 
	simplyswords:mythicmetals_compat/runite/runite_halberd (from simplyswords-forge-1.47.0-1.19.2.jar)
[01Jul2025 20:09:41.972] [Worker-Main6/ERROR] [net.minecraft.tags.TagLoader/]: Couldn't load tag [simplyswords:mythicmetals_compat/palladium/palladium_claymore (from simplyswords-forge-1.47.0-1.19.2.jar), simplyswords:mythicmetals_compat/palladium/palladium_cutlass (from simplyswords-forge-1.47.0-1.19.2.jar), simplyswords:mythicmetals_compat/palladium/palladium_glaive (from simplyswords-forge-1.47.0-1.19.2.jar), simplyswords:mythicmetals_compat/palladium/palladium_katana (from simplyswords-forge-1.47.0-1.19.2.jar), simplyswords:mythicmetals_compat/palladium/palladium_longsword (from simplyswords-forge-1.47.0-1.19.2.jar), simplyswords:mythicmetals_compat/palladium/palladium_rapier (from simplyswords-forge-1.47.0-1.19.2.jar), simplyswords:mythicmetals_compat/palladium/palladium_sai (from simplyswords-forge-1.47.0-1.19.2.jar), simplyswords:mythicmetals_compat/palladium/palladium_spear (from simplyswords-forge-1.47.0-1.19.2.jar), simplyswords:mythicmetals_compat/palladium/palladium_twinblade (from simplyswords-forge-1.47.0-1.19.2.jar), simplyswords:mythicmetals_compat/palladium/palladium_warglaive (from simplyswords-forge-1.47.0-1.19.2.jar), simplyswords:mythicmetals_compat/palladium/palladium_greathammer (from simplyswords-forge-1.47.0-1.19.2.jar), simplyswords:mythicmetals_compat/palladium/palladium_greataxe (from simplyswords-forge-1.47.0-1.19.2.jar), simplyswords:mythicmetals_compat/palladium/palladium_chakram (from simplyswords-forge-1.47.0-1.19.2.jar), simplyswords:mythicmetals_compat/palladium/palladium_scythe (from simplyswords-forge-1.47.0-1.19.2.jar), simplyswords:mythicmetals_compat/palladium/palladium_halberd (from simplyswords-forge-1.47.0-1.19.2.jar)] as it is missing following references: simplyswords:mythicmetals_compat/palladium/palladium_claymore (from simplyswords-forge-1.47.0-1.19.2.jar), 
	simplyswords:mythicmetals_compat/palladium/palladium_cutlass (from simplyswords-forge-1.47.0-1.19.2.jar), 
	simplyswords:mythicmetals_compat/palladium/palladium_glaive (from simplyswords-forge-1.47.0-1.19.2.jar), 
	simplyswords:mythicmetals_compat/palladium/palladium_katana (from simplyswords-forge-1.47.0-1.19.2.jar), 
	simplyswords:mythicmetals_compat/palladium/palladium_longsword (from simplyswords-forge-1.47.0-1.19.2.jar), 
	simplyswords:mythicmetals_compat/palladium/palladium_rapier (from simplyswords-forge-1.47.0-1.19.2.jar), 
	simplyswords:mythicmetals_compat/palladium/palladium_sai (from simplyswords-forge-1.47.0-1.19.2.jar), 
	simplyswords:mythicmetals_compat/palladium/palladium_spear (from simplyswords-forge-1.47.0-1.19.2.jar), 
	simplyswords:mythicmetals_compat/palladium/palladium_twinblade (from simplyswords-forge-1.47.0-1.19.2.jar), 
	simplyswords:mythicmetals_compat/palladium/palladium_warglaive (from simplyswords-forge-1.47.0-1.19.2.jar), 
	simplyswords:mythicmetals_compat/palladium/palladium_greathammer (from simplyswords-forge-1.47.0-1.19.2.jar), 
	simplyswords:mythicmetals_compat/palladium/palladium_greataxe (from simplyswords-forge-1.47.0-1.19.2.jar), 
	simplyswords:mythicmetals_compat/palladium/palladium_chakram (from simplyswords-forge-1.47.0-1.19.2.jar), 
	simplyswords:mythicmetals_compat/palladium/palladium_scythe (from simplyswords-forge-1.47.0-1.19.2.jar), 
	simplyswords:mythicmetals_compat/palladium/palladium_halberd (from simplyswords-forge-1.47.0-1.19.2.jar)
[01Jul2025 20:09:41.998] [Worker-Main6/ERROR] [net.minecraft.tags.TagLoader/]: Couldn't load tag [simplyswords:mythicmetals_compat/durasteel/durasteel_greathammer (from simplyswords-forge-1.47.0-1.19.2.jar)] as it is missing following references: simplyswords:mythicmetals_compat/durasteel/durasteel_greathammer (from simplyswords-forge-1.47.0-1.19.2.jar)
[01Jul2025 20:09:42.003] [Worker-Main6/ERROR] [net.minecraft.tags.TagLoader/]: Couldn't load tag [simplyswords:mythicmetals_compat/copper/copper_longsword (from simplyswords-forge-1.47.0-1.19.2.jar)] as it is missing following references: simplyswords:mythicmetals_compat/copper/copper_longsword (from simplyswords-forge-1.47.0-1.19.2.jar)
[01Jul2025 20:09:42.008] [Worker-Main6/ERROR] [net.minecraft.tags.TagLoader/]: Couldn't load tag [simplyswords:mythicmetals_compat/prometheum/prometheum_claymore (from simplyswords-forge-1.47.0-1.19.2.jar), simplyswords:mythicmetals_compat/prometheum/prometheum_cutlass (from simplyswords-forge-1.47.0-1.19.2.jar), simplyswords:mythicmetals_compat/prometheum/prometheum_glaive (from simplyswords-forge-1.47.0-1.19.2.jar), simplyswords:mythicmetals_compat/prometheum/prometheum_katana (from simplyswords-forge-1.47.0-1.19.2.jar), simplyswords:mythicmetals_compat/prometheum/prometheum_longsword (from simplyswords-forge-1.47.0-1.19.2.jar), simplyswords:mythicmetals_compat/prometheum/prometheum_rapier (from simplyswords-forge-1.47.0-1.19.2.jar), simplyswords:mythicmetals_compat/prometheum/prometheum_sai (from simplyswords-forge-1.47.0-1.19.2.jar), simplyswords:mythicmetals_compat/prometheum/prometheum_spear (from simplyswords-forge-1.47.0-1.19.2.jar), simplyswords:mythicmetals_compat/prometheum/prometheum_twinblade (from simplyswords-forge-1.47.0-1.19.2.jar), simplyswords:mythicmetals_compat/prometheum/prometheum_warglaive (from simplyswords-forge-1.47.0-1.19.2.jar), simplyswords:mythicmetals_compat/prometheum/prometheum_greathammer (from simplyswords-forge-1.47.0-1.19.2.jar), simplyswords:mythicmetals_compat/prometheum/prometheum_greataxe (from simplyswords-forge-1.47.0-1.19.2.jar), simplyswords:mythicmetals_compat/prometheum/prometheum_chakram (from simplyswords-forge-1.47.0-1.19.2.jar), simplyswords:mythicmetals_compat/prometheum/prometheum_scythe (from simplyswords-forge-1.47.0-1.19.2.jar), simplyswords:mythicmetals_compat/prometheum/prometheum_halberd (from simplyswords-forge-1.47.0-1.19.2.jar)] as it is missing following references: simplyswords:mythicmetals_compat/prometheum/prometheum_claymore (from simplyswords-forge-1.47.0-1.19.2.jar), 
	simplyswords:mythicmetals_compat/prometheum/prometheum_cutlass (from simplyswords-forge-1.47.0-1.19.2.jar), 
	simplyswords:mythicmetals_compat/prometheum/prometheum_glaive (from simplyswords-forge-1.47.0-1.19.2.jar), 
	simplyswords:mythicmetals_compat/prometheum/prometheum_katana (from simplyswords-forge-1.47.0-1.19.2.jar), 
	simplyswords:mythicmetals_compat/prometheum/prometheum_longsword (from simplyswords-forge-1.47.0-1.19.2.jar), 
	simplyswords:mythicmetals_compat/prometheum/prometheum_rapier (from simplyswords-forge-1.47.0-1.19.2.jar), 
	simplyswords:mythicmetals_compat/prometheum/prometheum_sai (from simplyswords-forge-1.47.0-1.19.2.jar), 
	simplyswords:mythicmetals_compat/prometheum/prometheum_spear (from simplyswords-forge-1.47.0-1.19.2.jar), 
	simplyswords:mythicmetals_compat/prometheum/prometheum_twinblade (from simplyswords-forge-1.47.0-1.19.2.jar), 
	simplyswords:mythicmetals_compat/prometheum/prometheum_warglaive (from simplyswords-forge-1.47.0-1.19.2.jar), 
	simplyswords:mythicmetals_compat/prometheum/prometheum_greathammer (from simplyswords-forge-1.47.0-1.19.2.jar), 
	simplyswords:mythicmetals_compat/prometheum/prometheum_greataxe (from simplyswords-forge-1.47.0-1.19.2.jar), 
	simplyswords:mythicmetals_compat/prometheum/prometheum_chakram (from simplyswords-forge-1.47.0-1.19.2.jar), 
	simplyswords:mythicmetals_compat/prometheum/prometheum_scythe (from simplyswords-forge-1.47.0-1.19.2.jar), 
	simplyswords:mythicmetals_compat/prometheum/prometheum_halberd (from simplyswords-forge-1.47.0-1.19.2.jar)
[01Jul2025 20:09:42.010] [Worker-Main6/ERROR] [net.minecraft.tags.TagLoader/]: Couldn't load tag [simplyswords:mythicmetals_compat/star_platinum/star_platinum_claymore (from simplyswords-forge-1.47.0-1.19.2.jar), simplyswords:mythicmetals_compat/star_platinum/star_platinum_cutlass (from simplyswords-forge-1.47.0-1.19.2.jar), simplyswords:mythicmetals_compat/star_platinum/star_platinum_glaive (from simplyswords-forge-1.47.0-1.19.2.jar), simplyswords:mythicmetals_compat/star_platinum/star_platinum_katana (from simplyswords-forge-1.47.0-1.19.2.jar), simplyswords:mythicmetals_compat/star_platinum/star_platinum_longsword (from simplyswords-forge-1.47.0-1.19.2.jar), simplyswords:mythicmetals_compat/star_platinum/star_platinum_rapier (from simplyswords-forge-1.47.0-1.19.2.jar), simplyswords:mythicmetals_compat/star_platinum/star_platinum_sai (from simplyswords-forge-1.47.0-1.19.2.jar), simplyswords:mythicmetals_compat/star_platinum/star_platinum_spear (from simplyswords-forge-1.47.0-1.19.2.jar), simplyswords:mythicmetals_compat/star_platinum/star_platinum_twinblade (from simplyswords-forge-1.47.0-1.19.2.jar), simplyswords:mythicmetals_compat/star_platinum/star_platinum_warglaive (from simplyswords-forge-1.47.0-1.19.2.jar), simplyswords:mythicmetals_compat/star_platinum/star_platinum_greathammer (from simplyswords-forge-1.47.0-1.19.2.jar), simplyswords:mythicmetals_compat/star_platinum/star_platinum_greataxe (from simplyswords-forge-1.47.0-1.19.2.jar), simplyswords:mythicmetals_compat/star_platinum/star_platinum_chakram (from simplyswords-forge-1.47.0-1.19.2.jar), simplyswords:mythicmetals_compat/star_platinum/star_platinum_scythe (from simplyswords-forge-1.47.0-1.19.2.jar), simplyswords:mythicmetals_compat/star_platinum/star_platinum_halberd (from simplyswords-forge-1.47.0-1.19.2.jar)] as it is missing following references: simplyswords:mythicmetals_compat/star_platinum/star_platinum_claymore (from simplyswords-forge-1.47.0-1.19.2.jar), 
	simplyswords:mythicmetals_compat/star_platinum/star_platinum_cutlass (from simplyswords-forge-1.47.0-1.19.2.jar), 
	simplyswords:mythicmetals_compat/star_platinum/star_platinum_glaive (from simplyswords-forge-1.47.0-1.19.2.jar), 
	simplyswords:mythicmetals_compat/star_platinum/star_platinum_katana (from simplyswords-forge-1.47.0-1.19.2.jar), 
	simplyswords:mythicmetals_compat/star_platinum/star_platinum_longsword (from simplyswords-forge-1.47.0-1.19.2.jar), 
	simplyswords:mythicmetals_compat/star_platinum/star_platinum_rapier (from simplyswords-forge-1.47.0-1.19.2.jar), 
	simplyswords:mythicmetals_compat/star_platinum/star_platinum_sai (from simplyswords-forge-1.47.0-1.19.2.jar), 
	simplyswords:mythicmetals_compat/star_platinum/star_platinum_spear (from simplyswords-forge-1.47.0-1.19.2.jar), 
	simplyswords:mythicmetals_compat/star_platinum/star_platinum_twinblade (from simplyswords-forge-1.47.0-1.19.2.jar), 
	simplyswords:mythicmetals_compat/star_platinum/star_platinum_warglaive (from simplyswords-forge-1.47.0-1.19.2.jar), 
	simplyswords:mythicmetals_compat/star_platinum/star_platinum_greathammer (from simplyswords-forge-1.47.0-1.19.2.jar), 
	simplyswords:mythicmetals_compat/star_platinum/star_platinum_greataxe (from simplyswords-forge-1.47.0-1.19.2.jar), 
	simplyswords:mythicmetals_compat/star_platinum/star_platinum_chakram (from simplyswords-forge-1.47.0-1.19.2.jar), 
	simplyswords:mythicmetals_compat/star_platinum/star_platinum_scythe (from simplyswords-forge-1.47.0-1.19.2.jar), 
	simplyswords:mythicmetals_compat/star_platinum/star_platinum_halberd (from simplyswords-forge-1.47.0-1.19.2.jar)
[01Jul2025 20:09:42.011] [Worker-Main6/ERROR] [net.minecraft.tags.TagLoader/]: Couldn't load tag [simplyswords:mythicmetals_compat/stormyx/stormyx_claymore (from simplyswords-forge-1.47.0-1.19.2.jar), simplyswords:mythicmetals_compat/stormyx/stormyx_cutlass (from simplyswords-forge-1.47.0-1.19.2.jar), simplyswords:mythicmetals_compat/stormyx/stormyx_glaive (from simplyswords-forge-1.47.0-1.19.2.jar), simplyswords:mythicmetals_compat/stormyx/stormyx_katana (from simplyswords-forge-1.47.0-1.19.2.jar), simplyswords:mythicmetals_compat/stormyx/stormyx_longsword (from simplyswords-forge-1.47.0-1.19.2.jar), simplyswords:mythicmetals_compat/stormyx/stormyx_rapier (from simplyswords-forge-1.47.0-1.19.2.jar), simplyswords:mythicmetals_compat/stormyx/stormyx_sai (from simplyswords-forge-1.47.0-1.19.2.jar), simplyswords:mythicmetals_compat/stormyx/stormyx_spear (from simplyswords-forge-1.47.0-1.19.2.jar), simplyswords:mythicmetals_compat/stormyx/stormyx_twinblade (from simplyswords-forge-1.47.0-1.19.2.jar), simplyswords:mythicmetals_compat/stormyx/stormyx_warglaive (from simplyswords-forge-1.47.0-1.19.2.jar), simplyswords:mythicmetals_compat/stormyx/stormyx_greathammer (from simplyswords-forge-1.47.0-1.19.2.jar), simplyswords:mythicmetals_compat/stormyx/stormyx_greataxe (from simplyswords-forge-1.47.0-1.19.2.jar), simplyswords:mythicmetals_compat/stormyx/stormyx_chakram (from simplyswords-forge-1.47.0-1.19.2.jar), simplyswords:mythicmetals_compat/stormyx/stormyx_scythe (from simplyswords-forge-1.47.0-1.19.2.jar), simplyswords:mythicmetals_compat/stormyx/stormyx_halberd (from simplyswords-forge-1.47.0-1.19.2.jar)] as it is missing following references: simplyswords:mythicmetals_compat/stormyx/stormyx_claymore (from simplyswords-forge-1.47.0-1.19.2.jar), 
	simplyswords:mythicmetals_compat/stormyx/stormyx_cutlass (from simplyswords-forge-1.47.0-1.19.2.jar), 
	simplyswords:mythicmetals_compat/stormyx/stormyx_glaive (from simplyswords-forge-1.47.0-1.19.2.jar), 
	simplyswords:mythicmetals_compat/stormyx/stormyx_katana (from simplyswords-forge-1.47.0-1.19.2.jar), 
	simplyswords:mythicmetals_compat/stormyx/stormyx_longsword (from simplyswords-forge-1.47.0-1.19.2.jar), 
	simplyswords:mythicmetals_compat/stormyx/stormyx_rapier (from simplyswords-forge-1.47.0-1.19.2.jar), 
	simplyswords:mythicmetals_compat/stormyx/stormyx_sai (from simplyswords-forge-1.47.0-1.19.2.jar), 
	simplyswords:mythicmetals_compat/stormyx/stormyx_spear (from simplyswords-forge-1.47.0-1.19.2.jar), 
	simplyswords:mythicmetals_compat/stormyx/stormyx_twinblade (from simplyswords-forge-1.47.0-1.19.2.jar), 
	simplyswords:mythicmetals_compat/stormyx/stormyx_warglaive (from simplyswords-forge-1.47.0-1.19.2.jar), 
	simplyswords:mythicmetals_compat/stormyx/stormyx_greathammer (from simplyswords-forge-1.47.0-1.19.2.jar), 
	simplyswords:mythicmetals_compat/stormyx/stormyx_greataxe (from simplyswords-forge-1.47.0-1.19.2.jar), 
	simplyswords:mythicmetals_compat/stormyx/stormyx_chakram (from simplyswords-forge-1.47.0-1.19.2.jar), 
	simplyswords:mythicmetals_compat/stormyx/stormyx_scythe (from simplyswords-forge-1.47.0-1.19.2.jar), 
	simplyswords:mythicmetals_compat/stormyx/stormyx_halberd (from simplyswords-forge-1.47.0-1.19.2.jar)
[01Jul2025 20:09:42.017] [Worker-Main6/ERROR] [net.minecraft.tags.TagLoader/]: Couldn't load tag [simplyswords:mythicmetals_compat/kyber/kyber_claymore (from simplyswords-forge-1.47.0-1.19.2.jar), simplyswords:mythicmetals_compat/kyber/kyber_cutlass (from simplyswords-forge-1.47.0-1.19.2.jar), simplyswords:mythicmetals_compat/kyber/kyber_glaive (from simplyswords-forge-1.47.0-1.19.2.jar), simplyswords:mythicmetals_compat/kyber/kyber_katana (from simplyswords-forge-1.47.0-1.19.2.jar), simplyswords:mythicmetals_compat/kyber/kyber_longsword (from simplyswords-forge-1.47.0-1.19.2.jar), simplyswords:mythicmetals_compat/kyber/kyber_rapier (from simplyswords-forge-1.47.0-1.19.2.jar), simplyswords:mythicmetals_compat/kyber/kyber_sai (from simplyswords-forge-1.47.0-1.19.2.jar), simplyswords:mythicmetals_compat/kyber/kyber_spear (from simplyswords-forge-1.47.0-1.19.2.jar), simplyswords:mythicmetals_compat/kyber/kyber_twinblade (from simplyswords-forge-1.47.0-1.19.2.jar), simplyswords:mythicmetals_compat/kyber/kyber_warglaive (from simplyswords-forge-1.47.0-1.19.2.jar), simplyswords:mythicmetals_compat/kyber/kyber_greathammer (from simplyswords-forge-1.47.0-1.19.2.jar), simplyswords:mythicmetals_compat/kyber/kyber_greataxe (from simplyswords-forge-1.47.0-1.19.2.jar), simplyswords:mythicmetals_compat/kyber/kyber_chakram (from simplyswords-forge-1.47.0-1.19.2.jar), simplyswords:mythicmetals_compat/kyber/kyber_scythe (from simplyswords-forge-1.47.0-1.19.2.jar), simplyswords:mythicmetals_compat/kyber/kyber_halberd (from simplyswords-forge-1.47.0-1.19.2.jar)] as it is missing following references: simplyswords:mythicmetals_compat/kyber/kyber_claymore (from simplyswords-forge-1.47.0-1.19.2.jar), 
	simplyswords:mythicmetals_compat/kyber/kyber_cutlass (from simplyswords-forge-1.47.0-1.19.2.jar), 
	simplyswords:mythicmetals_compat/kyber/kyber_glaive (from simplyswords-forge-1.47.0-1.19.2.jar), 
	simplyswords:mythicmetals_compat/kyber/kyber_katana (from simplyswords-forge-1.47.0-1.19.2.jar), 
	simplyswords:mythicmetals_compat/kyber/kyber_longsword (from simplyswords-forge-1.47.0-1.19.2.jar), 
	simplyswords:mythicmetals_compat/kyber/kyber_rapier (from simplyswords-forge-1.47.0-1.19.2.jar), 
	simplyswords:mythicmetals_compat/kyber/kyber_sai (from simplyswords-forge-1.47.0-1.19.2.jar), 
	simplyswords:mythicmetals_compat/kyber/kyber_spear (from simplyswords-forge-1.47.0-1.19.2.jar), 
	simplyswords:mythicmetals_compat/kyber/kyber_twinblade (from simplyswords-forge-1.47.0-1.19.2.jar), 
	simplyswords:mythicmetals_compat/kyber/kyber_warglaive (from simplyswords-forge-1.47.0-1.19.2.jar), 
	simplyswords:mythicmetals_compat/kyber/kyber_greathammer (from simplyswords-forge-1.47.0-1.19.2.jar), 
	simplyswords:mythicmetals_compat/kyber/kyber_greataxe (from simplyswords-forge-1.47.0-1.19.2.jar), 
	simplyswords:mythicmetals_compat/kyber/kyber_chakram (from simplyswords-forge-1.47.0-1.19.2.jar), 
	simplyswords:mythicmetals_compat/kyber/kyber_scythe (from simplyswords-forge-1.47.0-1.19.2.jar), 
	simplyswords:mythicmetals_compat/kyber/kyber_halberd (from simplyswords-forge-1.47.0-1.19.2.jar)
[01Jul2025 20:09:42.022] [Worker-Main6/ERROR] [net.minecraft.tags.TagLoader/]: Couldn't load tag [simplyswords:mythicmetals_compat/prometheum/prometheum_claymore (from simplyswords-forge-1.47.0-1.19.2.jar), simplyswords:mythicmetals_compat/prometheum/prometheum_cutlass (from simplyswords-forge-1.47.0-1.19.2.jar), simplyswords:mythicmetals_compat/prometheum/prometheum_glaive (from simplyswords-forge-1.47.0-1.19.2.jar), simplyswords:mythicmetals_compat/prometheum/prometheum_katana (from simplyswords-forge-1.47.0-1.19.2.jar), simplyswords:mythicmetals_compat/prometheum/prometheum_longsword (from simplyswords-forge-1.47.0-1.19.2.jar), simplyswords:mythicmetals_compat/prometheum/prometheum_rapier (from simplyswords-forge-1.47.0-1.19.2.jar), simplyswords:mythicmetals_compat/prometheum/prometheum_sai (from simplyswords-forge-1.47.0-1.19.2.jar), simplyswords:mythicmetals_compat/prometheum/prometheum_spear (from simplyswords-forge-1.47.0-1.19.2.jar), simplyswords:mythicmetals_compat/prometheum/prometheum_twinblade (from simplyswords-forge-1.47.0-1.19.2.jar), simplyswords:mythicmetals_compat/prometheum/prometheum_warglaive (from simplyswords-forge-1.47.0-1.19.2.jar), simplyswords:mythicmetals_compat/prometheum/prometheum_greathammer (from simplyswords-forge-1.47.0-1.19.2.jar), simplyswords:mythicmetals_compat/prometheum/prometheum_greataxe (from simplyswords-forge-1.47.0-1.19.2.jar), simplyswords:mythicmetals_compat/prometheum/prometheum_chakram (from simplyswords-forge-1.47.0-1.19.2.jar), simplyswords:mythicmetals_compat/prometheum/prometheum_scythe (from simplyswords-forge-1.47.0-1.19.2.jar), simplyswords:mythicmetals_compat/prometheum/prometheum_halberd (from simplyswords-forge-1.47.0-1.19.2.jar)] as it is missing following references: simplyswords:mythicmetals_compat/prometheum/prometheum_claymore (from simplyswords-forge-1.47.0-1.19.2.jar), 
	simplyswords:mythicmetals_compat/prometheum/prometheum_cutlass (from simplyswords-forge-1.47.0-1.19.2.jar), 
	simplyswords:mythicmetals_compat/prometheum/prometheum_glaive (from simplyswords-forge-1.47.0-1.19.2.jar), 
	simplyswords:mythicmetals_compat/prometheum/prometheum_katana (from simplyswords-forge-1.47.0-1.19.2.jar), 
	simplyswords:mythicmetals_compat/prometheum/prometheum_longsword (from simplyswords-forge-1.47.0-1.19.2.jar), 
	simplyswords:mythicmetals_compat/prometheum/prometheum_rapier (from simplyswords-forge-1.47.0-1.19.2.jar), 
	simplyswords:mythicmetals_compat/prometheum/prometheum_sai (from simplyswords-forge-1.47.0-1.19.2.jar), 
	simplyswords:mythicmetals_compat/prometheum/prometheum_spear (from simplyswords-forge-1.47.0-1.19.2.jar), 
	simplyswords:mythicmetals_compat/prometheum/prometheum_twinblade (from simplyswords-forge-1.47.0-1.19.2.jar), 
	simplyswords:mythicmetals_compat/prometheum/prometheum_warglaive (from simplyswords-forge-1.47.0-1.19.2.jar), 
	simplyswords:mythicmetals_compat/prometheum/prometheum_greathammer (from simplyswords-forge-1.47.0-1.19.2.jar), 
	simplyswords:mythicmetals_compat/prometheum/prometheum_greataxe (from simplyswords-forge-1.47.0-1.19.2.jar), 
	simplyswords:mythicmetals_compat/prometheum/prometheum_chakram (from simplyswords-forge-1.47.0-1.19.2.jar), 
	simplyswords:mythicmetals_compat/prometheum/prometheum_scythe (from simplyswords-forge-1.47.0-1.19.2.jar), 
	simplyswords:mythicmetals_compat/prometheum/prometheum_halberd (from simplyswords-forge-1.47.0-1.19.2.jar)
[01Jul2025 20:09:42.024] [Worker-Main6/ERROR] [net.minecraft.tags.TagLoader/]: Couldn't load tag [minecraft:sinister_sword (from collection-of-singiro-1.19.x-1.1.4.jar), dungeons_gear:rapier (from collection-of-singiro-1.19.x-1.1.4.jar), dungeons_gear:gold_sword (from collection-of-singiro-1.19.x-1.1.4.jar)] as it is missing following references: minecraft:sinister_sword (from collection-of-singiro-1.19.x-1.1.4.jar), 
	dungeons_gear:rapier (from collection-of-singiro-1.19.x-1.1.4.jar), 
	dungeons_gear:gold_sword (from collection-of-singiro-1.19.x-1.1.4.jar)
[01Jul2025 20:09:42.025] [Worker-Main6/ERROR] [net.minecraft.tags.TagLoader/]: Couldn't load tag [simplyswords:mythicmetals_compat/metallurgium/metallurgium_claymore (from simplyswords-forge-1.47.0-1.19.2.jar), simplyswords:mythicmetals_compat/metallurgium/metallurgium_cutlass (from simplyswords-forge-1.47.0-1.19.2.jar), simplyswords:mythicmetals_compat/metallurgium/metallurgium_glaive (from simplyswords-forge-1.47.0-1.19.2.jar), simplyswords:mythicmetals_compat/metallurgium/metallurgium_katana (from simplyswords-forge-1.47.0-1.19.2.jar), simplyswords:mythicmetals_compat/metallurgium/metallurgium_longsword (from simplyswords-forge-1.47.0-1.19.2.jar), simplyswords:mythicmetals_compat/metallurgium/metallurgium_rapier (from simplyswords-forge-1.47.0-1.19.2.jar), simplyswords:mythicmetals_compat/metallurgium/metallurgium_sai (from simplyswords-forge-1.47.0-1.19.2.jar), simplyswords:mythicmetals_compat/metallurgium/metallurgium_spear (from simplyswords-forge-1.47.0-1.19.2.jar), simplyswords:mythicmetals_compat/metallurgium/metallurgium_twinblade (from simplyswords-forge-1.47.0-1.19.2.jar), simplyswords:mythicmetals_compat/metallurgium/metallurgium_warglaive (from simplyswords-forge-1.47.0-1.19.2.jar), simplyswords:mythicmetals_compat/metallurgium/metallurgium_greathammer (from simplyswords-forge-1.47.0-1.19.2.jar), simplyswords:mythicmetals_compat/metallurgium/metallurgium_greataxe (from simplyswords-forge-1.47.0-1.19.2.jar), simplyswords:mythicmetals_compat/metallurgium/metallurgium_chakram (from simplyswords-forge-1.47.0-1.19.2.jar), simplyswords:mythicmetals_compat/metallurgium/metallurgium_scythe (from simplyswords-forge-1.47.0-1.19.2.jar), simplyswords:mythicmetals_compat/metallurgium/metallurgium_halberd (from simplyswords-forge-1.47.0-1.19.2.jar)] as it is missing following references: simplyswords:mythicmetals_compat/metallurgium/metallurgium_claymore (from simplyswords-forge-1.47.0-1.19.2.jar), 
	simplyswords:mythicmetals_compat/metallurgium/metallurgium_cutlass (from simplyswords-forge-1.47.0-1.19.2.jar), 
	simplyswords:mythicmetals_compat/metallurgium/metallurgium_glaive (from simplyswords-forge-1.47.0-1.19.2.jar), 
	simplyswords:mythicmetals_compat/metallurgium/metallurgium_katana (from simplyswords-forge-1.47.0-1.19.2.jar), 
	simplyswords:mythicmetals_compat/metallurgium/metallurgium_longsword (from simplyswords-forge-1.47.0-1.19.2.jar), 
	simplyswords:mythicmetals_compat/metallurgium/metallurgium_rapier (from simplyswords-forge-1.47.0-1.19.2.jar), 
	simplyswords:mythicmetals_compat/metallurgium/metallurgium_sai (from simplyswords-forge-1.47.0-1.19.2.jar), 
	simplyswords:mythicmetals_compat/metallurgium/metallurgium_spear (from simplyswords-forge-1.47.0-1.19.2.jar), 
	simplyswords:mythicmetals_compat/metallurgium/metallurgium_twinblade (from simplyswords-forge-1.47.0-1.19.2.jar), 
	simplyswords:mythicmetals_compat/metallurgium/metallurgium_warglaive (from simplyswords-forge-1.47.0-1.19.2.jar), 
	simplyswords:mythicmetals_compat/metallurgium/metallurgium_greathammer (from simplyswords-forge-1.47.0-1.19.2.jar), 
	simplyswords:mythicmetals_compat/metallurgium/metallurgium_greataxe (from simplyswords-forge-1.47.0-1.19.2.jar), 
	simplyswords:mythicmetals_compat/metallurgium/metallurgium_chakram (from simplyswords-forge-1.47.0-1.19.2.jar), 
	simplyswords:mythicmetals_compat/metallurgium/metallurgium_scythe (from simplyswords-forge-1.47.0-1.19.2.jar), 
	simplyswords:mythicmetals_compat/metallurgium/metallurgium_halberd (from simplyswords-forge-1.47.0-1.19.2.jar)
[01Jul2025 20:09:42.026] [Worker-Main6/ERROR] [net.minecraft.tags.TagLoader/]: Couldn't load tag [simplyswords:mythicmetals_compat/bronze/bronze_claymore (from simplyswords-forge-1.47.0-1.19.2.jar), simplyswords:mythicmetals_compat/bronze/bronze_cutlass (from simplyswords-forge-1.47.0-1.19.2.jar), simplyswords:mythicmetals_compat/bronze/bronze_glaive (from simplyswords-forge-1.47.0-1.19.2.jar), simplyswords:mythicmetals_compat/bronze/bronze_katana (from simplyswords-forge-1.47.0-1.19.2.jar), simplyswords:mythicmetals_compat/bronze/bronze_longsword (from simplyswords-forge-1.47.0-1.19.2.jar), simplyswords:mythicmetals_compat/bronze/bronze_rapier (from simplyswords-forge-1.47.0-1.19.2.jar), simplyswords:mythicmetals_compat/bronze/bronze_sai (from simplyswords-forge-1.47.0-1.19.2.jar), simplyswords:mythicmetals_compat/bronze/bronze_spear (from simplyswords-forge-1.47.0-1.19.2.jar), simplyswords:mythicmetals_compat/bronze/bronze_twinblade (from simplyswords-forge-1.47.0-1.19.2.jar), simplyswords:mythicmetals_compat/bronze/bronze_warglaive (from simplyswords-forge-1.47.0-1.19.2.jar), simplyswords:mythicmetals_compat/bronze/bronze_greathammer (from simplyswords-forge-1.47.0-1.19.2.jar), simplyswords:mythicmetals_compat/bronze/bronze_greataxe (from simplyswords-forge-1.47.0-1.19.2.jar), simplyswords:mythicmetals_compat/bronze/bronze_chakram (from simplyswords-forge-1.47.0-1.19.2.jar), simplyswords:mythicmetals_compat/bronze/bronze_scythe (from simplyswords-forge-1.47.0-1.19.2.jar), simplyswords:mythicmetals_compat/bronze/bronze_halberd (from simplyswords-forge-1.47.0-1.19.2.jar)] as it is missing following references: simplyswords:mythicmetals_compat/bronze/bronze_claymore (from simplyswords-forge-1.47.0-1.19.2.jar), 
	simplyswords:mythicmetals_compat/bronze/bronze_cutlass (from simplyswords-forge-1.47.0-1.19.2.jar), 
	simplyswords:mythicmetals_compat/bronze/bronze_glaive (from simplyswords-forge-1.47.0-1.19.2.jar), 
	simplyswords:mythicmetals_compat/bronze/bronze_katana (from simplyswords-forge-1.47.0-1.19.2.jar), 
	simplyswords:mythicmetals_compat/bronze/bronze_longsword (from simplyswords-forge-1.47.0-1.19.2.jar), 
	simplyswords:mythicmetals_compat/bronze/bronze_rapier (from simplyswords-forge-1.47.0-1.19.2.jar), 
	simplyswords:mythicmetals_compat/bronze/bronze_sai (from simplyswords-forge-1.47.0-1.19.2.jar), 
	simplyswords:mythicmetals_compat/bronze/bronze_spear (from simplyswords-forge-1.47.0-1.19.2.jar), 
	simplyswords:mythicmetals_compat/bronze/bronze_twinblade (from simplyswords-forge-1.47.0-1.19.2.jar), 
	simplyswords:mythicmetals_compat/bronze/bronze_warglaive (from simplyswords-forge-1.47.0-1.19.2.jar), 
	simplyswords:mythicmetals_compat/bronze/bronze_greathammer (from simplyswords-forge-1.47.0-1.19.2.jar), 
	simplyswords:mythicmetals_compat/bronze/bronze_greataxe (from simplyswords-forge-1.47.0-1.19.2.jar), 
	simplyswords:mythicmetals_compat/bronze/bronze_chakram (from simplyswords-forge-1.47.0-1.19.2.jar), 
	simplyswords:mythicmetals_compat/bronze/bronze_scythe (from simplyswords-forge-1.47.0-1.19.2.jar), 
	simplyswords:mythicmetals_compat/bronze/bronze_halberd (from simplyswords-forge-1.47.0-1.19.2.jar)
[01Jul2025 20:09:42.032] [Worker-Main6/ERROR] [net.minecraft.tags.TagLoader/]: Couldn't load tag [simplyswords:mythicmetals_compat/orichalcum/orichalcum_claymore (from simplyswords-forge-1.47.0-1.19.2.jar), simplyswords:mythicmetals_compat/orichalcum/orichalcum_cutlass (from simplyswords-forge-1.47.0-1.19.2.jar), simplyswords:mythicmetals_compat/orichalcum/orichalcum_glaive (from simplyswords-forge-1.47.0-1.19.2.jar), simplyswords:mythicmetals_compat/orichalcum/orichalcum_katana (from simplyswords-forge-1.47.0-1.19.2.jar), simplyswords:mythicmetals_compat/orichalcum/orichalcum_longsword (from simplyswords-forge-1.47.0-1.19.2.jar), simplyswords:mythicmetals_compat/orichalcum/orichalcum_rapier (from simplyswords-forge-1.47.0-1.19.2.jar), simplyswords:mythicmetals_compat/orichalcum/orichalcum_sai (from simplyswords-forge-1.47.0-1.19.2.jar), simplyswords:mythicmetals_compat/orichalcum/orichalcum_spear (from simplyswords-forge-1.47.0-1.19.2.jar), simplyswords:mythicmetals_compat/orichalcum/orichalcum_twinblade (from simplyswords-forge-1.47.0-1.19.2.jar), simplyswords:mythicmetals_compat/orichalcum/orichalcum_warglaive (from simplyswords-forge-1.47.0-1.19.2.jar), simplyswords:mythicmetals_compat/orichalcum/orichalcum_greathammer (from simplyswords-forge-1.47.0-1.19.2.jar), simplyswords:mythicmetals_compat/orichalcum/orichalcum_greataxe (from simplyswords-forge-1.47.0-1.19.2.jar), simplyswords:mythicmetals_compat/orichalcum/orichalcum_chakram (from simplyswords-forge-1.47.0-1.19.2.jar), simplyswords:mythicmetals_compat/orichalcum/orichalcum_scythe (from simplyswords-forge-1.47.0-1.19.2.jar), simplyswords:mythicmetals_compat/orichalcum/orichalcum_halberd (from simplyswords-forge-1.47.0-1.19.2.jar)] as it is missing following references: simplyswords:mythicmetals_compat/orichalcum/orichalcum_claymore (from simplyswords-forge-1.47.0-1.19.2.jar), 
	simplyswords:mythicmetals_compat/orichalcum/orichalcum_cutlass (from simplyswords-forge-1.47.0-1.19.2.jar), 
	simplyswords:mythicmetals_compat/orichalcum/orichalcum_glaive (from simplyswords-forge-1.47.0-1.19.2.jar), 
	simplyswords:mythicmetals_compat/orichalcum/orichalcum_katana (from simplyswords-forge-1.47.0-1.19.2.jar), 
	simplyswords:mythicmetals_compat/orichalcum/orichalcum_longsword (from simplyswords-forge-1.47.0-1.19.2.jar), 
	simplyswords:mythicmetals_compat/orichalcum/orichalcum_rapier (from simplyswords-forge-1.47.0-1.19.2.jar), 
	simplyswords:mythicmetals_compat/orichalcum/orichalcum_sai (from simplyswords-forge-1.47.0-1.19.2.jar), 
	simplyswords:mythicmetals_compat/orichalcum/orichalcum_spear (from simplyswords-forge-1.47.0-1.19.2.jar), 
	simplyswords:mythicmetals_compat/orichalcum/orichalcum_twinblade (from simplyswords-forge-1.47.0-1.19.2.jar), 
	simplyswords:mythicmetals_compat/orichalcum/orichalcum_warglaive (from simplyswords-forge-1.47.0-1.19.2.jar), 
	simplyswords:mythicmetals_compat/orichalcum/orichalcum_greathammer (from simplyswords-forge-1.47.0-1.19.2.jar), 
	simplyswords:mythicmetals_compat/orichalcum/orichalcum_greataxe (from simplyswords-forge-1.47.0-1.19.2.jar), 
	simplyswords:mythicmetals_compat/orichalcum/orichalcum_chakram (from simplyswords-forge-1.47.0-1.19.2.jar), 
	simplyswords:mythicmetals_compat/orichalcum/orichalcum_scythe (from simplyswords-forge-1.47.0-1.19.2.jar), 
	simplyswords:mythicmetals_compat/orichalcum/orichalcum_halberd (from simplyswords-forge-1.47.0-1.19.2.jar)
[01Jul2025 20:09:42.033] [Worker-Main6/ERROR] [net.minecraft.tags.TagLoader/]: Couldn't load tag [simplyswords:mythicmetals_compat/quadrillum/quadrillum_claymore (from simplyswords-forge-1.47.0-1.19.2.jar), simplyswords:mythicmetals_compat/quadrillum/quadrillum_cutlass (from simplyswords-forge-1.47.0-1.19.2.jar), simplyswords:mythicmetals_compat/quadrillum/quadrillum_glaive (from simplyswords-forge-1.47.0-1.19.2.jar), simplyswords:mythicmetals_compat/quadrillum/quadrillum_katana (from simplyswords-forge-1.47.0-1.19.2.jar), simplyswords:mythicmetals_compat/quadrillum/quadrillum_longsword (from simplyswords-forge-1.47.0-1.19.2.jar), simplyswords:mythicmetals_compat/quadrillum/quadrillum_rapier (from simplyswords-forge-1.47.0-1.19.2.jar), simplyswords:mythicmetals_compat/quadrillum/quadrillum_sai (from simplyswords-forge-1.47.0-1.19.2.jar), simplyswords:mythicmetals_compat/quadrillum/quadrillum_spear (from simplyswords-forge-1.47.0-1.19.2.jar), simplyswords:mythicmetals_compat/quadrillum/quadrillum_twinblade (from simplyswords-forge-1.47.0-1.19.2.jar), simplyswords:mythicmetals_compat/quadrillum/quadrillum_warglaive (from simplyswords-forge-1.47.0-1.19.2.jar), simplyswords:mythicmetals_compat/quadrillum/quadrillum_greathammer (from simplyswords-forge-1.47.0-1.19.2.jar), simplyswords:mythicmetals_compat/quadrillum/quadrillum_greataxe (from simplyswords-forge-1.47.0-1.19.2.jar), simplyswords:mythicmetals_compat/quadrillum/quadrillum_chakram (from simplyswords-forge-1.47.0-1.19.2.jar), simplyswords:mythicmetals_compat/quadrillum/quadrillum_scythe (from simplyswords-forge-1.47.0-1.19.2.jar), simplyswords:mythicmetals_compat/quadrillum/quadrillum_halberd (from simplyswords-forge-1.47.0-1.19.2.jar)] as it is missing following references: simplyswords:mythicmetals_compat/quadrillum/quadrillum_claymore (from simplyswords-forge-1.47.0-1.19.2.jar), 
	simplyswords:mythicmetals_compat/quadrillum/quadrillum_cutlass (from simplyswords-forge-1.47.0-1.19.2.jar), 
	simplyswords:mythicmetals_compat/quadrillum/quadrillum_glaive (from simplyswords-forge-1.47.0-1.19.2.jar), 
	simplyswords:mythicmetals_compat/quadrillum/quadrillum_katana (from simplyswords-forge-1.47.0-1.19.2.jar), 
	simplyswords:mythicmetals_compat/quadrillum/quadrillum_longsword (from simplyswords-forge-1.47.0-1.19.2.jar), 
	simplyswords:mythicmetals_compat/quadrillum/quadrillum_rapier (from simplyswords-forge-1.47.0-1.19.2.jar), 
	simplyswords:mythicmetals_compat/quadrillum/quadrillum_sai (from simplyswords-forge-1.47.0-1.19.2.jar), 
	simplyswords:mythicmetals_compat/quadrillum/quadrillum_spear (from simplyswords-forge-1.47.0-1.19.2.jar), 
	simplyswords:mythicmetals_compat/quadrillum/quadrillum_twinblade (from simplyswords-forge-1.47.0-1.19.2.jar), 
	simplyswords:mythicmetals_compat/quadrillum/quadrillum_warglaive (from simplyswords-forge-1.47.0-1.19.2.jar), 
	simplyswords:mythicmetals_compat/quadrillum/quadrillum_greathammer (from simplyswords-forge-1.47.0-1.19.2.jar), 
	simplyswords:mythicmetals_compat/quadrillum/quadrillum_greataxe (from simplyswords-forge-1.47.0-1.19.2.jar), 
	simplyswords:mythicmetals_compat/quadrillum/quadrillum_chakram (from simplyswords-forge-1.47.0-1.19.2.jar), 
	simplyswords:mythicmetals_compat/quadrillum/quadrillum_scythe (from simplyswords-forge-1.47.0-1.19.2.jar), 
	simplyswords:mythicmetals_compat/quadrillum/quadrillum_halberd (from simplyswords-forge-1.47.0-1.19.2.jar)
[01Jul2025 20:09:42.034] [Worker-Main6/ERROR] [net.minecraft.tags.TagLoader/]: Couldn't load tag [minecraft:carrots (from collection-of-singiro-1.19.x-1.1.4.jar), minecraft:potatoes (from collection-of-singiro-1.19.x-1.1.4.jar), minecraft:beetroots (from collection-of-singiro-1.19.x-1.1.4.jar), minecraft:cocao (from collection-of-singiro-1.19.x-1.1.4.jar), minecraft:sweet_berry_bush (from collection-of-singiro-1.19.x-1.1.4.jar)] as it is missing following references: minecraft:carrots (from collection-of-singiro-1.19.x-1.1.4.jar), 
	minecraft:potatoes (from collection-of-singiro-1.19.x-1.1.4.jar), 
	minecraft:beetroots (from collection-of-singiro-1.19.x-1.1.4.jar), 
	minecraft:cocao (from collection-of-singiro-1.19.x-1.1.4.jar), 
	minecraft:sweet_berry_bush (from collection-of-singiro-1.19.x-1.1.4.jar)
[01Jul2025 20:09:42.044] [Worker-Main6/ERROR] [net.minecraft.tags.TagLoader/]: Couldn't load tag [bygonenether:withered_blackstone_vertical_slab (from bygonenether-1.3.2-1.19.2.jar), bygonenether:cracked_withered_blackstone_vertical_slab (from bygonenether-1.3.2-1.19.2.jar), bygonenether:warped_nether_brick_vertical_slab (from bygonenether-1.3.2-1.19.2.jar)] as it is missing following references: bygonenether:withered_blackstone_vertical_slab (from bygonenether-1.3.2-1.19.2.jar), 
	bygonenether:cracked_withered_blackstone_vertical_slab (from bygonenether-1.3.2-1.19.2.jar), 
	bygonenether:warped_nether_brick_vertical_slab (from bygonenether-1.3.2-1.19.2.jar)
[01Jul2025 20:09:42.047] [Worker-Main6/ERROR] [net.minecraft.tags.TagLoader/]: Couldn't load tag [simplyswords:mythicmetals_compat/celestium/celestium_claymore (from simplyswords-forge-1.47.0-1.19.2.jar), simplyswords:mythicmetals_compat/celestium/celestium_cutlass (from simplyswords-forge-1.47.0-1.19.2.jar), simplyswords:mythicmetals_compat/celestium/celestium_glaive (from simplyswords-forge-1.47.0-1.19.2.jar), simplyswords:mythicmetals_compat/celestium/celestium_katana (from simplyswords-forge-1.47.0-1.19.2.jar), simplyswords:mythicmetals_compat/celestium/celestium_longsword (from simplyswords-forge-1.47.0-1.19.2.jar), simplyswords:mythicmetals_compat/celestium/celestium_rapier (from simplyswords-forge-1.47.0-1.19.2.jar), simplyswords:mythicmetals_compat/celestium/celestium_sai (from simplyswords-forge-1.47.0-1.19.2.jar), simplyswords:mythicmetals_compat/celestium/celestium_spear (from simplyswords-forge-1.47.0-1.19.2.jar), simplyswords:mythicmetals_compat/celestium/celestium_twinblade (from simplyswords-forge-1.47.0-1.19.2.jar), simplyswords:mythicmetals_compat/celestium/celestium_warglaive (from simplyswords-forge-1.47.0-1.19.2.jar), simplyswords:mythicmetals_compat/celestium/celestium_greathammer (from simplyswords-forge-1.47.0-1.19.2.jar), simplyswords:mythicmetals_compat/celestium/celestium_greataxe (from simplyswords-forge-1.47.0-1.19.2.jar), simplyswords:mythicmetals_compat/celestium/celestium_chakram (from simplyswords-forge-1.47.0-1.19.2.jar), simplyswords:mythicmetals_compat/celestium/celestium_scythe (from simplyswords-forge-1.47.0-1.19.2.jar), simplyswords:mythicmetals_compat/celestium/celestium_halberd (from simplyswords-forge-1.47.0-1.19.2.jar)] as it is missing following references: simplyswords:mythicmetals_compat/celestium/celestium_claymore (from simplyswords-forge-1.47.0-1.19.2.jar), 
	simplyswords:mythicmetals_compat/celestium/celestium_cutlass (from simplyswords-forge-1.47.0-1.19.2.jar), 
	simplyswords:mythicmetals_compat/celestium/celestium_glaive (from simplyswords-forge-1.47.0-1.19.2.jar), 
	simplyswords:mythicmetals_compat/celestium/celestium_katana (from simplyswords-forge-1.47.0-1.19.2.jar), 
	simplyswords:mythicmetals_compat/celestium/celestium_longsword (from simplyswords-forge-1.47.0-1.19.2.jar), 
	simplyswords:mythicmetals_compat/celestium/celestium_rapier (from simplyswords-forge-1.47.0-1.19.2.jar), 
	simplyswords:mythicmetals_compat/celestium/celestium_sai (from simplyswords-forge-1.47.0-1.19.2.jar), 
	simplyswords:mythicmetals_compat/celestium/celestium_spear (from simplyswords-forge-1.47.0-1.19.2.jar), 
	simplyswords:mythicmetals_compat/celestium/celestium_twinblade (from simplyswords-forge-1.47.0-1.19.2.jar), 
	simplyswords:mythicmetals_compat/celestium/celestium_warglaive (from simplyswords-forge-1.47.0-1.19.2.jar), 
	simplyswords:mythicmetals_compat/celestium/celestium_greathammer (from simplyswords-forge-1.47.0-1.19.2.jar), 
	simplyswords:mythicmetals_compat/celestium/celestium_greataxe (from simplyswords-forge-1.47.0-1.19.2.jar), 
	simplyswords:mythicmetals_compat/celestium/celestium_chakram (from simplyswords-forge-1.47.0-1.19.2.jar), 
	simplyswords:mythicmetals_compat/celestium/celestium_scythe (from simplyswords-forge-1.47.0-1.19.2.jar), 
	simplyswords:mythicmetals_compat/celestium/celestium_halberd (from simplyswords-forge-1.47.0-1.19.2.jar)
[01Jul2025 20:09:42.053] [Worker-Main6/ERROR] [net.minecraft.tags.TagLoader/]: Couldn't load tag [simplyswords:mythicmetals_compat/aquarium/aquarium_claymore (from simplyswords-forge-1.47.0-1.19.2.jar), simplyswords:mythicmetals_compat/aquarium/aquarium_cutlass (from simplyswords-forge-1.47.0-1.19.2.jar), simplyswords:mythicmetals_compat/aquarium/aquarium_glaive (from simplyswords-forge-1.47.0-1.19.2.jar), simplyswords:mythicmetals_compat/aquarium/aquarium_katana (from simplyswords-forge-1.47.0-1.19.2.jar), simplyswords:mythicmetals_compat/aquarium/aquarium_longsword (from simplyswords-forge-1.47.0-1.19.2.jar), simplyswords:mythicmetals_compat/aquarium/aquarium_rapier (from simplyswords-forge-1.47.0-1.19.2.jar), simplyswords:mythicmetals_compat/aquarium/aquarium_sai (from simplyswords-forge-1.47.0-1.19.2.jar), simplyswords:mythicmetals_compat/aquarium/aquarium_spear (from simplyswords-forge-1.47.0-1.19.2.jar), simplyswords:mythicmetals_compat/aquarium/aquarium_twinblade (from simplyswords-forge-1.47.0-1.19.2.jar), simplyswords:mythicmetals_compat/aquarium/aquarium_warglaive (from simplyswords-forge-1.47.0-1.19.2.jar), simplyswords:mythicmetals_compat/aquarium/aquarium_greathammer (from simplyswords-forge-1.47.0-1.19.2.jar), simplyswords:mythicmetals_compat/aquarium/aquarium_greataxe (from simplyswords-forge-1.47.0-1.19.2.jar), simplyswords:mythicmetals_compat/aquarium/aquarium_chakram (from simplyswords-forge-1.47.0-1.19.2.jar), simplyswords:mythicmetals_compat/aquarium/aquarium_scythe (from simplyswords-forge-1.47.0-1.19.2.jar), simplyswords:mythicmetals_compat/aquarium/aquarium_halberd (from simplyswords-forge-1.47.0-1.19.2.jar)] as it is missing following references: simplyswords:mythicmetals_compat/aquarium/aquarium_claymore (from simplyswords-forge-1.47.0-1.19.2.jar), 
	simplyswords:mythicmetals_compat/aquarium/aquarium_cutlass (from simplyswords-forge-1.47.0-1.19.2.jar), 
	simplyswords:mythicmetals_compat/aquarium/aquarium_glaive (from simplyswords-forge-1.47.0-1.19.2.jar), 
	simplyswords:mythicmetals_compat/aquarium/aquarium_katana (from simplyswords-forge-1.47.0-1.19.2.jar), 
	simplyswords:mythicmetals_compat/aquarium/aquarium_longsword (from simplyswords-forge-1.47.0-1.19.2.jar), 
	simplyswords:mythicmetals_compat/aquarium/aquarium_rapier (from simplyswords-forge-1.47.0-1.19.2.jar), 
	simplyswords:mythicmetals_compat/aquarium/aquarium_sai (from simplyswords-forge-1.47.0-1.19.2.jar), 
	simplyswords:mythicmetals_compat/aquarium/aquarium_spear (from simplyswords-forge-1.47.0-1.19.2.jar), 
	simplyswords:mythicmetals_compat/aquarium/aquarium_twinblade (from simplyswords-forge-1.47.0-1.19.2.jar), 
	simplyswords:mythicmetals_compat/aquarium/aquarium_warglaive (from simplyswords-forge-1.47.0-1.19.2.jar), 
	simplyswords:mythicmetals_compat/aquarium/aquarium_greathammer (from simplyswords-forge-1.47.0-1.19.2.jar), 
	simplyswords:mythicmetals_compat/aquarium/aquarium_greataxe (from simplyswords-forge-1.47.0-1.19.2.jar), 
	simplyswords:mythicmetals_compat/aquarium/aquarium_chakram (from simplyswords-forge-1.47.0-1.19.2.jar), 
	simplyswords:mythicmetals_compat/aquarium/aquarium_scythe (from simplyswords-forge-1.47.0-1.19.2.jar), 
	simplyswords:mythicmetals_compat/aquarium/aquarium_halberd (from simplyswords-forge-1.47.0-1.19.2.jar)
[01Jul2025 20:09:42.055] [Worker-Main6/ERROR] [net.minecraft.tags.TagLoader/]: Couldn't load tag [mythicmetals:mythicmetals_compat/carmot/carmot_claymore (from simplyswords-forge-1.47.0-1.19.2.jar), mythicmetals:mythicmetals_compat/carmot/carmot_cutlass (from simplyswords-forge-1.47.0-1.19.2.jar), mythicmetals:mythicmetals_compat/carmot/carmot_glaive (from simplyswords-forge-1.47.0-1.19.2.jar), mythicmetals:mythicmetals_compat/carmot/carmot_katana (from simplyswords-forge-1.47.0-1.19.2.jar), mythicmetals:mythicmetals_compat/carmot/carmot_longsword (from simplyswords-forge-1.47.0-1.19.2.jar), mythicmetals:mythicmetals_compat/carmot/carmot_rapier (from simplyswords-forge-1.47.0-1.19.2.jar), mythicmetals:mythicmetals_compat/carmot/carmot_sai (from simplyswords-forge-1.47.0-1.19.2.jar), mythicmetals:mythicmetals_compat/carmot/carmot_spear (from simplyswords-forge-1.47.0-1.19.2.jar), mythicmetals:mythicmetals_compat/carmot/carmot_twinblade (from simplyswords-forge-1.47.0-1.19.2.jar), mythicmetals:mythicmetals_compat/carmot/carmot_warglaive (from simplyswords-forge-1.47.0-1.19.2.jar), mythicmetals:mythicmetals_compat/carmot/carmot_greathammer (from simplyswords-forge-1.47.0-1.19.2.jar), mythicmetals:mythicmetals_compat/carmot/carmot_greataxe (from simplyswords-forge-1.47.0-1.19.2.jar), mythicmetals:mythicmetals_compat/carmot/carmot_chakram (from simplyswords-forge-1.47.0-1.19.2.jar), mythicmetals:mythicmetals_compat/carmot/carmot_scythe (from simplyswords-forge-1.47.0-1.19.2.jar), mythicmetals:mythicmetals_compat/carmot/carmot_halberd (from simplyswords-forge-1.47.0-1.19.2.jar)] as it is missing following references: mythicmetals:mythicmetals_compat/carmot/carmot_claymore (from simplyswords-forge-1.47.0-1.19.2.jar), 
	mythicmetals:mythicmetals_compat/carmot/carmot_cutlass (from simplyswords-forge-1.47.0-1.19.2.jar), 
	mythicmetals:mythicmetals_compat/carmot/carmot_glaive (from simplyswords-forge-1.47.0-1.19.2.jar), 
	mythicmetals:mythicmetals_compat/carmot/carmot_katana (from simplyswords-forge-1.47.0-1.19.2.jar), 
	mythicmetals:mythicmetals_compat/carmot/carmot_longsword (from simplyswords-forge-1.47.0-1.19.2.jar), 
	mythicmetals:mythicmetals_compat/carmot/carmot_rapier (from simplyswords-forge-1.47.0-1.19.2.jar), 
	mythicmetals:mythicmetals_compat/carmot/carmot_sai (from simplyswords-forge-1.47.0-1.19.2.jar), 
	mythicmetals:mythicmetals_compat/carmot/carmot_spear (from simplyswords-forge-1.47.0-1.19.2.jar), 
	mythicmetals:mythicmetals_compat/carmot/carmot_twinblade (from simplyswords-forge-1.47.0-1.19.2.jar), 
	mythicmetals:mythicmetals_compat/carmot/carmot_warglaive (from simplyswords-forge-1.47.0-1.19.2.jar), 
	mythicmetals:mythicmetals_compat/carmot/carmot_greathammer (from simplyswords-forge-1.47.0-1.19.2.jar), 
	mythicmetals:mythicmetals_compat/carmot/carmot_greataxe (from simplyswords-forge-1.47.0-1.19.2.jar), 
	mythicmetals:mythicmetals_compat/carmot/carmot_chakram (from simplyswords-forge-1.47.0-1.19.2.jar), 
	mythicmetals:mythicmetals_compat/carmot/carmot_scythe (from simplyswords-forge-1.47.0-1.19.2.jar), 
	mythicmetals:mythicmetals_compat/carmot/carmot_halberd (from simplyswords-forge-1.47.0-1.19.2.jar)
[01Jul2025 20:09:42.059] [Worker-Main6/ERROR] [net.minecraft.tags.TagLoader/]: Couldn't load tag [simplyswords:mythicmetals_compat/adamantite/adamantite_claymore (from simplyswords-forge-1.47.0-1.19.2.jar), simplyswords:mythicmetals_compat/adamantite/adamantite_cutlass (from simplyswords-forge-1.47.0-1.19.2.jar), simplyswords:mythicmetals_compat/adamantite/adamantite_glaive (from simplyswords-forge-1.47.0-1.19.2.jar), simplyswords:mythicmetals_compat/adamantite/adamantite_katana (from simplyswords-forge-1.47.0-1.19.2.jar), simplyswords:mythicmetals_compat/adamantite/adamantite_longsword (from simplyswords-forge-1.47.0-1.19.2.jar), simplyswords:mythicmetals_compat/adamantite/adamantite_rapier (from simplyswords-forge-1.47.0-1.19.2.jar), simplyswords:mythicmetals_compat/adamantite/adamantite_sai (from simplyswords-forge-1.47.0-1.19.2.jar), simplyswords:mythicmetals_compat/adamantite/adamantite_spear (from simplyswords-forge-1.47.0-1.19.2.jar), simplyswords:mythicmetals_compat/adamantite/adamantite_twinblade (from simplyswords-forge-1.47.0-1.19.2.jar), simplyswords:mythicmetals_compat/adamantite/adamantite_warglaive (from simplyswords-forge-1.47.0-1.19.2.jar), simplyswords:mythicmetals_compat/adamantite/adamantite_greathammer (from simplyswords-forge-1.47.0-1.19.2.jar), simplyswords:mythicmetals_compat/adamantite/adamantite_greataxe (from simplyswords-forge-1.47.0-1.19.2.jar), simplyswords:mythicmetals_compat/adamantite/adamantite_chakram (from simplyswords-forge-1.47.0-1.19.2.jar), simplyswords:mythicmetals_compat/adamantite/adamantite_scythe (from simplyswords-forge-1.47.0-1.19.2.jar), simplyswords:mythicmetals_compat/adamantite/adamantite_halberd (from simplyswords-forge-1.47.0-1.19.2.jar)] as it is missing following references: simplyswords:mythicmetals_compat/adamantite/adamantite_claymore (from simplyswords-forge-1.47.0-1.19.2.jar), 
	simplyswords:mythicmetals_compat/adamantite/adamantite_cutlass (from simplyswords-forge-1.47.0-1.19.2.jar), 
	simplyswords:mythicmetals_compat/adamantite/adamantite_glaive (from simplyswords-forge-1.47.0-1.19.2.jar), 
	simplyswords:mythicmetals_compat/adamantite/adamantite_katana (from simplyswords-forge-1.47.0-1.19.2.jar), 
	simplyswords:mythicmetals_compat/adamantite/adamantite_longsword (from simplyswords-forge-1.47.0-1.19.2.jar), 
	simplyswords:mythicmetals_compat/adamantite/adamantite_rapier (from simplyswords-forge-1.47.0-1.19.2.jar), 
	simplyswords:mythicmetals_compat/adamantite/adamantite_sai (from simplyswords-forge-1.47.0-1.19.2.jar), 
	simplyswords:mythicmetals_compat/adamantite/adamantite_spear (from simplyswords-forge-1.47.0-1.19.2.jar), 
	simplyswords:mythicmetals_compat/adamantite/adamantite_twinblade (from simplyswords-forge-1.47.0-1.19.2.jar), 
	simplyswords:mythicmetals_compat/adamantite/adamantite_warglaive (from simplyswords-forge-1.47.0-1.19.2.jar), 
	simplyswords:mythicmetals_compat/adamantite/adamantite_greathammer (from simplyswords-forge-1.47.0-1.19.2.jar), 
	simplyswords:mythicmetals_compat/adamantite/adamantite_greataxe (from simplyswords-forge-1.47.0-1.19.2.jar), 
	simplyswords:mythicmetals_compat/adamantite/adamantite_chakram (from simplyswords-forge-1.47.0-1.19.2.jar), 
	simplyswords:mythicmetals_compat/adamantite/adamantite_scythe (from simplyswords-forge-1.47.0-1.19.2.jar), 
	simplyswords:mythicmetals_compat/adamantite/adamantite_halberd (from simplyswords-forge-1.47.0-1.19.2.jar)
[01Jul2025 20:09:42.063] [Worker-Main6/ERROR] [net.minecraft.tags.TagLoader/]: Couldn't load tag [simplyswords:mythicmetals_compat/mythril/mythril_claymore (from simplyswords-forge-1.47.0-1.19.2.jar), simplyswords:mythicmetals_compat/mythril/mythril_cutlass (from simplyswords-forge-1.47.0-1.19.2.jar), simplyswords:mythicmetals_compat/mythril/mythril_glaive (from simplyswords-forge-1.47.0-1.19.2.jar), simplyswords:mythicmetals_compat/mythril/mythril_katana (from simplyswords-forge-1.47.0-1.19.2.jar), simplyswords:mythicmetals_compat/mythril/mythril_longsword (from simplyswords-forge-1.47.0-1.19.2.jar), simplyswords:mythicmetals_compat/mythril/mythril_rapier (from simplyswords-forge-1.47.0-1.19.2.jar), simplyswords:mythicmetals_compat/mythril/mythril_sai (from simplyswords-forge-1.47.0-1.19.2.jar), simplyswords:mythicmetals_compat/mythril/mythril_spear (from simplyswords-forge-1.47.0-1.19.2.jar), simplyswords:mythicmetals_compat/mythril/mythril_twinblade (from simplyswords-forge-1.47.0-1.19.2.jar), simplyswords:mythicmetals_compat/mythril/mythril_warglaive (from simplyswords-forge-1.47.0-1.19.2.jar), simplyswords:mythicmetals_compat/mythril/mythril_greathammer (from simplyswords-forge-1.47.0-1.19.2.jar), simplyswords:mythicmetals_compat/mythril/mythril_greataxe (from simplyswords-forge-1.47.0-1.19.2.jar), simplyswords:mythicmetals_compat/mythril/mythril_chakram (from simplyswords-forge-1.47.0-1.19.2.jar), simplyswords:mythicmetals_compat/mythril/mythril_scythe (from simplyswords-forge-1.47.0-1.19.2.jar), simplyswords:mythicmetals_compat/mythril/mythril_halberd (from simplyswords-forge-1.47.0-1.19.2.jar)] as it is missing following references: simplyswords:mythicmetals_compat/mythril/mythril_claymore (from simplyswords-forge-1.47.0-1.19.2.jar), 
	simplyswords:mythicmetals_compat/mythril/mythril_cutlass (from simplyswords-forge-1.47.0-1.19.2.jar), 
	simplyswords:mythicmetals_compat/mythril/mythril_glaive (from simplyswords-forge-1.47.0-1.19.2.jar), 
	simplyswords:mythicmetals_compat/mythril/mythril_katana (from simplyswords-forge-1.47.0-1.19.2.jar), 
	simplyswords:mythicmetals_compat/mythril/mythril_longsword (from simplyswords-forge-1.47.0-1.19.2.jar), 
	simplyswords:mythicmetals_compat/mythril/mythril_rapier (from simplyswords-forge-1.47.0-1.19.2.jar), 
	simplyswords:mythicmetals_compat/mythril/mythril_sai (from simplyswords-forge-1.47.0-1.19.2.jar), 
	simplyswords:mythicmetals_compat/mythril/mythril_spear (from simplyswords-forge-1.47.0-1.19.2.jar), 
	simplyswords:mythicmetals_compat/mythril/mythril_twinblade (from simplyswords-forge-1.47.0-1.19.2.jar), 
	simplyswords:mythicmetals_compat/mythril/mythril_warglaive (from simplyswords-forge-1.47.0-1.19.2.jar), 
	simplyswords:mythicmetals_compat/mythril/mythril_greathammer (from simplyswords-forge-1.47.0-1.19.2.jar), 
	simplyswords:mythicmetals_compat/mythril/mythril_greataxe (from simplyswords-forge-1.47.0-1.19.2.jar), 
	simplyswords:mythicmetals_compat/mythril/mythril_chakram (from simplyswords-forge-1.47.0-1.19.2.jar), 
	simplyswords:mythicmetals_compat/mythril/mythril_scythe (from simplyswords-forge-1.47.0-1.19.2.jar), 
	simplyswords:mythicmetals_compat/mythril/mythril_halberd (from simplyswords-forge-1.47.0-1.19.2.jar)
[01Jul2025 20:09:42.743] [Worker-Main1/ERROR] [Calio/]: Couldn't parse data file medievalorigins:daemon/hellborne from medievalorigins:powers/daemon/hellborne.json
com.google.gson.JsonParseException: com.google.gson.stream.MalformedJsonException: Expected name at line 3 column 2 path $.type
	at net.minecraft.util.GsonHelper.m_13780_(GsonHelper.java:512) ~[server-1.19.2-20220805.130853-srg.jar%23565!/:?]
	at net.minecraft.util.GsonHelper.m_13776_(GsonHelper.java:549) ~[server-1.19.2-20220805.130853-srg.jar%23565!/:?]
	at io.github.edwinmindcraft.calio.common.registry.CalioDynamicRegistryManager$ReloadFactory.prepare(CalioDynamicRegistryManager.java:357) ~[calio-forge-1.19.2-1.7.0.4.jar%23615!/:1.19.2-1.7.0.4]
	at io.github.edwinmindcraft.calio.common.registry.CalioDynamicRegistryManager.lambda$prepare$3(CalioDynamicRegistryManager.java:111) ~[calio-forge-1.19.2-1.7.0.4.jar%23615!/:1.19.2-1.7.0.4]
	at java.util.concurrent.CompletableFuture$AsyncRun.run(CompletableFuture.java:1804) [?:?]
	at java.util.concurrent.CompletableFuture$AsyncRun.exec(CompletableFuture.java:1796) [?:?]
	at java.util.concurrent.ForkJoinTask.doExec(ForkJoinTask.java:373) [?:?]
	at java.util.concurrent.ForkJoinPool$WorkQueue.topLevelExec(ForkJoinPool.java:1182) [?:?]
	at java.util.concurrent.ForkJoinPool.scan(ForkJoinPool.java:1655) [?:?]
	at java.util.concurrent.ForkJoinPool.runWorker(ForkJoinPool.java:1622) [?:?]
	at java.util.concurrent.ForkJoinWorkerThread.run(ForkJoinWorkerThread.java:165) [?:?]
Caused by: com.google.gson.stream.MalformedJsonException: Expected name at line 3 column 2 path $.type
	at com.google.gson.stream.JsonReader.syntaxError(JsonReader.java:1562) ~[gson-2.8.9.jar%2370!/:?]
	at com.google.gson.stream.JsonReader.doPeek(JsonReader.java:504) ~[gson-2.8.9.jar%2370!/:?]
	at com.google.gson.stream.JsonReader.hasNext(JsonReader.java:413) ~[gson-2.8.9.jar%2370!/:?]
	at com.google.gson.internal.bind.TypeAdapters$27.read(TypeAdapters.java:683) ~[gson-2.8.9.jar%2370!/:?]
	at com.google.gson.internal.bind.TypeAdapters$27.read(TypeAdapters.java:655) ~[gson-2.8.9.jar%2370!/:?]
	at com.google.gson.internal.bind.TypeAdapters$33$1.read(TypeAdapters.java:866) ~[gson-2.8.9.jar%2370!/:?]
	at net.minecraft.util.GsonHelper.m_13780_(GsonHelper.java:510) ~[server-1.19.2-20220805.130853-srg.jar%23565!/:?]
	... 10 more
[01Jul2025 20:09:43.909] [Worker-Main7/ERROR] [net.minecraft.server.packs.resources.SimpleJsonResourceReloadListener/]: Couldn't parse data file nova_structures:chests/water_supply from nova_structures:loot_tables/chests/water_supply.json
com.google.gson.JsonParseException: com.google.gson.stream.MalformedJsonException: Unterminated array at line 17 column 10 path $.pools[0].entries[1]
	at net.minecraft.util.GsonHelper.m_13780_(GsonHelper.java:512) ~[server-1.19.2-20220805.130853-srg.jar%23565!/:?]
	at net.minecraft.util.GsonHelper.m_13776_(GsonHelper.java:549) ~[server-1.19.2-20220805.130853-srg.jar%23565!/:?]
	at net.minecraft.server.packs.resources.SimpleJsonResourceReloadListener.m_5944_(SimpleJsonResourceReloadListener.java:43) ~[server-1.19.2-20220805.130853-srg.jar%23565!/:?]
	at net.minecraft.server.packs.resources.SimpleJsonResourceReloadListener.m_5944_(SimpleJsonResourceReloadListener.java:16) ~[server-1.19.2-20220805.130853-srg.jar%23565!/:?]
	at net.minecraft.server.packs.resources.SimplePreparableReloadListener.m_10786_(SimplePreparableReloadListener.java:11) ~[server-1.19.2-20220805.130853-srg.jar%23565!/:?]
	at java.util.concurrent.CompletableFuture$AsyncSupply.run(CompletableFuture.java:1768) [?:?]
	at java.util.concurrent.CompletableFuture$AsyncSupply.exec(CompletableFuture.java:1760) [?:?]
	at java.util.concurrent.ForkJoinTask.doExec(ForkJoinTask.java:373) [?:?]
	at java.util.concurrent.ForkJoinPool$WorkQueue.topLevelExec(ForkJoinPool.java:1182) [?:?]
	at java.util.concurrent.ForkJoinPool.scan(ForkJoinPool.java:1655) [?:?]
	at java.util.concurrent.ForkJoinPool.runWorker(ForkJoinPool.java:1622) [?:?]
	at java.util.concurrent.ForkJoinWorkerThread.run(ForkJoinWorkerThread.java:165) [?:?]
Caused by: com.google.gson.stream.MalformedJsonException: Unterminated array at line 17 column 10 path $.pools[0].entries[1]
	at com.google.gson.stream.JsonReader.syntaxError(JsonReader.java:1562) ~[gson-2.8.9.jar%2370!/:?]
	at com.google.gson.stream.JsonReader.doPeek(JsonReader.java:475) ~[gson-2.8.9.jar%2370!/:?]
	at com.google.gson.stream.JsonReader.hasNext(JsonReader.java:413) ~[gson-2.8.9.jar%2370!/:?]
	at com.google.gson.internal.bind.TypeAdapters$27.read(TypeAdapters.java:675) ~[gson-2.8.9.jar%2370!/:?]
	at com.google.gson.internal.bind.TypeAdapters$27.read(TypeAdapters.java:684) ~[gson-2.8.9.jar%2370!/:?]
	at com.google.gson.internal.bind.TypeAdapters$27.read(TypeAdapters.java:676) ~[gson-2.8.9.jar%2370!/:?]
	at com.google.gson.internal.bind.TypeAdapters$27.read(TypeAdapters.java:684) ~[gson-2.8.9.jar%2370!/:?]
	at com.google.gson.internal.bind.TypeAdapters$27.read(TypeAdapters.java:655) ~[gson-2.8.9.jar%2370!/:?]
	at com.google.gson.internal.bind.TypeAdapters$33$1.read(TypeAdapters.java:866) ~[gson-2.8.9.jar%2370!/:?]
	at net.minecraft.util.GsonHelper.m_13780_(GsonHelper.java:510) ~[server-1.19.2-20220805.130853-srg.jar%23565!/:?]
	... 11 more
[01Jul2025 20:09:44.511] [main/INFO] [com.teampotato.redirector.Redirector/]: Redirecting umpaz/farmersrespite/client/recipebook/KettleRecipeBookTab
[01Jul2025 20:09:44.512] [main/INFO] [com.teampotato.redirector.Redirector/]: Redirecting umpaz/brewinandchewin/client/recipebook/KegRecipeBookTab
[01Jul2025 20:09:44.520] [main/INFO] [net.minecraft.world.item.crafting.RecipeManager/]: Skipping loading recipe undergarden:gloomgourd_pie as it's serializer returned null
[01Jul2025 20:09:44.522] [main/ERROR] [net.minecraft.world.item.crafting.RecipeManager/]: Parsing error loading recipe dreadsteel:dreadsteel_scythe: com.google.gson.JsonSyntaxException: Unknown item 'iceandfire:witherbone'
[01Jul2025 20:09:44.535] [main/INFO] [com.teampotato.redirector.Redirector/]: Redirecting it/hurts/sskirillss/relics/items/relics/base/data/leveling/RelicAbilityStat$Operation
[01Jul2025 20:09:44.571] [main/INFO] [net.minecraft.world.item.crafting.RecipeManager/]: Skipping loading recipe delightful:knives/blasting/copper_thermal as it's serializer returned null
[01Jul2025 20:09:44.574] [main/INFO] [net.minecraft.world.item.crafting.RecipeManager/]: Skipping loading recipe atmospheric:grimwood_leaves_from_grimwood_leaf_pile as it's serializer returned null
[01Jul2025 20:09:44.575] [main/INFO] [net.minecraft.world.item.crafting.RecipeManager/]: Skipping loading recipe atmospheric:dragon_fruit_crate as it's serializer returned null
[01Jul2025 20:09:44.579] [main/INFO] [net.minecraft.world.item.crafting.RecipeManager/]: Skipping loading recipe delightful:knives/mechanical_crafting/gilded_quartz_knife as it's serializer returned null
[01Jul2025 20:09:44.579] [main/INFO] [net.minecraft.world.item.crafting.RecipeManager/]: Skipping loading recipe byg:green_apple_pie_from_slices as it's serializer returned null
[01Jul2025 20:09:44.592] [main/INFO] [net.minecraft.world.item.crafting.RecipeManager/]: Skipping loading recipe atmospheric:yucca_trapped_chest as it's serializer returned null
[01Jul2025 20:09:44.592] [main/INFO] [net.minecraft.world.item.crafting.RecipeManager/]: Skipping loading recipe delightful:knives/osmium_knife as it's serializer returned null
[01Jul2025 20:09:44.599] [main/INFO] [net.minecraft.world.item.crafting.RecipeManager/]: Skipping loading recipe delightful:knives/smelting/bone/bone_meal_from_smelting_axe as it's serializer returned null
[01Jul2025 20:09:44.599] [main/INFO] [net.minecraft.world.item.crafting.RecipeManager/]: Skipping loading recipe atmospheric:rosewood_trapped_chest as it's serializer returned null
[01Jul2025 20:09:44.601] [main/INFO] [net.minecraft.world.item.crafting.RecipeManager/]: Skipping loading recipe delightful:integration/biomesoplenty/lavender_tea as it's serializer returned null
[01Jul2025 20:09:44.604] [main/INFO] [net.minecraft.world.item.crafting.RecipeManager/]: Skipping loading recipe atmospheric:large_morado_boat as it's serializer returned null
[01Jul2025 20:09:44.616] [main/INFO] [net.minecraft.world.item.crafting.RecipeManager/]: Skipping loading recipe delightful:cutting/nightshade_berry_pie as it's serializer returned null
[01Jul2025 20:09:44.617] [main/INFO] [net.minecraft.world.item.crafting.RecipeManager/]: Skipping loading recipe delightful:integration/goodall/cooked_venison_goodall as it's serializer returned null
[01Jul2025 20:09:44.617] [main/INFO] [net.minecraft.world.item.crafting.RecipeManager/]: Skipping loading recipe atmospheric:polished_dolerite_vertical_slab_from_dolerite_stonecutting as it's serializer returned null
[01Jul2025 20:09:44.618] [main/INFO] [net.minecraft.world.item.crafting.RecipeManager/]: Skipping loading recipe ars_elemental:jeed/hellfire_burn as it's serializer returned null
[01Jul2025 20:09:44.619] [main/INFO] [net.minecraft.world.item.crafting.RecipeManager/]: Skipping loading recipe atmospheric:rosewood_leaf_pile as it's serializer returned null
[01Jul2025 20:09:44.625] [main/INFO] [net.minecraft.world.item.crafting.RecipeManager/]: Skipping loading recipe atmospheric:dry_laurel_leaf_pile as it's serializer returned null
[01Jul2025 20:09:44.626] [main/INFO] [net.minecraft.world.item.crafting.RecipeManager/]: Skipping loading recipe delightful:integration/windswept/goat_shanks_windswept as it's serializer returned null
[01Jul2025 20:09:44.635] [main/INFO] [net.minecraft.world.item.crafting.RecipeManager/]: Skipping loading recipe wildberries:cutting/blueberry_pie as it's serializer returned null
[01Jul2025 20:09:44.636] [main/INFO] [net.minecraft.world.item.crafting.RecipeManager/]: Skipping loading recipe delightful:cutting/gloomgourd_pie as it's serializer returned null
[01Jul2025 20:09:44.637] [main/INFO] [net.minecraft.world.item.crafting.RecipeManager/]: Skipping loading recipe delightful:knives/blasting/bone/bone_meal_from_blasting_axe as it's serializer returned null
[01Jul2025 20:09:44.641] [main/INFO] [net.minecraft.world.item.crafting.RecipeManager/]: Skipping loading recipe delightful:integration/byg/unpack_green_apple_crate as it's serializer returned null
[01Jul2025 20:09:44.643] [main/INFO] [net.minecraft.world.item.crafting.RecipeManager/]: Skipping loading recipe delightful:knives/blasting/invar_thermal as it's serializer returned null
[01Jul2025 20:09:44.643] [main/ERROR] [net.minecraft.world.item.crafting.RecipeManager/]: Parsing error loading recipe irons_spellbooks:curios/concentration_amulet: com.google.gson.JsonSyntaxException: Unknown item 'irons_spellbooks:mithril_ingot'
[01Jul2025 20:09:44.643] [main/INFO] [net.minecraft.world.item.crafting.RecipeManager/]: Skipping loading recipe delightful:knives/smelting/lead_thermal as it's serializer returned null
[01Jul2025 20:09:44.645] [main/INFO] [net.minecraft.world.item.crafting.RecipeManager/]: Skipping loading recipe delightful:knives/smelting/lead_immersiveengineering as it's serializer returned null
[01Jul2025 20:09:44.646] [main/INFO] [net.minecraft.world.item.crafting.RecipeManager/]: Skipping loading recipe delightful:integration/biomemakeover/cactus_flesh_from_barrel_cactus_flowered as it's serializer returned null
[01Jul2025 20:09:44.657] [main/INFO] [com.teampotato.redirector.Redirector/]: Redirecting com/stal111/forbidden_arcanus/common/block/entity/clibano/ClibanoFireType
[01Jul2025 20:09:44.659] [main/INFO] [net.minecraft.world.item.crafting.RecipeManager/]: Skipping loading recipe atmospheric:carmine_pavement_vertical_slab_revert as it's serializer returned null
[01Jul2025 20:09:44.665] [main/INFO] [net.minecraft.world.item.crafting.RecipeManager/]: Skipping loading recipe byg:nightshade_berry_pie_from_slices as it's serializer returned null
[01Jul2025 20:09:44.667] [main/INFO] [net.minecraft.world.item.crafting.RecipeManager/]: Skipping loading recipe atmospheric:morado_leaves_from_morado_leaf_pile as it's serializer returned null
[01Jul2025 20:09:44.670] [main/INFO] [net.minecraft.world.item.crafting.RecipeManager/]: Skipping loading recipe delightful:knives/smelting/bone/bone_meal_from_smelting_chestplate as it's serializer returned null
[01Jul2025 20:09:44.671] [main/INFO] [net.minecraft.world.item.crafting.RecipeManager/]: Skipping loading recipe delightful:knives/blasting/tin_thermal as it's serializer returned null
[01Jul2025 20:09:44.671] [main/INFO] [net.minecraft.world.item.crafting.RecipeManager/]: Skipping loading recipe delightful:integration/byg/unpack_crimson_berry_sack as it's serializer returned null
[01Jul2025 20:09:44.681] [main/INFO] [net.minecraft.world.item.crafting.RecipeManager/]: Skipping loading recipe delightful:knives/smelting/nickel_thermal as it's serializer returned null
[01Jul2025 20:09:44.682] [main/INFO] [net.minecraft.world.item.crafting.RecipeManager/]: Skipping loading recipe sprout:water_sausage as it's serializer returned null
[01Jul2025 20:09:44.683] [main/INFO] [net.minecraft.world.item.crafting.RecipeManager/]: Skipping loading recipe delightful:knives/onyx_knife as it's serializer returned null
[01Jul2025 20:09:44.684] [main/INFO] [net.minecraft.world.item.crafting.RecipeManager/]: Skipping loading recipe delightful:integration/biomemakeover/cactus_flesh_from_saguaro_cactus as it's serializer returned null
[01Jul2025 20:09:44.685] [main/INFO] [net.minecraft.world.item.crafting.RecipeManager/]: Skipping loading recipe atmospheric:kousa_leaf_pile as it's serializer returned null
[01Jul2025 20:09:44.686] [main/INFO] [net.minecraft.world.item.crafting.RecipeManager/]: Skipping loading recipe atmospheric:grimwood_ladder as it's serializer returned null
[01Jul2025 20:09:44.687] [main/INFO] [net.minecraft.world.item.crafting.RecipeManager/]: Skipping loading recipe delightful:knives/smithing/warden_knife as it's serializer returned null
[01Jul2025 20:09:44.687] [main/ERROR] [net.minecraft.world.item.crafting.RecipeManager/]: Parsing error loading recipe iter_rpg:the_rock_recipe: com.google.gson.JsonSyntaxException: Unknown item 'iter_rpg:deleted_mod_element'
[01Jul2025 20:09:44.690] [main/INFO] [net.minecraft.world.item.crafting.RecipeManager/]: Skipping loading recipe delightful:knives/lapis_lazuli_knife as it's serializer returned null
[01Jul2025 20:09:44.692] [main/INFO] [net.minecraft.world.item.crafting.RecipeManager/]: Skipping loading recipe frozenup:truffle_cake_from_chocolate as it's serializer returned null
[01Jul2025 20:09:44.692] [main/INFO] [net.minecraft.world.item.crafting.RecipeManager/]: Skipping loading recipe delightful:knives/smelting/bronze_thermal as it's serializer returned null
[01Jul2025 20:09:44.693] [main/INFO] [net.minecraft.world.item.crafting.RecipeManager/]: Skipping loading recipe wildberries:cutting/sweet_berry_pie as it's serializer returned null
[01Jul2025 20:09:44.693] [main/INFO] [net.minecraft.world.item.crafting.RecipeManager/]: Skipping loading recipe delightful:knives/blasting/tin_mekanism as it's serializer returned null
[01Jul2025 20:09:44.694] [main/INFO] [net.minecraft.world.item.crafting.RecipeManager/]: Skipping loading recipe delightful:knives/steel_knife as it's serializer returned null
[01Jul2025 20:09:44.694] [main/INFO] [net.minecraft.world.item.crafting.RecipeManager/]: Skipping loading recipe delightful:knives/blasting/diamond_diamond_nuggets as it's serializer returned null
[01Jul2025 20:09:44.695] [main/INFO] [net.minecraft.world.item.crafting.RecipeManager/]: Skipping loading recipe delightful:knives/smelting/copper_copperized as it's serializer returned null
[01Jul2025 20:09:44.695] [main/INFO] [net.minecraft.world.item.crafting.RecipeManager/]: Skipping loading recipe atmospheric:carmine_shingle_vertical_slab as it's serializer returned null
[01Jul2025 20:09:44.695] [main/INFO] [net.minecraft.world.item.crafting.RecipeManager/]: Skipping loading recipe twilightforest:jeed/frosted as it's serializer returned null
[01Jul2025 20:09:44.699] [main/INFO] [net.minecraft.world.item.crafting.RecipeManager/]: Skipping loading recipe delightful:cooking/rock_candy as it's serializer returned null
[01Jul2025 20:09:44.702] [main/INFO] [net.minecraft.world.item.crafting.RecipeManager/]: Skipping loading recipe delightful:knives/mythril_knife as it's serializer returned null
[01Jul2025 20:09:44.702] [main/INFO] [net.minecraft.world.item.crafting.RecipeManager/]: Skipping loading recipe atmospheric:grimwood_leaf_pile as it's serializer returned null
[01Jul2025 20:09:44.706] [main/INFO] [net.minecraft.world.item.crafting.RecipeManager/]: Skipping loading recipe byg:crimson_berry_pie_from_slices as it's serializer returned null
[01Jul2025 20:09:44.707] [main/INFO] [net.minecraft.world.item.crafting.RecipeManager/]: Skipping loading recipe atmospheric:large_yucca_boat as it's serializer returned null
[01Jul2025 20:09:44.707] [main/ERROR] [net.minecraft.world.item.crafting.RecipeManager/]: Parsing error loading recipe iter_rpg:bonb_recipe: com.google.gson.JsonSyntaxException: Unknown item 'iter_rpg:deleted_mod_element'
[01Jul2025 20:09:44.708] [main/INFO] [net.minecraft.world.item.crafting.RecipeManager/]: Skipping loading recipe wildberries:cranberry_pie_from_slices as it's serializer returned null
[01Jul2025 20:09:44.709] [main/INFO] [net.minecraft.world.item.crafting.RecipeManager/]: Skipping loading recipe atmospheric:grimwood_chest as it's serializer returned null
[01Jul2025 20:09:44.711] [main/INFO] [net.minecraft.world.item.crafting.RecipeManager/]: Skipping loading recipe twilightforest:jeed/hunger as it's serializer returned null
[01Jul2025 20:09:44.712] [main/INFO] [net.minecraft.world.item.crafting.RecipeManager/]: Skipping loading recipe atmospheric:large_laurel_boat as it's serializer returned null
[01Jul2025 20:09:44.712] [main/INFO] [net.minecraft.world.item.crafting.RecipeManager/]: Skipping loading recipe atmospheric:aspen_bookshelf as it's serializer returned null
[01Jul2025 20:09:44.713] [main/INFO] [net.minecraft.world.item.crafting.RecipeManager/]: Skipping loading recipe duckling:pumpkin_pie as it's serializer returned null
[01Jul2025 20:09:44.714] [main/ERROR] [net.minecraft.world.item.crafting.RecipeManager/]: Parsing error loading recipe alexsdelight:barbecue_on_a_stick: com.google.gson.JsonSyntaxException: Unknown item 'amfd:singular_cooked_moose_rib'
[01Jul2025 20:09:44.714] [main/INFO] [net.minecraft.world.item.crafting.RecipeManager/]: Skipping loading recipe wildberries:cutting/blackberry_pie as it's serializer returned null
[01Jul2025 20:09:44.715] [main/INFO] [net.minecraft.world.item.crafting.RecipeManager/]: Skipping loading recipe atmospheric:blood_orange_crate as it's serializer returned null
[01Jul2025 20:09:44.715] [main/INFO] [net.minecraft.world.item.crafting.RecipeManager/]: Skipping loading recipe duckling:cake as it's serializer returned null
[01Jul2025 20:09:44.716] [main/INFO] [net.minecraft.world.item.crafting.RecipeManager/]: Skipping loading recipe botany_pots:ars_elemental/flashing_archwood as it's serializer returned null
[01Jul2025 20:09:44.720] [main/INFO] [net.minecraft.world.item.crafting.RecipeManager/]: Skipping loading recipe atmospheric:dry_laurel_leaves_from_dry_laurel_leaf_pile as it's serializer returned null
[01Jul2025 20:09:44.720] [main/INFO] [net.minecraft.world.item.crafting.RecipeManager/]: Skipping loading recipe delightful:knives/blasting/constantan_immersiveengineering as it's serializer returned null
[01Jul2025 20:09:44.724] [main/INFO] [net.minecraft.world.item.crafting.RecipeManager/]: Skipping loading recipe delightful:integration/rottenleather/chunkwich as it's serializer returned null
[01Jul2025 20:09:44.725] [main/INFO] [net.minecraft.world.item.crafting.RecipeManager/]: Skipping loading recipe delightful:knives/smelting/steel_immersiveengineering as it's serializer returned null
[01Jul2025 20:09:44.726] [main/INFO] [net.minecraft.world.item.crafting.RecipeManager/]: Skipping loading recipe delightful:knives/thyrium_knife as it's serializer returned null
[01Jul2025 20:09:44.727] [main/INFO] [net.minecraft.world.item.crafting.RecipeManager/]: Skipping loading recipe wildberries:glow_berry_pie_from_slices as it's serializer returned null
[01Jul2025 20:09:44.729] [main/INFO] [net.minecraft.world.item.crafting.RecipeManager/]: Skipping loading recipe delightful:knives/blasting/constantan_thermal as it's serializer returned null
[01Jul2025 20:09:44.729] [main/INFO] [net.minecraft.world.item.crafting.RecipeManager/]: Skipping loading recipe atmospheric:laurel_beehive as it's serializer returned null
[01Jul2025 20:09:44.729] [main/INFO] [net.minecraft.world.item.crafting.RecipeManager/]: Skipping loading recipe delightful:integration/rottenleather/chunkwich_from_bun as it's serializer returned null
[01Jul2025 20:09:44.730] [main/INFO] [net.minecraft.world.item.crafting.RecipeManager/]: Skipping loading recipe delightful:integration/biomemakeover/cactus_flesh_from_barrel_cactus as it's serializer returned null
[01Jul2025 20:09:44.736] [main/INFO] [net.minecraft.world.item.crafting.RecipeManager/]: Skipping loading recipe delightful:knives/electrum_knife as it's serializer returned null
[01Jul2025 20:09:44.737] [main/INFO] [net.minecraft.world.item.crafting.RecipeManager/]: Skipping loading recipe delightful:knives/smelting/silver_immersiveengineering as it's serializer returned null
[01Jul2025 20:09:44.739] [main/INFO] [net.minecraft.world.item.crafting.RecipeManager/]: Skipping loading recipe delightful:knives/smelting/invar_thermal as it's serializer returned null
[01Jul2025 20:09:44.739] [main/INFO] [net.minecraft.world.item.crafting.RecipeManager/]: Skipping loading recipe wildberries:raspberry_pie_from_slices as it's serializer returned null
[01Jul2025 20:09:44.742] [main/INFO] [net.minecraft.world.item.crafting.RecipeManager/]: Skipping loading recipe atmospheric:yucca_beehive as it's serializer returned null
[01Jul2025 20:09:44.742] [main/INFO] [net.minecraft.world.item.crafting.RecipeManager/]: Skipping loading recipe atmospheric:aspen_chest as it's serializer returned null
[01Jul2025 20:09:44.745] [main/INFO] [net.minecraft.world.item.crafting.RecipeManager/]: Skipping loading recipe create:rose_quartz_block_from_rose_quartz_stonecutting as it's serializer returned null
[01Jul2025 20:09:44.746] [main/INFO] [net.minecraft.world.item.crafting.RecipeManager/]: Skipping loading recipe delightful:knives/blasting/lead_immersiveengineering as it's serializer returned null
[01Jul2025 20:09:44.747] [main/INFO] [net.minecraft.world.item.crafting.RecipeManager/]: Skipping loading recipe delightful:knives/blasting/bone/bone_meal_from_blasting_shovel as it's serializer returned null
[01Jul2025 20:09:44.748] [main/INFO] [net.minecraft.world.item.crafting.RecipeManager/]: Skipping loading recipe atmospheric:carmine_shingle_vertical_slab_revert as it's serializer returned null
[01Jul2025 20:09:44.748] [main/INFO] [net.minecraft.world.item.crafting.RecipeManager/]: Skipping loading recipe ars_elemental:jeed/life_link as it's serializer returned null
[01Jul2025 20:09:44.749] [main/INFO] [net.minecraft.world.item.crafting.RecipeManager/]: Skipping loading recipe duckling:holiday_fruit_cake as it's serializer returned null
[01Jul2025 20:09:44.751] [main/INFO] [net.minecraft.world.item.crafting.RecipeManager/]: Skipping loading recipe delightful:food/marshmallow_stick_create_confectionery as it's serializer returned null
[01Jul2025 20:09:44.762] [main/INFO] [net.minecraft.world.item.crafting.RecipeManager/]: Skipping loading recipe atmospheric:polished_dolerite_vertical_slab_from_polished_dolerite_stonecutting as it's serializer returned null
[01Jul2025 20:09:44.765] [main/INFO] [net.minecraft.world.item.crafting.RecipeManager/]: Skipping loading recipe atmospheric:yucca_furnace_boat as it's serializer returned null
[01Jul2025 20:09:44.766] [main/INFO] [net.minecraft.world.item.crafting.RecipeManager/]: Skipping loading recipe delightful:food/cooking/sinigang as it's serializer returned null
[01Jul2025 20:09:44.767] [main/INFO] [net.minecraft.world.item.crafting.RecipeManager/]: Skipping loading recipe atmospheric:rosewood_beehive as it's serializer returned null
[01Jul2025 20:09:44.767] [main/INFO] [net.minecraft.world.item.crafting.RecipeManager/]: Skipping loading recipe create:fr/tea as it's serializer returned null
[01Jul2025 20:09:44.768] [main/INFO] [net.minecraft.world.item.crafting.RecipeManager/]: Skipping loading recipe atmospheric:large_kousa_boat as it's serializer returned null
[01Jul2025 20:09:44.769] [main/INFO] [net.minecraft.world.item.crafting.RecipeManager/]: Skipping loading recipe atmospheric:large_rosewood_boat as it's serializer returned null
[01Jul2025 20:09:44.770] [main/INFO] [net.minecraft.world.item.crafting.RecipeManager/]: Skipping loading recipe atmospheric:laurel_trapped_chest as it's serializer returned null
[01Jul2025 20:09:44.770] [main/INFO] [net.minecraft.world.item.crafting.RecipeManager/]: Skipping loading recipe atmospheric:rosewood_bookshelf as it's serializer returned null
[01Jul2025 20:09:44.771] [main/INFO] [net.minecraft.world.item.crafting.RecipeManager/]: Skipping loading recipe delightful:knives/smelting/tin_thermal as it's serializer returned null
[01Jul2025 20:09:44.771] [main/INFO] [net.minecraft.world.item.crafting.RecipeManager/]: Skipping loading recipe delightful:integration/byg/nightshade_berry_sack as it's serializer returned null
[01Jul2025 20:09:44.772] [main/INFO] [net.minecraft.world.item.crafting.RecipeManager/]: Skipping loading recipe delightful:knives/blasting/bone/bone_meal_from_blasting_leggings as it's serializer returned null
[01Jul2025 20:09:44.772] [main/INFO] [net.minecraft.world.item.crafting.RecipeManager/]: Skipping loading recipe ars_elemental:jeed/entrhalled as it's serializer returned null
[01Jul2025 20:09:44.772] [main/INFO] [net.minecraft.world.item.crafting.RecipeManager/]: Skipping loading recipe delightful:integration/naturalist/cooked_venison_naturalist as it's serializer returned null
[01Jul2025 20:09:44.778] [main/INFO] [net.minecraft.world.item.crafting.RecipeManager/]: Skipping loading recipe delightful:matcha_ice_cream_block as it's serializer returned null
[01Jul2025 20:09:44.778] [main/INFO] [net.minecraft.world.item.crafting.RecipeManager/]: Skipping loading recipe delightful:knives/blasting/bone/bone_meal_from_blasting_chestplate as it's serializer returned null
[01Jul2025 20:09:44.780] [main/INFO] [net.minecraft.world.item.crafting.RecipeManager/]: Skipping loading recipe atmospheric:kousa_beehive as it's serializer returned null
[01Jul2025 20:09:44.781] [main/INFO] [net.minecraft.world.item.crafting.RecipeManager/]: Skipping loading recipe delightful:knives/smithing/obsidian_infused_enderite_knife as it's serializer returned null
[01Jul2025 20:09:44.782] [main/INFO] [net.minecraft.world.item.crafting.RecipeManager/]: Skipping loading recipe delightful:knives/smithing/enderite_knife as it's serializer returned null
[01Jul2025 20:09:44.782] [main/INFO] [net.minecraft.world.item.crafting.RecipeManager/]: Skipping loading recipe delightful:knives/utherium_knife as it's serializer returned null
[01Jul2025 20:09:44.783] [main/INFO] [net.minecraft.world.item.crafting.RecipeManager/]: Skipping loading recipe frozenup:mug_of_milk as it's serializer returned null
[01Jul2025 20:09:44.783] [main/INFO] [net.minecraft.world.item.crafting.RecipeManager/]: Skipping loading recipe delightful:knives/smithing/adamantite_knife as it's serializer returned null
[01Jul2025 20:09:44.784] [main/INFO] [net.minecraft.world.item.crafting.RecipeManager/]: Skipping loading recipe minecraft:pumpkin_pie as it's serializer returned null
[01Jul2025 20:09:44.785] [main/INFO] [net.minecraft.world.item.crafting.RecipeManager/]: Skipping loading recipe delightful:food/nightshade_berry_pie_from_slices as it's serializer returned null
[01Jul2025 20:09:44.785] [main/INFO] [net.minecraft.world.item.crafting.RecipeManager/]: Skipping loading recipe atmospheric:blood_orange_from_blood_orange_crate as it's serializer returned null
[01Jul2025 20:09:44.785] [main/INFO] [net.minecraft.world.item.crafting.RecipeManager/]: Skipping loading recipe delightful:knives/kiwano_knife as it's serializer returned null
[01Jul2025 20:09:44.785] [main/INFO] [net.minecraft.world.item.crafting.RecipeManager/]: Skipping loading recipe atmospheric:grimwood_boards as it's serializer returned null
[01Jul2025 20:09:44.789] [main/INFO] [net.minecraft.world.item.crafting.RecipeManager/]: Skipping loading recipe delightful:knives/leaf_knife as it's serializer returned null
[01Jul2025 20:09:44.790] [main/INFO] [net.minecraft.world.item.crafting.RecipeManager/]: Skipping loading recipe delightful:knives/smelting/bone/bone_meal_from_smelting_leggings as it's serializer returned null
[01Jul2025 20:09:44.791] [main/INFO] [net.minecraft.world.item.crafting.RecipeManager/]: Skipping loading recipe delightful:food/matcha_latte as it's serializer returned null
[01Jul2025 20:09:44.794] [main/INFO] [net.minecraft.world.item.crafting.RecipeManager/]: Skipping loading recipe atmospheric:rosewood_ladder as it's serializer returned null
[01Jul2025 20:09:44.794] [main/INFO] [net.minecraft.world.item.crafting.RecipeManager/]: Skipping loading recipe delightful:knives/blasting/silver_immersiveengineering as it's serializer returned null
[01Jul2025 20:09:44.798] [main/INFO] [net.minecraft.world.item.crafting.RecipeManager/]: Skipping loading recipe delightful:knives/constantan_knife as it's serializer returned null
[01Jul2025 20:09:44.798] [main/INFO] [net.minecraft.world.item.crafting.RecipeManager/]: Skipping loading recipe delightful:knives/smelting/bone/bone_meal_from_smelting_shovel as it's serializer returned null
[01Jul2025 20:09:44.799] [main/INFO] [net.minecraft.world.item.crafting.RecipeManager/]: Skipping loading recipe atmospheric:golden_dragon_fruit_from_golden_dragon_fruit_crate as it's serializer returned null
[01Jul2025 20:09:44.800] [main/INFO] [net.minecraft.world.item.crafting.RecipeManager/]: Skipping loading recipe frozenup:mug_of_truffle_hot_chocolate as it's serializer returned null
[01Jul2025 20:09:44.800] [main/INFO] [net.minecraft.world.item.crafting.RecipeManager/]: Skipping loading recipe atmospheric:morado_boards as it's serializer returned null
[01Jul2025 20:09:44.801] [main/INFO] [net.minecraft.world.item.crafting.RecipeManager/]: Skipping loading recipe wildberries:cutting/raspberry_pie as it's serializer returned null
[01Jul2025 20:09:44.801] [main/INFO] [net.minecraft.world.item.crafting.RecipeManager/]: Skipping loading recipe delightful:integration/byg/unpack_baobab_fruit_crate as it's serializer returned null
[01Jul2025 20:09:44.808] [main/INFO] [net.minecraft.world.item.crafting.RecipeManager/]: Skipping loading recipe delightful:knives/smelting/osmium_mekanism as it's serializer returned null
[01Jul2025 20:09:44.812] [main/INFO] [net.minecraft.world.item.crafting.RecipeManager/]: Skipping loading recipe delightful:knives/invar_knife as it's serializer returned null
[01Jul2025 20:09:44.815] [main/INFO] [net.minecraft.world.item.crafting.RecipeManager/]: Skipping loading recipe create:mixing/tea as it's serializer returned null
[01Jul2025 20:09:44.815] [main/INFO] [net.minecraft.world.item.crafting.RecipeManager/]: Skipping loading recipe atmospheric:grimwood_trapped_chest as it's serializer returned null
[01Jul2025 20:09:44.818] [main/INFO] [net.minecraft.world.item.crafting.RecipeManager/]: Skipping loading recipe atmospheric:laurel_bookshelf as it's serializer returned null
[01Jul2025 20:09:44.819] [main/ERROR] [net.minecraft.world.item.crafting.RecipeManager/]: Parsing error loading recipe dreadsteel:dreadsteel_shield: com.google.gson.JsonSyntaxException: Unknown item 'iceandfire:witherbone'
[01Jul2025 20:09:44.820] [main/INFO] [net.minecraft.world.item.crafting.RecipeManager/]: Skipping loading recipe atmospheric:aspen_furnace_boat as it's serializer returned null
[01Jul2025 20:09:44.821] [main/INFO] [net.minecraft.world.item.crafting.RecipeManager/]: Skipping loading recipe delightful:integration/byg/unpack_joshua_fruit_crate as it's serializer returned null
[01Jul2025 20:09:44.821] [main/INFO] [net.minecraft.world.item.crafting.RecipeManager/]: Skipping loading recipe atmospheric:grimwood_beehive as it's serializer returned null
[01Jul2025 20:09:44.822] [main/INFO] [net.minecraft.world.item.crafting.RecipeManager/]: Skipping loading recipe delightful:knives/brass_knife as it's serializer returned null
[01Jul2025 20:09:44.823] [main/INFO] [net.minecraft.world.item.crafting.RecipeManager/]: Skipping loading recipe atmospheric:aspen_leaves_from_aspen_leaf_pile as it's serializer returned null
[01Jul2025 20:09:44.826] [main/INFO] [net.minecraft.world.item.crafting.RecipeManager/]: Skipping loading recipe create:sandpaper_polishing/rose_quartz as it's serializer returned null
[01Jul2025 20:09:44.826] [main/INFO] [net.minecraft.world.item.crafting.RecipeManager/]: Skipping loading recipe delightful:knives/copper_knife as it's serializer returned null
[01Jul2025 20:09:44.826] [main/INFO] [net.minecraft.world.item.crafting.RecipeManager/]: Skipping loading recipe twilightforest:jeed/blindness as it's serializer returned null
[01Jul2025 20:09:44.826] [main/INFO] [net.minecraft.world.item.crafting.RecipeManager/]: Skipping loading recipe delightful:knives/blasting/emerald_emeraldequipment as it's serializer returned null
[01Jul2025 20:09:44.828] [main/INFO] [net.minecraft.world.item.crafting.RecipeManager/]: Skipping loading recipe delightful:knives/bronze_knife as it's serializer returned null
[01Jul2025 20:09:44.828] [main/INFO] [net.minecraft.world.item.crafting.RecipeManager/]: Skipping loading recipe byg:cutting/nightshade_berry_pie as it's serializer returned null
[01Jul2025 20:09:44.829] [main/INFO] [net.minecraft.world.item.crafting.RecipeManager/]: Skipping loading recipe atmospheric:aspen_ladder as it's serializer returned null
[01Jul2025 20:09:44.834] [main/INFO] [net.minecraft.world.item.crafting.RecipeManager/]: Skipping loading recipe atmospheric:morado_beehive as it's serializer returned null
[01Jul2025 20:09:44.835] [main/INFO] [net.minecraft.world.item.crafting.RecipeManager/]: Skipping loading recipe delightful:food/kettle/matcha_latte_neapolitan as it's serializer returned null
[01Jul2025 20:09:44.835] [main/INFO] [net.minecraft.world.item.crafting.RecipeManager/]: Skipping loading recipe atmospheric:kousa_ladder as it's serializer returned null
[01Jul2025 20:09:44.838] [main/INFO] [net.minecraft.world.item.crafting.RecipeManager/]: Skipping loading recipe wildberries:blackberry_pie as it's serializer returned null
[01Jul2025 20:09:44.838] [main/INFO] [net.minecraft.world.item.crafting.RecipeManager/]: Skipping loading recipe atmospheric:yucca_chest as it's serializer returned null
[01Jul2025 20:09:44.839] [main/INFO] [net.minecraft.world.item.crafting.RecipeManager/]: Skipping loading recipe delightful:knives/black_opal_knife as it's serializer returned null
[01Jul2025 20:09:44.847] [main/INFO] [net.minecraft.world.item.crafting.RecipeManager/]: Skipping loading recipe atmospheric:kousa_leaves_from_kousa_leaf_pile as it's serializer returned null
[01Jul2025 20:09:44.847] [main/INFO] [net.minecraft.world.item.crafting.RecipeManager/]: Skipping loading recipe frozenup:mug_of_chocolate_milk_from_chocolate as it's serializer returned null
[01Jul2025 20:09:44.849] [main/INFO] [net.minecraft.world.item.crafting.RecipeManager/]: Skipping loading recipe delightful:knives/smelting/nickel_immersiveengineering as it's serializer returned null
[01Jul2025 20:09:44.850] [main/INFO] [net.minecraft.world.item.crafting.RecipeManager/]: Skipping loading recipe delightful:knives/blasting/bone/bone_meal_from_blasting_hoe as it's serializer returned null
[01Jul2025 20:09:44.851] [main/INFO] [net.minecraft.world.item.crafting.RecipeManager/]: Skipping loading recipe delightful:knives/amethyst_knife as it's serializer returned null
[01Jul2025 20:09:44.854] [main/INFO] [net.minecraft.world.item.crafting.RecipeManager/]: Skipping loading recipe delightful:integration/goodall/venison_goodall as it's serializer returned null
[01Jul2025 20:09:44.854] [main/INFO] [net.minecraft.world.item.crafting.RecipeManager/]: Skipping loading recipe byg:cutting/blueberry_pie as it's serializer returned null
[01Jul2025 20:09:44.855] [main/INFO] [net.minecraft.world.item.crafting.RecipeManager/]: Skipping loading recipe delightful:knives/smelting/tin_mekanism as it's serializer returned null
[01Jul2025 20:09:44.855] [main/INFO] [net.minecraft.world.item.crafting.RecipeManager/]: Skipping loading recipe create:mixing/tea_from_tea_leaves as it's serializer returned null
[01Jul2025 20:09:44.856] [main/INFO] [net.minecraft.world.item.crafting.RecipeManager/]: Skipping loading recipe delightful:knives/blasting/bone/knife_minecraft as it's serializer returned null
[01Jul2025 20:09:44.856] [main/INFO] [net.minecraft.world.item.crafting.RecipeManager/]: Skipping loading recipe wildberries:cranberry_pie as it's serializer returned null
[01Jul2025 20:09:44.856] [main/INFO] [net.minecraft.world.item.crafting.RecipeManager/]: Skipping loading recipe delightful:knives/smelting/electrum_immersiveengineering as it's serializer returned null
[01Jul2025 20:09:44.857] [main/INFO] [net.minecraft.world.item.crafting.RecipeManager/]: Skipping loading recipe atmospheric:kousa_chest as it's serializer returned null
[01Jul2025 20:09:44.857] [main/INFO] [net.minecraft.world.item.crafting.RecipeManager/]: Skipping loading recipe delightful:knives/smithing/alf_knife as it's serializer returned null
[01Jul2025 20:09:44.858] [main/INFO] [net.minecraft.world.item.crafting.RecipeManager/]: Skipping loading recipe delightful:knives/smelting/bone/bone_meal_from_smelting_pickaxe as it's serializer returned null
[01Jul2025 20:09:44.858] [main/INFO] [net.minecraft.world.item.crafting.RecipeManager/]: Skipping loading recipe atmospheric:aspen_trapped_chest as it's serializer returned null
[01Jul2025 20:09:44.858] [main/INFO] [net.minecraft.world.item.crafting.RecipeManager/]: Skipping loading recipe atmospheric:laurel_boards as it's serializer returned null
[01Jul2025 20:09:44.859] [main/INFO] [net.minecraft.world.item.crafting.RecipeManager/]: Skipping loading recipe atmospheric:grimwood_bookshelf as it's serializer returned null
[01Jul2025 20:09:44.860] [main/INFO] [net.minecraft.world.item.crafting.RecipeManager/]: Skipping loading recipe delightful:integration/byg/unpack_blueberry_sack as it's serializer returned null
[01Jul2025 20:09:44.860] [main/INFO] [net.minecraft.world.item.crafting.RecipeManager/]: Skipping loading recipe atmospheric:currant_from_currant_crate as it's serializer returned null
[01Jul2025 20:09:44.861] [main/INFO] [net.minecraft.world.item.crafting.RecipeManager/]: Skipping loading recipe delightful:food/gloomgourd_pie_from_slices as it's serializer returned null
[01Jul2025 20:09:44.861] [main/INFO] [net.minecraft.world.item.crafting.RecipeManager/]: Skipping loading recipe twilightforest:jeed/poison as it's serializer returned null
[01Jul2025 20:09:44.861] [main/ERROR] [net.minecraft.world.item.crafting.RecipeManager/]: Parsing error loading recipe dreadsteel:dreadsteel_ingot: com.google.gson.JsonSyntaxException: Unknown item 'iceandfire:dread_shard'
[01Jul2025 20:09:44.862] [main/INFO] [net.minecraft.world.item.crafting.RecipeManager/]: Skipping loading recipe delightful:knives/froststeel_knife as it's serializer returned null
[01Jul2025 20:09:44.862] [main/INFO] [net.minecraft.world.item.crafting.RecipeManager/]: Skipping loading recipe atmospheric:rosewood_leaves_from_rosewood_leaf_pile as it's serializer returned null
[01Jul2025 20:09:44.863] [main/INFO] [net.minecraft.world.item.crafting.RecipeManager/]: Skipping loading recipe byg:cutting/green_apple_pie as it's serializer returned null
[01Jul2025 20:09:44.863] [main/INFO] [net.minecraft.world.item.crafting.RecipeManager/]: Skipping loading recipe atmospheric:carmine_pavement_vertical_slab as it's serializer returned null
[01Jul2025 20:09:44.863] [main/INFO] [net.minecraft.world.item.crafting.RecipeManager/]: Skipping loading recipe delightful:integration/biomesoplenty/clover as it's serializer returned null
[01Jul2025 20:09:44.864] [main/ERROR] [net.minecraft.world.item.crafting.RecipeManager/]: Parsing error loading recipe unusualend:chorus_petals_via_cutting: com.google.gson.JsonSyntaxException: Expected tool to be a JsonObject, was an array ([{"t..."}])
[01Jul2025 20:09:44.864] [main/INFO] [net.minecraft.world.item.crafting.RecipeManager/]: Skipping loading recipe atmospheric:carmine_pavement_vertical_slab_from_carmine_shingles_stonecutting as it's serializer returned null
[01Jul2025 20:09:44.865] [main/INFO] [net.minecraft.world.item.crafting.RecipeManager/]: Skipping loading recipe delightful:knives/large_amethyst_knife as it's serializer returned null
[01Jul2025 20:09:44.867] [main/INFO] [net.minecraft.world.item.crafting.RecipeManager/]: Skipping loading recipe wildberries:raspberry_pie as it's serializer returned null
[01Jul2025 20:09:44.868] [main/INFO] [net.minecraft.world.item.crafting.RecipeManager/]: Skipping loading recipe delightful:integration/quark/cactus_flesh_from_cactus_block as it's serializer returned null
[01Jul2025 20:09:44.868] [main/INFO] [net.minecraft.world.item.crafting.RecipeManager/]: Skipping loading recipe delightful:integration/farmersrespite/green_tea_leaves_from_green_tea_leaf as it's serializer returned null
[01Jul2025 20:09:44.868] [main/INFO] [net.minecraft.world.item.crafting.RecipeManager/]: Skipping loading recipe delightful:knives/smelting/constantan_immersiveengineering as it's serializer returned null
[01Jul2025 20:09:44.868] [main/INFO] [net.minecraft.world.item.crafting.RecipeManager/]: Skipping loading recipe delightful:cutting/crimson_berry_pie as it's serializer returned null
[01Jul2025 20:09:44.869] [main/INFO] [net.minecraft.world.item.crafting.RecipeManager/]: Skipping loading recipe atmospheric:yucca_leaves_from_yucca_leaf_pile as it's serializer returned null
[01Jul2025 20:09:44.870] [main/INFO] [net.minecraft.world.item.crafting.RecipeManager/]: Skipping loading recipe delightful:knives/experience_knife as it's serializer returned null
[01Jul2025 20:09:44.870] [main/INFO] [net.minecraft.world.item.crafting.RecipeManager/]: Skipping loading recipe atmospheric:flowering_morado_leaf_pile as it's serializer returned null
[01Jul2025 20:09:44.874] [main/INFO] [net.minecraft.world.item.crafting.RecipeManager/]: Skipping loading recipe byg:green_apple_pie as it's serializer returned null
[01Jul2025 20:09:44.875] [main/INFO] [net.minecraft.world.item.crafting.RecipeManager/]: Skipping loading recipe atmospheric:orange_from_orange_crate as it's serializer returned null
[01Jul2025 20:09:44.876] [main/INFO] [net.minecraft.world.item.crafting.RecipeManager/]: Skipping loading recipe delightful:cutting/green_apple_pie as it's serializer returned null
[01Jul2025 20:09:44.877] [main/INFO] [net.minecraft.world.item.crafting.RecipeManager/]: Skipping loading recipe atmospheric:kousa_bookshelf as it's serializer returned null
[01Jul2025 20:09:44.877] [main/INFO] [net.minecraft.world.item.crafting.RecipeManager/]: Skipping loading recipe atmospheric:laurel_leaf_pile as it's serializer returned null
[01Jul2025 20:09:44.884] [main/INFO] [net.minecraft.world.item.crafting.RecipeManager/]: Skipping loading recipe frozenup:mug_of_chocolate_milk as it's serializer returned null
[01Jul2025 20:09:44.888] [main/INFO] [net.minecraft.world.item.crafting.RecipeManager/]: Skipping loading recipe atmospheric:laurel_furnace_boat as it's serializer returned null
[01Jul2025 20:09:44.888] [main/INFO] [net.minecraft.world.item.crafting.RecipeManager/]: Skipping loading recipe delightful:integration/byg/crimson_berry_sack as it's serializer returned null
[01Jul2025 20:09:44.889] [main/INFO] [net.minecraft.world.item.crafting.RecipeManager/]: Skipping loading recipe delightful:campfire/cooked_goat as it's serializer returned null
[01Jul2025 20:09:44.889] [main/INFO] [net.minecraft.world.item.crafting.RecipeManager/]: Skipping loading recipe delightful:knives/terra_knife as it's serializer returned null
[01Jul2025 20:09:44.890] [main/INFO] [net.minecraft.world.item.crafting.RecipeManager/]: Skipping loading recipe atmospheric:rosewood_chest as it's serializer returned null
[01Jul2025 20:09:44.891] [main/INFO] [net.minecraft.world.item.crafting.RecipeManager/]: Skipping loading recipe byg:cutting/crimson_berry_pie as it's serializer returned null
[01Jul2025 20:09:44.895] [main/INFO] [net.minecraft.world.item.crafting.RecipeManager/]: Skipping loading recipe atmospheric:dolerite_vertical_slab as it's serializer returned null
[01Jul2025 20:09:44.896] [main/INFO] [net.minecraft.world.item.crafting.RecipeManager/]: Skipping loading recipe delightful:cutting/blueberry_pie as it's serializer returned null
[01Jul2025 20:09:44.896] [main/INFO] [net.minecraft.world.item.crafting.RecipeManager/]: Skipping loading recipe wildberries:blackberry_pie_from_slices as it's serializer returned null
[01Jul2025 20:09:44.897] [main/INFO] [net.minecraft.world.item.crafting.RecipeManager/]: Skipping loading recipe delightful:food/clover_honey as it's serializer returned null
[01Jul2025 20:09:44.897] [main/INFO] [net.minecraft.world.item.crafting.RecipeManager/]: Skipping loading recipe atmospheric:flowering_morado_leaves_from_flowering_morado_leaf_pile as it's serializer returned null
[01Jul2025 20:09:44.897] [main/INFO] [net.minecraft.world.item.crafting.RecipeManager/]: Skipping loading recipe delightful:knives/blasting/osmium_mekanism as it's serializer returned null
[01Jul2025 20:09:44.900] [main/INFO] [net.minecraft.world.item.crafting.RecipeManager/]: Skipping loading recipe delightful:knives/smelting/bone/bone_meal_from_smelting_boots as it's serializer returned null
[01Jul2025 20:09:44.900] [main/INFO] [net.minecraft.world.item.crafting.RecipeManager/]: Skipping loading recipe delightful:knives/soul_steel_knife as it's serializer returned null
[01Jul2025 20:09:44.901] [main/INFO] [net.minecraft.world.item.crafting.RecipeManager/]: Skipping loading recipe delightful:knives/mixing/blazing_knife as it's serializer returned null
[01Jul2025 20:09:44.902] [main/INFO] [net.minecraft.world.item.crafting.RecipeManager/]: Skipping loading recipe delightful:knives/emerald_knife as it's serializer returned null
[01Jul2025 20:09:44.903] [main/INFO] [net.minecraft.world.item.crafting.RecipeManager/]: Skipping loading recipe delightful:knives/blasting/bronze_thermal as it's serializer returned null
[01Jul2025 20:09:44.909] [main/INFO] [net.minecraft.world.item.crafting.RecipeManager/]: Skipping loading recipe delightful:knives/blasting/copper_copperized as it's serializer returned null
[01Jul2025 20:09:44.912] [main/INFO] [net.minecraft.world.item.crafting.RecipeManager/]: Skipping loading recipe delightful:integration/immersive_weathering/tallow_from_animal_fat as it's serializer returned null
[01Jul2025 20:09:44.912] [main/INFO] [net.minecraft.world.item.crafting.RecipeManager/]: Skipping loading recipe atmospheric:kousa_furnace_boat as it's serializer returned null
[01Jul2025 20:09:44.915] [main/INFO] [net.minecraft.world.item.crafting.RecipeManager/]: Skipping loading recipe delightful:knives/refined_glowstone_knife as it's serializer returned null
[01Jul2025 20:09:44.919] [main/INFO] [net.minecraft.world.item.crafting.RecipeManager/]: Skipping loading recipe delightful:food/berry_matcha_latte as it's serializer returned null
[01Jul2025 20:09:44.919] [main/INFO] [net.minecraft.world.item.crafting.RecipeManager/]: Skipping loading recipe atmospheric:laurel_chest as it's serializer returned null
[01Jul2025 20:09:44.919] [main/ERROR] [net.minecraft.world.item.crafting.RecipeManager/]: Parsing error loading recipe forbidden_arcanus:corrupted_pixie: com.google.gson.JsonSyntaxException: Unknown item 'forbidden_arcanus:dark_soul'
[01Jul2025 20:09:44.920] [main/INFO] [net.minecraft.world.item.crafting.RecipeManager/]: Skipping loading recipe delightful:knives/smithing/pendorite_knife as it's serializer returned null
[01Jul2025 20:09:44.920] [main/INFO] [net.minecraft.world.item.crafting.RecipeManager/]: Skipping loading recipe delightful:salmonberry_ice_cream_block as it's serializer returned null
[01Jul2025 20:09:44.920] [main/INFO] [net.minecraft.world.item.crafting.RecipeManager/]: Skipping loading recipe delightful:knives/blasting/bone/bone_meal_from_blasting_pickaxe as it's serializer returned null
[01Jul2025 20:09:44.921] [main/INFO] [net.minecraft.world.item.crafting.RecipeManager/]: Skipping loading recipe delightful:knives/smelting/electrum_thermal as it's serializer returned null
[01Jul2025 20:09:44.921] [main/INFO] [net.minecraft.world.item.crafting.RecipeManager/]: Skipping loading recipe atmospheric:currant_leaves_from_currant_leaf_pile as it's serializer returned null
[01Jul2025 20:09:44.921] [main/INFO] [net.minecraft.world.item.crafting.RecipeManager/]: Skipping loading recipe delightful:knives/blasting/nickel_immersiveengineering as it's serializer returned null
[01Jul2025 20:09:44.923] [main/INFO] [net.minecraft.world.item.crafting.RecipeManager/]: Skipping loading recipe ars_elemental:jeed/watery_grave as it's serializer returned null
[01Jul2025 20:09:44.924] [main/INFO] [net.minecraft.world.item.crafting.RecipeManager/]: Skipping loading recipe delightful:integration/windswept/cooked_goat_shanks_windswept as it's serializer returned null
[01Jul2025 20:09:44.924] [main/INFO] [net.minecraft.world.item.crafting.RecipeManager/]: Skipping loading recipe delightful:knives/blasting/silver_thermal as it's serializer returned null
[01Jul2025 20:09:44.925] [main/INFO] [net.minecraft.world.item.crafting.RecipeManager/]: Skipping loading recipe frozenup:truffle_cake as it's serializer returned null
[01Jul2025 20:09:44.925] [main/INFO] [net.minecraft.world.item.crafting.RecipeManager/]: Skipping loading recipe frozenup:mug_of_truffle_hot_chocolate_from_chocolate as it's serializer returned null
[01Jul2025 20:09:44.926] [main/INFO] [net.minecraft.world.item.crafting.RecipeManager/]: Skipping loading recipe atmospheric:dolerite_vertical_slab_revert as it's serializer returned null
[01Jul2025 20:09:44.926] [main/INFO] [net.minecraft.world.item.crafting.RecipeManager/]: Skipping loading recipe wildberries:cutting/cranberry_pie as it's serializer returned null
[01Jul2025 20:09:44.926] [main/INFO] [net.minecraft.world.item.crafting.RecipeManager/]: Skipping loading recipe delightful:knives/bone_knife as it's serializer returned null
[01Jul2025 20:09:44.927] [main/INFO] [net.minecraft.world.item.crafting.RecipeManager/]: Skipping loading recipe delightful:food/berry_matcha_latte_neapolitan as it's serializer returned null
[01Jul2025 20:09:44.927] [main/INFO] [net.minecraft.world.item.crafting.RecipeManager/]: Skipping loading recipe byg:blueberry_pie as it's serializer returned null
[01Jul2025 20:09:44.928] [main/INFO] [net.minecraft.world.item.crafting.RecipeManager/]: Skipping loading recipe wildberries:cutting/glow_berry_pie_slice as it's serializer returned null
[01Jul2025 20:09:44.928] [main/INFO] [net.minecraft.world.item.crafting.RecipeManager/]: Skipping loading recipe atmospheric:morado_furnace_boat as it's serializer returned null
[01Jul2025 20:09:44.929] [main/INFO] [net.minecraft.world.item.crafting.RecipeManager/]: Skipping loading recipe atmospheric:large_aspen_boat as it's serializer returned null
[01Jul2025 20:09:44.929] [main/INFO] [net.minecraft.world.item.crafting.RecipeManager/]: Skipping loading recipe delightful:knives/blasting/bone/bone_meal_from_blasting_sword as it's serializer returned null
[01Jul2025 20:09:44.929] [main/INFO] [net.minecraft.world.item.crafting.RecipeManager/]: Skipping loading recipe atmospheric:grimwood_furnace_boat as it's serializer returned null
[01Jul2025 20:09:44.932] [main/INFO] [net.minecraft.world.item.crafting.RecipeManager/]: Skipping loading recipe atmospheric:carmine_shingle_vertical_slab_from_carmine_shingles_stonecutting as it's serializer returned null
[01Jul2025 20:09:44.933] [main/INFO] [net.minecraft.world.item.crafting.RecipeManager/]: Skipping loading recipe delightful:knives/smelting/steel_mekanism as it's serializer returned null
[01Jul2025 20:09:44.933] [main/INFO] [net.minecraft.world.item.crafting.RecipeManager/]: Skipping loading recipe delightful:knives/smelting/bone/bone_meal_from_smelting_hoe as it's serializer returned null
[01Jul2025 20:09:44.934] [main/INFO] [net.minecraft.world.item.crafting.RecipeManager/]: Skipping loading recipe delightful:integration/naturalist/venison_naturalist as it's serializer returned null
[01Jul2025 20:09:44.934] [main/INFO] [net.minecraft.world.item.crafting.RecipeManager/]: Skipping loading recipe delightful:knives/smithing/rose_gold_knife as it's serializer returned null
[01Jul2025 20:09:44.935] [main/INFO] [net.minecraft.world.item.crafting.RecipeManager/]: Skipping loading recipe delightful:food/crimson_berry_pie_from_slices as it's serializer returned null
[01Jul2025 20:09:44.939] [main/INFO] [net.minecraft.world.item.crafting.RecipeManager/]: Skipping loading recipe atmospheric:rosewood_furnace_boat as it's serializer returned null
[01Jul2025 20:09:44.939] [main/INFO] [net.minecraft.world.item.crafting.RecipeManager/]: Skipping loading recipe atmospheric:laurel_ladder as it's serializer returned null
[01Jul2025 20:09:44.943] [main/INFO] [net.minecraft.world.item.crafting.RecipeManager/]: Skipping loading recipe delightful:integration/byg/blueberry_sack as it's serializer returned null
[01Jul2025 20:09:44.943] [main/INFO] [net.minecraft.world.item.crafting.RecipeManager/]: Skipping loading recipe atmospheric:yucca_ladder as it's serializer returned null
[01Jul2025 20:09:44.943] [main/INFO] [net.minecraft.world.item.crafting.RecipeManager/]: Skipping loading recipe delightful:smoking/cooked_goat as it's serializer returned null
[01Jul2025 20:09:44.944] [main/INFO] [net.minecraft.world.item.crafting.RecipeManager/]: Skipping loading recipe delightful:food/deluxe_cheeseburger_from_bun as it's serializer returned null
[01Jul2025 20:09:44.944] [main/INFO] [net.minecraft.world.item.crafting.RecipeManager/]: Skipping loading recipe delightful:food/matcha_ice_cream as it's serializer returned null
[01Jul2025 20:09:44.945] [main/INFO] [net.minecraft.world.item.crafting.RecipeManager/]: Skipping loading recipe delightful:food/blueberry_pie_from_slices as it's serializer returned null
[01Jul2025 20:09:44.945] [main/INFO] [net.minecraft.world.item.crafting.RecipeManager/]: Skipping loading recipe atmospheric:golden_dragon_fruit_crate as it's serializer returned null
[01Jul2025 20:09:44.945] [main/INFO] [net.minecraft.world.item.crafting.RecipeManager/]: Skipping loading recipe twilightforest:jeed/resistance as it's serializer returned null
[01Jul2025 20:09:44.947] [main/INFO] [net.minecraft.world.item.crafting.RecipeManager/]: Skipping loading recipe delightful:knives/smelting/copper_thermal as it's serializer returned null
[01Jul2025 20:09:44.948] [main/INFO] [net.minecraft.world.item.crafting.RecipeManager/]: Skipping loading recipe delightful:knives/tin_knife as it's serializer returned null
[01Jul2025 20:09:44.948] [main/INFO] [net.minecraft.world.item.crafting.RecipeManager/]: Skipping loading recipe delightful:knives/smelting/constantan_thermal as it's serializer returned null
[01Jul2025 20:09:44.948] [main/INFO] [net.minecraft.world.item.crafting.RecipeManager/]: Skipping loading recipe delightful:knives/blasting/steel_immersiveengineering as it's serializer returned null
[01Jul2025 20:09:44.949] [main/INFO] [net.minecraft.world.item.crafting.RecipeManager/]: Skipping loading recipe delightful:knives/smelting/bronze_mekanism as it's serializer returned null
[01Jul2025 20:09:44.954] [main/INFO] [net.minecraft.world.item.crafting.RecipeManager/]: Skipping loading recipe delightful:knives/blasting/bone/bone_meal_from_blasting_helmet as it's serializer returned null
[01Jul2025 20:09:44.954] [main/INFO] [net.minecraft.world.item.crafting.RecipeManager/]: Skipping loading recipe atmospheric:aspen_leaf_pile as it's serializer returned null
[01Jul2025 20:09:44.958] [main/INFO] [net.minecraft.world.item.crafting.RecipeManager/]: Skipping loading recipe wildberries:sweet_berry_pie as it's serializer returned null
[01Jul2025 20:09:44.958] [main/INFO] [net.minecraft.world.item.crafting.RecipeManager/]: Skipping loading recipe delightful:knives/blasting/nickel_thermal as it's serializer returned null
[01Jul2025 20:09:44.958] [main/INFO] [net.minecraft.world.item.crafting.RecipeManager/]: Skipping loading recipe atmospheric:kousa_boards as it's serializer returned null
[01Jul2025 20:09:44.959] [main/INFO] [net.minecraft.world.item.crafting.RecipeManager/]: Skipping loading recipe wildberries:glow_berry_pie_craft as it's serializer returned null
[01Jul2025 20:09:44.960] [main/INFO] [net.minecraft.world.item.crafting.RecipeManager/]: Skipping loading recipe atmospheric:yucca_boards as it's serializer returned null
[01Jul2025 20:09:44.961] [main/INFO] [net.minecraft.world.item.crafting.RecipeManager/]: Skipping loading recipe delightful:knives/smelting/copper_immersiveengineering as it's serializer returned null
[01Jul2025 20:09:44.961] [main/INFO] [net.minecraft.world.item.crafting.RecipeManager/]: Skipping loading recipe atmospheric:morado_ladder as it's serializer returned null
[01Jul2025 20:09:44.961] [main/INFO] [net.minecraft.world.item.crafting.RecipeManager/]: Skipping loading recipe delightful:knives/allthemodium_knife as it's serializer returned null
[01Jul2025 20:09:44.963] [main/INFO] [net.minecraft.world.item.crafting.RecipeManager/]: Skipping loading recipe delightful:integration/ecologics/azalea_tea as it's serializer returned null
[01Jul2025 20:09:44.964] [main/INFO] [net.minecraft.world.item.crafting.RecipeManager/]: Skipping loading recipe atmospheric:aspen_beehive as it's serializer returned null
[01Jul2025 20:09:44.964] [main/INFO] [net.minecraft.world.item.crafting.RecipeManager/]: Skipping loading recipe delightful:food/smore as it's serializer returned null
[01Jul2025 20:09:44.965] [main/INFO] [net.minecraft.world.item.crafting.RecipeManager/]: Skipping loading recipe atmospheric:rosewood_boards as it's serializer returned null
[01Jul2025 20:09:44.965] [main/INFO] [net.minecraft.world.item.crafting.RecipeManager/]: Skipping loading recipe wildberries:blueberry_pie_from_slices as it's serializer returned null
[01Jul2025 20:09:44.966] [main/INFO] [net.minecraft.world.item.crafting.RecipeManager/]: Skipping loading recipe delightful:food/green_apple_pie_from_slices as it's serializer returned null
[01Jul2025 20:09:44.967] [main/INFO] [net.minecraft.world.item.crafting.RecipeManager/]: Skipping loading recipe atmospheric:kousa_trapped_chest as it's serializer returned null
[01Jul2025 20:09:44.972] [main/INFO] [net.minecraft.world.item.crafting.RecipeManager/]: Skipping loading recipe atmospheric:polished_dolerite_vertical_slab_revert as it's serializer returned null
[01Jul2025 20:09:44.972] [main/INFO] [net.minecraft.world.item.crafting.RecipeManager/]: Skipping loading recipe delightful:food/nut_butter_and_jelly_sandwich_from_bread_slice as it's serializer returned null
[01Jul2025 20:09:44.973] [main/INFO] [net.minecraft.world.item.crafting.RecipeManager/]: Skipping loading recipe delightful:knives/blasting/lead_thermal as it's serializer returned null
[01Jul2025 20:09:44.973] [main/INFO] [net.minecraft.world.item.crafting.RecipeManager/]: Skipping loading recipe delightful:knives/blasting/electrum_immersiveengineering as it's serializer returned null
[01Jul2025 20:09:44.973] [main/INFO] [net.minecraft.world.item.crafting.RecipeManager/]: Skipping loading recipe delightful:knives/sinisite_knife as it's serializer returned null
[01Jul2025 20:09:44.973] [main/INFO] [net.minecraft.world.item.crafting.RecipeManager/]: Skipping loading recipe atmospheric:morado_trapped_chest as it's serializer returned null
[01Jul2025 20:09:44.974] [main/INFO] [net.minecraft.world.item.crafting.RecipeManager/]: Skipping loading recipe byg:nightshade_berry_pie as it's serializer returned null
[01Jul2025 20:09:44.974] [main/INFO] [net.minecraft.world.item.crafting.RecipeManager/]: Skipping loading recipe atmospheric:morado_leaf_pile as it's serializer returned null
[01Jul2025 20:09:44.974] [main/INFO] [net.minecraft.world.item.crafting.RecipeManager/]: Skipping loading recipe delightful:food/cooking/coconut_curry as it's serializer returned null
[01Jul2025 20:09:44.975] [main/INFO] [net.minecraft.world.item.crafting.RecipeManager/]: Skipping loading recipe delightful:knives/lead_knife as it's serializer returned null
[01Jul2025 20:09:44.975] [main/INFO] [net.minecraft.world.item.crafting.RecipeManager/]: Skipping loading recipe delightful:knives/blasting/bronze_mekanism as it's serializer returned null
[01Jul2025 20:09:44.975] [main/INFO] [net.minecraft.world.item.crafting.RecipeManager/]: Skipping loading recipe delightful:knives/adamantium_knife as it's serializer returned null
[01Jul2025 20:09:44.975] [main/INFO] [net.minecraft.world.item.crafting.RecipeManager/]: Skipping loading recipe delightful:smelting/cooked_goat as it's serializer returned null
[01Jul2025 20:09:44.976] [main/INFO] [net.minecraft.world.item.crafting.RecipeManager/]: Skipping loading recipe ars_elemental:jeed/mana_shield as it's serializer returned null
[01Jul2025 20:09:44.976] [main/INFO] [net.minecraft.world.item.crafting.RecipeManager/]: Skipping loading recipe atmospheric:polished_dolerite_vertical_slab as it's serializer returned null
[01Jul2025 20:09:44.976] [main/INFO] [net.minecraft.world.item.crafting.RecipeManager/]: Skipping loading recipe delightful:integration/wildberries/unpack_blueberry_sack as it's serializer returned null
[01Jul2025 20:09:44.976] [main/INFO] [net.minecraft.world.item.crafting.RecipeManager/]: Skipping loading recipe wildberries:sweet_berry_pie_from_slices as it's serializer returned null
[01Jul2025 20:09:44.980] [main/INFO] [net.minecraft.world.item.crafting.RecipeManager/]: Skipping loading recipe delightful:knives/manasteel_knife as it's serializer returned null
[01Jul2025 20:09:44.980] [main/INFO] [net.minecraft.world.item.crafting.RecipeManager/]: Skipping loading recipe delightful:integration/rottenleather/chunk_nugget as it's serializer returned null
[01Jul2025 20:09:44.980] [main/INFO] [net.minecraft.world.item.crafting.RecipeManager/]: Skipping loading recipe delightful:knives/elementium_knife as it's serializer returned null
[01Jul2025 20:09:44.980] [main/INFO] [net.minecraft.world.item.crafting.RecipeManager/]: Skipping loading recipe delightful:knives/nickel_knife as it's serializer returned null
[01Jul2025 20:09:44.981] [main/INFO] [net.minecraft.world.item.crafting.RecipeManager/]: Skipping loading recipe delightful:knives/blasting/electrum_thermal as it's serializer returned null
[01Jul2025 20:09:44.981] [main/INFO] [net.minecraft.world.item.crafting.RecipeManager/]: Skipping loading recipe delightful:integration/byg/baobab_fruit_crate as it's serializer returned null
[01Jul2025 20:09:44.982] [main/INFO] [net.minecraft.world.item.crafting.RecipeManager/]: Skipping loading recipe delightful:knives/necronium_knife as it's serializer returned null
[01Jul2025 20:09:44.985] [main/INFO] [net.minecraft.world.item.crafting.RecipeManager/]: Skipping loading recipe wildberries:blueberry_pie as it's serializer returned null
[01Jul2025 20:09:44.986] [main/INFO] [net.minecraft.world.item.crafting.RecipeManager/]: Skipping loading recipe atmospheric:morado_chest as it's serializer returned null
[01Jul2025 20:09:44.987] [main/INFO] [net.minecraft.world.item.crafting.RecipeManager/]: Skipping loading recipe atmospheric:dragon_fruit_from_dragon_fruit_crate as it's serializer returned null
[01Jul2025 20:09:44.988] [main/INFO] [net.minecraft.world.item.crafting.RecipeManager/]: Skipping loading recipe delightful:knives/silver_knife as it's serializer returned null
[01Jul2025 20:09:44.988] [main/INFO] [net.minecraft.world.item.crafting.RecipeManager/]: Skipping loading recipe delightful:food/salmonberry_ice_cream as it's serializer returned null
[01Jul2025 20:09:44.988] [main/INFO] [net.minecraft.world.item.crafting.RecipeManager/]: Skipping loading recipe delightful:knives/smelting/silver_thermal as it's serializer returned null
[01Jul2025 20:09:44.989] [main/INFO] [net.minecraft.world.item.crafting.RecipeManager/]: Skipping loading recipe delightful:food/berry_matcha_latte_from_matcha_latte_neapolitan as it's serializer returned null
[01Jul2025 20:09:44.990] [main/INFO] [net.minecraft.world.item.crafting.RecipeManager/]: Skipping loading recipe byg:blueberry_pie_from_slices as it's serializer returned null
[01Jul2025 20:09:44.990] [main/INFO] [net.minecraft.world.item.crafting.RecipeManager/]: Skipping loading recipe delightful:knives/smelting/bone/bone_meal_from_smelting_helmet as it's serializer returned null
[01Jul2025 20:09:44.990] [main/INFO] [net.minecraft.world.item.crafting.RecipeManager/]: Skipping loading recipe atmospheric:dolerite_vertical_slab_from_dolerite_stonecutting as it's serializer returned null
[01Jul2025 20:09:44.991] [main/INFO] [net.minecraft.world.item.crafting.RecipeManager/]: Skipping loading recipe atmospheric:yucca_bookshelf as it's serializer returned null
[01Jul2025 20:09:44.991] [main/INFO] [net.minecraft.world.item.crafting.RecipeManager/]: Skipping loading recipe atmospheric:orange_crate as it's serializer returned null
[01Jul2025 20:09:44.991] [main/INFO] [net.minecraft.world.item.crafting.RecipeManager/]: Skipping loading recipe delightful:knives/cloggrum_knife as it's serializer returned null
[01Jul2025 20:09:44.992] [main/INFO] [net.minecraft.world.item.crafting.RecipeManager/]: Skipping loading recipe biomemakeover:glowshroom_stew as it's serializer returned null
[01Jul2025 20:09:44.993] [main/INFO] [net.minecraft.world.item.crafting.RecipeManager/]: Skipping loading recipe delightful:integration/byg/joshua_fruit_crate as it's serializer returned null
[01Jul2025 20:09:44.993] [main/INFO] [net.minecraft.world.item.crafting.RecipeManager/]: Skipping loading recipe delightful:knives/smithing/forgotten_knife as it's serializer returned null
[01Jul2025 20:09:44.993] [main/INFO] [net.minecraft.world.item.crafting.RecipeManager/]: Skipping loading recipe delightful:knives/smelting/bone/knife_minecraft as it's serializer returned null
[01Jul2025 20:09:44.993] [main/INFO] [net.minecraft.world.item.crafting.RecipeManager/]: Skipping loading recipe byg:crimson_berry_pie as it's serializer returned null
[01Jul2025 20:09:44.993] [main/INFO] [net.minecraft.world.item.crafting.RecipeManager/]: Skipping loading recipe delightful:food/cheeseburger_from_bun as it's serializer returned null
[01Jul2025 20:09:44.996] [main/INFO] [net.minecraft.world.item.crafting.RecipeManager/]: Skipping loading recipe atmospheric:large_grimwood_boat as it's serializer returned null
[01Jul2025 20:09:44.996] [main/INFO] [net.minecraft.world.item.crafting.RecipeManager/]: Skipping loading recipe atmospheric:aspen_boards as it's serializer returned null
[01Jul2025 20:09:44.997] [main/INFO] [net.minecraft.world.item.crafting.RecipeManager/]: Skipping loading recipe delightful:integration/byg/green_apple_crate as it's serializer returned null
[01Jul2025 20:09:44.997] [main/INFO] [net.minecraft.world.item.crafting.RecipeManager/]: Skipping loading recipe atmospheric:currant_crate as it's serializer returned null
[01Jul2025 20:09:44.998] [main/INFO] [net.minecraft.world.item.crafting.RecipeManager/]: Skipping loading recipe delightful:integration/byg/unpack_nightshade_berry_sack as it's serializer returned null
[01Jul2025 20:09:44.999] [main/INFO] [net.minecraft.world.item.crafting.RecipeManager/]: Skipping loading recipe twilightforest:jeed/regeneration as it's serializer returned null
[01Jul2025 20:09:44.999] [main/INFO] [net.minecraft.world.item.crafting.RecipeManager/]: Skipping loading recipe atmospheric:currant_leaf_pile as it's serializer returned null
[01Jul2025 20:09:45.000] [main/INFO] [net.minecraft.world.item.crafting.RecipeManager/]: Skipping loading recipe delightful:knives/smelting/emerald_emeraldequipment as it's serializer returned null
[01Jul2025 20:09:45.000] [main/INFO] [net.minecraft.world.item.crafting.RecipeManager/]: Skipping loading recipe atmospheric:carmine_pavement_vertical_slab_from_carmine_pavement_stonecutting as it's serializer returned null
[01Jul2025 20:09:45.000] [main/INFO] [net.minecraft.world.item.crafting.RecipeManager/]: Skipping loading recipe twilightforest:jeed/slowness as it's serializer returned null
[01Jul2025 20:09:45.000] [main/INFO] [net.minecraft.world.item.crafting.RecipeManager/]: Skipping loading recipe delightful:knives/zinc_knife as it's serializer returned null
[01Jul2025 20:09:45.000] [main/INFO] [net.minecraft.world.item.crafting.RecipeManager/]: Skipping loading recipe atmospheric:laurel_leaves_from_laurel_leaf_pile as it's serializer returned null
[01Jul2025 20:09:45.000] [main/INFO] [net.minecraft.world.item.crafting.RecipeManager/]: Skipping loading recipe delightful:food/crab_rangoon_from_milk as it's serializer returned null
[01Jul2025 20:09:45.000] [main/INFO] [net.minecraft.world.item.crafting.RecipeManager/]: Skipping loading recipe delightful:knives/refined_obsidian_knife as it's serializer returned null
[01Jul2025 20:09:45.001] [main/INFO] [net.minecraft.world.item.crafting.RecipeManager/]: Skipping loading recipe delightful:knives/blasting/bone/bone_meal_from_blasting_boots as it's serializer returned null
[01Jul2025 20:09:45.001] [main/INFO] [net.minecraft.world.item.crafting.RecipeManager/]: Skipping loading recipe delightful:mixing/salmonberry_gummy as it's serializer returned null
[01Jul2025 20:09:45.003] [main/INFO] [net.minecraft.world.item.crafting.RecipeManager/]: Skipping loading recipe delightful:knives/blasting/steel_mekanism as it's serializer returned null
[01Jul2025 20:09:45.003] [main/INFO] [net.minecraft.world.item.crafting.RecipeManager/]: Skipping loading recipe delightful:integration/wildberries/blueberry_sack as it's serializer returned null
[01Jul2025 20:09:45.003] [main/INFO] [net.minecraft.world.item.crafting.RecipeManager/]: Skipping loading recipe delightful:knives/smithing/gilded_netherite_knife as it's serializer returned null
[01Jul2025 20:09:45.003] [main/INFO] [net.minecraft.world.item.crafting.RecipeManager/]: Skipping loading recipe delightful:integration/biomesoplenty/huge_clover_petal as it's serializer returned null
[01Jul2025 20:09:45.004] [main/INFO] [net.minecraft.world.item.crafting.RecipeManager/]: Skipping loading recipe delightful:food/kettle/lavender_tea as it's serializer returned null
[01Jul2025 20:09:45.004] [main/INFO] [net.minecraft.world.item.crafting.RecipeManager/]: Skipping loading recipe delightful:knives/smelting/diamond_diamond_nuggets as it's serializer returned null
[01Jul2025 20:09:45.005] [main/INFO] [net.minecraft.world.item.crafting.RecipeManager/]: Skipping loading recipe twilightforest:jeed/fire_resistance as it's serializer returned null
[01Jul2025 20:09:45.005] [main/INFO] [net.minecraft.world.item.crafting.RecipeManager/]: Skipping loading recipe delightful:knives/smelting/bone/bone_meal_from_smelting_sword as it's serializer returned null
[01Jul2025 20:09:45.005] [main/INFO] [net.minecraft.world.item.crafting.RecipeManager/]: Skipping loading recipe atmospheric:yucca_leaf_pile as it's serializer returned null
[01Jul2025 20:09:45.005] [main/INFO] [net.minecraft.world.item.crafting.RecipeManager/]: Skipping loading recipe delightful:knives/blasting/copper_immersiveengineering as it's serializer returned null
[01Jul2025 20:09:45.005] [main/INFO] [net.minecraft.world.item.crafting.RecipeManager/]: Skipping loading recipe atmospheric:morado_bookshelf as it's serializer returned null
[01Jul2025 20:09:45.013] [main/INFO] [net.minecraft.world.item.crafting.RecipeManager/]: Loaded 53 recipes
[01Jul2025 20:09:45.018] [main/WARN] [com.recipeessentials.RecipeEssentials/]: Recipe without matching ID:apotheosis:potion_charm_enchanting
[01Jul2025 20:09:45.025] [main/WARN] [com.recipeessentials.RecipeEssentials/]: Recipe without matching ID:ars_nouveau:mirror_shield_3
[01Jul2025 20:09:45.025] [main/WARN] [com.recipeessentials.RecipeEssentials/]: Recipe without matching ID:ars_nouveau:mirror_shield_2
[01Jul2025 20:09:45.025] [main/WARN] [com.recipeessentials.RecipeEssentials/]: Recipe without matching ID:ars_nouveau:mirror_shield_1
[01Jul2025 20:09:45.025] [main/WARN] [com.recipeessentials.RecipeEssentials/]: Recipe without matching ID:ars_nouveau:soulbound_1
[01Jul2025 20:09:45.034] [main/INFO] [com.teampotato.redirector.Redirector/]: Redirecting com/teamabnormals/blueprint/core/util/modification/selection/ResourceSelectorSerializers
[01Jul2025 20:09:45.036] [main/INFO] [com.teamabnormals.blueprint.core.Blueprint/]: Loot Modification Manager has loaded 6 modifier groups
[01Jul2025 20:09:45.049] [main/INFO] [com.teampotato.redirector.Redirector/]: Redirecting net/minecraft/world/level/storage/loot/functions/CopyNbtFunction$MergeStrategy
[01Jul2025 20:09:45.100] [main/ERROR] [Apotheosis : Adventure/]: Use of the "rarity" key in affix loot pool entries is deprecated and will be removed in a future release.
[01Jul2025 20:09:45.523] [main/INFO] [com.teampotato.redirector.Redirector/]: Redirecting com/legacy/blue_skies/items/util/IRarityItem$SkiesRarity
[01Jul2025 20:09:45.575] [main/ERROR] [net.minecraft.world.level.storage.loot.LootTables/]: Couldn't parse loot table bygonenether:blocks/withered_blackstone_vertical_slab: java.lang.IllegalArgumentException: Can't find block bygonenether:withered_blackstone_vertical_slab
[01Jul2025 20:09:45.675] [main/ERROR] [net.minecraft.world.level.storage.loot.LootTables/]: Couldn't parse loot table bygonenether:blocks/cracked_withered_blackstone_vertical_slab: com.google.gson.JsonSyntaxException: Expected name to be an item, was unknown string 'bygonenether:cracked_withered_blackstone_vertical_slab'
[01Jul2025 20:09:45.869] [main/ERROR] [Apotheosis : Adventure/]: Use of the "rarity" key in affix loot pool entries is deprecated and will be removed in a future release.
[01Jul2025 20:09:45.869] [main/ERROR] [Apotheosis : Adventure/]: Use of the "rarity" key in affix loot pool entries is deprecated and will be removed in a future release.
[01Jul2025 20:09:45.950] [main/ERROR] [net.minecraft.world.level.storage.loot.LootTables/]: Couldn't parse loot table iter_rpg:gameplay/geode_endstone: com.google.gson.JsonSyntaxException: Expected name to be an item, was unknown string 'iter_rpg:voidquartz_shard'
[01Jul2025 20:09:46.232] [main/ERROR] [net.minecraft.world.level.storage.loot.LootTables/]: Couldn't parse loot table iter_rpg:gameplay/geode_deepslate: com.google.gson.JsonSyntaxException: Expected name to be an item, was unknown string 'iter_rpg:ametrine_shard'
[01Jul2025 20:09:46.334] [main/ERROR] [net.minecraft.world.level.storage.loot.LootTables/]: Couldn't parse loot table bygonenether:blocks/warped_nether_brick_vertical_slab: java.lang.IllegalArgumentException: Can't find block bygonenether:warped_nether_brick_vertical_slab
[01Jul2025 20:09:46.452] [main/WARN] [net.minecraft.world.level.storage.loot.LootTables/]: Found validation problem in {iter_rpg:entities/weeper}.pools[1].entries[1].functions[1]: Parameters [<parameter minecraft:tool>] are not provided in this context
[01Jul2025 20:09:46.452] [main/WARN] [net.minecraft.world.level.storage.loot.LootTables/]: Found validation problem in {iter_rpg:entities/fire_elemental}.pools[1].entries[0].functions[1]: Parameters [<parameter minecraft:tool>] are not provided in this context
[01Jul2025 20:09:46.452] [main/WARN] [net.minecraft.world.level.storage.loot.LootTables/]: Found validation problem in {iter_rpg:entities/griever}.pools[0].entries[0].functions[1]: Parameters [<parameter minecraft:tool>] are not provided in this context
[01Jul2025 20:09:46.452] [main/WARN] [net.minecraft.world.level.storage.loot.LootTables/]: Found validation problem in {iter_rpg:entities/sorrowsealed}.pools[1].entries[0].functions[1]: Parameters [<parameter minecraft:tool>] are not provided in this context
[01Jul2025 20:09:46.452] [main/WARN] [net.minecraft.world.level.storage.loot.LootTables/]: Found validation problem in {iter_rpg:entities/mournstone}.pools[0].entries[0].functions[1]: Parameters [<parameter minecraft:tool>] are not provided in this context
[01Jul2025 20:09:46.452] [main/WARN] [net.minecraft.world.level.storage.loot.LootTables/]: Found validation problem in {iter_rpg:entities/water_elemental}.pools[1].entries[0].functions[1]: Parameters [<parameter minecraft:tool>] are not provided in this context
[01Jul2025 20:09:46.452] [main/WARN] [net.minecraft.world.level.storage.loot.LootTables/]: Found validation problem in {iter_rpg:entities/sorrowsealed}.pools[0].entries[0].functions[1]: Parameters [<parameter minecraft:tool>] are not provided in this context
[01Jul2025 20:09:46.452] [main/WARN] [net.minecraft.world.level.storage.loot.LootTables/]: Found validation problem in {sons_of_sins:entities/prowler}.pools[0].entries[0].functions[1]: Parameters [<parameter minecraft:tool>] are not provided in this context
[01Jul2025 20:09:46.452] [main/WARN] [net.minecraft.world.level.storage.loot.LootTables/]: Found validation problem in {iter_rpg:entities/giant_spider}.pools[0].entries[2].functions[1]: Parameters [<parameter minecraft:tool>] are not provided in this context
[01Jul2025 20:09:46.452] [main/WARN] [net.minecraft.world.level.storage.loot.LootTables/]: Found validation problem in {sons_of_sins:entities/butcher}.pools[0].entries[0].functions[1]: Parameters [<parameter minecraft:tool>] are not provided in this context
[01Jul2025 20:09:46.452] [main/WARN] [net.minecraft.world.level.storage.loot.LootTables/]: Found validation problem in {iter_rpg:entities/griever}.pools[1].entries[1].functions[1]: Parameters [<parameter minecraft:tool>] are not provided in this context
[01Jul2025 20:09:46.452] [main/WARN] [net.minecraft.world.level.storage.loot.LootTables/]: Found validation problem in {iter_rpg:entities/weeper}.pools[0].entries[0].functions[1]: Parameters [<parameter minecraft:tool>] are not provided in this context
[01Jul2025 20:09:46.452] [main/WARN] [net.minecraft.world.level.storage.loot.LootTables/]: Found validation problem in {iter_rpg:entities/mournstone}.pools[1].entries[0].functions[1]: Parameters [<parameter minecraft:tool>] are not provided in this context
[01Jul2025 20:09:46.452] [main/WARN] [net.minecraft.world.level.storage.loot.LootTables/]: Found validation problem in {sons_of_sins:entities/walking_bed}.pools[0].entries[0].functions[1]: Parameters [<parameter minecraft:tool>] are not provided in this context
[01Jul2025 20:09:46.452] [main/WARN] [net.minecraft.world.level.storage.loot.LootTables/]: Found validation problem in {iter_rpg:entities/giant_spider}.pools[0].entries[1].functions[1]: Parameters [<parameter minecraft:tool>] are not provided in this context
[01Jul2025 20:09:46.452] [main/WARN] [net.minecraft.world.level.storage.loot.LootTables/]: Found validation problem in {iter_rpg:entities/griever}.pools[0].entries[1].functions[1]: Parameters [<parameter minecraft:tool>] are not provided in this context
[01Jul2025 20:09:46.452] [main/WARN] [net.minecraft.world.level.storage.loot.LootTables/]: Found validation problem in {iter_rpg:entities/griever}.pools[1].entries[0].functions[1]: Parameters [<parameter minecraft:tool>] are not provided in this context
[01Jul2025 20:09:46.452] [main/WARN] [net.minecraft.world.level.storage.loot.LootTables/]: Found validation problem in {iter_rpg:entities/mournstone}.pools[1].entries[1].functions[1]: Parameters [<parameter minecraft:tool>] are not provided in this context
[01Jul2025 20:09:46.452] [main/WARN] [net.minecraft.world.level.storage.loot.LootTables/]: Found validation problem in {iter_rpg:entities/weeper}.pools[1].entries[0].functions[1]: Parameters [<parameter minecraft:tool>] are not provided in this context
[01Jul2025 20:09:46.452] [main/WARN] [net.minecraft.world.level.storage.loot.LootTables/]: Found validation problem in {iter_rpg:entities/earth_elemental}.pools[1].entries[0].functions[1]: Parameters [<parameter minecraft:tool>] are not provided in this context
[01Jul2025 20:09:46.452] [main/WARN] [net.minecraft.world.level.storage.loot.LootTables/]: Found validation problem in {iter_rpg:entities/void_elemental}.pools[0].entries[0].functions[1]: Parameters [<parameter minecraft:tool>] are not provided in this context
[01Jul2025 20:09:46.452] [main/WARN] [net.minecraft.world.level.storage.loot.LootTables/]: Found validation problem in {sons_of_sins:entities/blud}.pools[0].entries[0].functions[1]: Parameters [<parameter minecraft:tool>] are not provided in this context
[01Jul2025 20:09:46.454] [main/INFO] [placebo/]: Registered 31 additional loot tables.
[01Jul2025 20:09:46.466] [main/INFO] [com.teamabnormals.blueprint.core.Blueprint/]: Skipped modifier named 'savage_and_ravage:adventure/voluntary_exile' as its conditions were not met
[01Jul2025 20:09:46.466] [main/INFO] [com.teamabnormals.blueprint.core.Blueprint/]: Skipped modifier named 'savage_and_ravage:adventure/voluntary_exile' as its conditions were not met
[01Jul2025 20:09:46.469] [main/INFO] [com.teamabnormals.blueprint.core.Blueprint/]: Advancement Modification Manager has loaded 11 modifier groups
[01Jul2025 20:09:46.470] [main/ERROR] [net.minecraft.server.ServerFunctionLibrary/]: Failed to load function enemyexpansion:silver_exes
java.util.concurrent.CompletionException: java.lang.IllegalArgumentException: Whilst parsing command on line 1: Incorrect argument for command at position 25: ...erfriends <--[HERE]
	at java.util.concurrent.CompletableFuture.encodeThrowable(CompletableFuture.java:315) ~[?:?]
	at java.util.concurrent.CompletableFuture.completeThrowable(CompletableFuture.java:320) ~[?:?]
	at java.util.concurrent.CompletableFuture$AsyncSupply.run(CompletableFuture.java:1770) ~[?:?]
	at java.util.concurrent.CompletableFuture$AsyncSupply.exec(CompletableFuture.java:1760) ~[?:?]
	at java.util.concurrent.ForkJoinTask.doExec(ForkJoinTask.java:373) ~[?:?]
	at java.util.concurrent.ForkJoinPool$WorkQueue.topLevelExec(ForkJoinPool.java:1182) ~[?:?]
	at java.util.concurrent.ForkJoinPool.scan(ForkJoinPool.java:1655) ~[?:?]
	at java.util.concurrent.ForkJoinPool.runWorker(ForkJoinPool.java:1622) ~[?:?]
	at java.util.concurrent.ForkJoinWorkerThread.run(ForkJoinWorkerThread.java:165) ~[?:?]
Caused by: java.lang.IllegalArgumentException: Whilst parsing command on line 1: Incorrect argument for command at position 25: ...erfriends <--[HERE]
	at net.minecraft.commands.CommandFunction.m_77984_(CommandFunction.java:63) ~[server-1.19.2-20220805.130853-srg.jar%23565!/:?]
	at net.minecraft.server.ServerFunctionLibrary.m_214320_(ServerFunctionLibrary.java:85) ~[server-1.19.2-20220805.130853-srg.jar%23565!/:?]
	at java.util.concurrent.CompletableFuture$AsyncSupply.run(CompletableFuture.java:1768) ~[?:?]
	... 6 more
[01Jul2025 20:09:46.474] [main/ERROR] [net.minecraft.tags.TagLoader/]: Couldn't load tag [minotaur:tick (from collection-of-singiro-1.19.x-1.1.4.jar)] as it is missing following references: minotaur:tick (from collection-of-singiro-1.19.x-1.1.4.jar)
[01Jul2025 20:09:46.474] [main/ERROR] [net.minecraft.tags.TagLoader/]: Couldn't load tag [minotaur:load (from collection-of-singiro-1.19.x-1.1.4.jar)] as it is missing following references: minotaur:load (from collection-of-singiro-1.19.x-1.1.4.jar)
[01Jul2025 20:09:46.489] [main/ERROR] [net.minecraft.server.ServerAdvancementManager/]: Parsing error loading custom advancement delightful:recipes/cutting/cactus: Missing advancement, expected to find a JsonObject
[01Jul2025 20:09:46.505] [main/ERROR] [net.minecraft.server.ServerAdvancementManager/]: Parsing error loading custom advancement delightful:recipes/cutting/salmonberry_pie: Missing advancement, expected to find a JsonObject
[01Jul2025 20:09:46.531] [main/ERROR] [net.minecraft.server.ServerAdvancementManager/]: Parsing error loading custom advancement delightful:recipes/cutting/pumpkin_pie: Missing advancement, expected to find a JsonObject
[01Jul2025 20:09:46.533] [main/ERROR] [net.minecraft.server.ServerAdvancementManager/]: Parsing error loading custom advancement majruszsdifficulty:recipes/misc/enderium_upgrade_smithing_template: Unknown item id 'majruszsdifficulty:enderium_upgrade_smithing_template'
[01Jul2025 20:09:46.562] [main/ERROR] [net.minecraft.server.ServerAdvancementManager/]: Parsing error loading custom advancement iter_rpg:iter_get_ametrine: Expected item to be an item, was unknown string 'iter_rpg:deleted_mod_element'
[01Jul2025 20:09:46.564] [main/ERROR] [net.minecraft.server.ServerAdvancementManager/]: Parsing error loading custom advancement delightful:recipes/cutting/source_berry_pie: Missing advancement, expected to find a JsonObject
[01Jul2025 20:09:46.615] [main/ERROR] [net.minecraft.server.ServerAdvancementManager/]: Parsing error loading custom advancement delightful:recipes/cutting/cantaloupe: Missing advancement, expected to find a JsonObject
[01Jul2025 20:09:46.641] [main/ERROR] [net.minecraft.server.ServerAdvancementManager/]: Parsing error loading custom advancement minecraft:adventure/craft_decorated_pot_using_only_sherds: Invalid criterion trigger: minecraft:recipe_crafted
[01Jul2025 20:09:46.652] [main/ERROR] [net.minecraft.server.ServerAdvancementManager/]: Parsing error loading custom advancement delightful:recipes/cutting/mini_melon: Missing advancement, expected to find a JsonObject
[01Jul2025 20:09:46.665] [main/ERROR] [net.minecraft.server.ServerAdvancementManager/]: Parsing error loading custom advancement iter_rpg:iter_get_voidquartz: Expected item to be an item, was unknown string 'iter_rpg:deleted_mod_element'
[01Jul2025 20:09:46.706] [main/ERROR] [net.minecraft.advancements.AdvancementList/]: Couldn't load advancement undead_unleashed:it_burns: Task Advancement{parentId=undead_unleashed:deleted_mod_element, display=net.minecraft.advancements.DisplayInfo@20b24de7, rewards=AdvancementRewards{experience=0, loot=[], recipes=[], function=net.minecraft.commands.CommandFunction$CacheableFunction@1410d052}, criteria={it_burns=net.minecraft.advancements.Criterion@2dd6bd05}, requirements=[[it_burns]]}
[01Jul2025 20:09:46.706] [main/ERROR] [net.minecraft.advancements.AdvancementList/]: Couldn't load advancement iter_rpg:oblivion: Task Advancement{parentId=iter_rpg:infernal, display=net.minecraft.advancements.DisplayInfo@1f972a7f, rewards=AdvancementRewards{experience=0, loot=[], recipes=[], function=net.minecraft.commands.CommandFunction$CacheableFunction@1410d052}, criteria={oblivion=net.minecraft.advancements.Criterion@7b1921d}, requirements=[[oblivion]]}
[01Jul2025 20:09:46.706] [main/ERROR] [net.minecraft.advancements.AdvancementList/]: Couldn't load advancement iter_rpg:windswept: Task Advancement{parentId=iter_rpg:seabound, display=net.minecraft.advancements.DisplayInfo@21d60ff2, rewards=AdvancementRewards{experience=0, loot=[], recipes=[], function=net.minecraft.commands.CommandFunction$CacheableFunction@1410d052}, criteria={windswept=net.minecraft.advancements.Criterion@2afc50af}, requirements=[[windswept]]}
[01Jul2025 20:09:46.706] [main/ERROR] [net.minecraft.advancements.AdvancementList/]: Couldn't load advancement iter_rpg:infernal: Task Advancement{parentId=iter_rpg:windswept, display=net.minecraft.advancements.DisplayInfo@53b48975, rewards=AdvancementRewards{experience=0, loot=[], recipes=[], function=net.minecraft.commands.CommandFunction$CacheableFunction@1410d052}, criteria={infernal=net.minecraft.advancements.Criterion@1b05d284}, requirements=[[infernal]]}
[01Jul2025 20:09:46.706] [main/ERROR] [net.minecraft.advancements.AdvancementList/]: Couldn't load advancement iter_rpg:elemental: Task Advancement{parentId=iter_rpg:oblivion, display=net.minecraft.advancements.DisplayInfo@3a23c734, rewards=AdvancementRewards{experience=16, loot=[], recipes=[], function=net.minecraft.commands.CommandFunction$CacheableFunction@1410d052}, criteria={elemental=net.minecraft.advancements.Criterion@f07a306}, requirements=[[elemental]]}
[01Jul2025 20:09:46.706] [main/ERROR] [net.minecraft.advancements.AdvancementList/]: Couldn't load advancement iter_rpg:iter_get_ametrine_ingot: Task Advancement{parentId=iter_rpg:iter_get_ametrine, display=net.minecraft.advancements.DisplayInfo@6a237bf, rewards=AdvancementRewards{experience=0, loot=[], recipes=[], function=net.minecraft.commands.CommandFunction$CacheableFunction@1410d052}, criteria={iter_get_ametrine_ingot=net.minecraft.advancements.Criterion@340fabfe}, requirements=[[iter_get_ametrine_ingot]]}
[01Jul2025 20:09:46.707] [main/ERROR] [net.minecraft.advancements.AdvancementList/]: Couldn't load advancement iter_rpg:seabound: Task Advancement{parentId=iter_rpg:druid, display=net.minecraft.advancements.DisplayInfo@76729e48, rewards=AdvancementRewards{experience=0, loot=[], recipes=[], function=net.minecraft.commands.CommandFunction$CacheableFunction@1410d052}, criteria={seabound=net.minecraft.advancements.Criterion@3f6b8b23}, requirements=[[seabound]]}
[01Jul2025 20:09:46.707] [main/ERROR] [net.minecraft.advancements.AdvancementList/]: Couldn't load advancement iter_rpg:druid: Task Advancement{parentId=iter_rpg:iter_get_ametrine_ingot, display=net.minecraft.advancements.DisplayInfo@53f777c3, rewards=AdvancementRewards{experience=0, loot=[], recipes=[], function=net.minecraft.commands.CommandFunction$CacheableFunction@1410d052}, criteria={druid=net.minecraft.advancements.Criterion@3026cc0d}, requirements=[[druid]]}
[01Jul2025 20:09:46.752] [main/INFO] [net.minecraft.advancements.AdvancementList/]: Loaded 5861 advancements
[01Jul2025 20:09:46.770] [main/INFO] [placebo/]: Registered 27 additional recipes.
[01Jul2025 20:09:46.800] [main/INFO] [daripher.autoleveling.data.DimensionsLevelingSettingsReloader/]: Loading leveling settings minecraft:overworld
[01Jul2025 20:09:46.802] [main/INFO] [daripher.autoleveling.data.DimensionsLevelingSettingsReloader/]: Loading leveling settings minecraft:the_end
[01Jul2025 20:09:46.802] [main/INFO] [daripher.autoleveling.data.DimensionsLevelingSettingsReloader/]: Loading leveling settings aether:the_aether
[01Jul2025 20:09:46.802] [main/INFO] [daripher.autoleveling.data.DimensionsLevelingSettingsReloader/]: Loading leveling settings minecraft:the_nether
[01Jul2025 20:09:46.802] [main/INFO] [daripher.autoleveling.data.EntitiesLevelingSettingsReloader/]: Loading leveling settings bosses_of_mass_destruction:gauntlet
[01Jul2025 20:09:46.803] [main/INFO] [daripher.autoleveling.data.EntitiesLevelingSettingsReloader/]: Loading leveling settings alexsmobs:warped_mosco
[01Jul2025 20:09:46.803] [main/INFO] [daripher.autoleveling.data.EntitiesLevelingSettingsReloader/]: Loading leveling settings cataclysm:netherite_monstrosity
[01Jul2025 20:09:46.803] [main/INFO] [daripher.autoleveling.data.EntitiesLevelingSettingsReloader/]: Loading leveling settings cataclysm:the_leviathan
[01Jul2025 20:09:46.803] [main/INFO] [daripher.autoleveling.data.EntitiesLevelingSettingsReloader/]: Loading leveling settings mowziesmobs:ferrous_wroughtnaut
[01Jul2025 20:09:46.803] [main/INFO] [daripher.autoleveling.data.EntitiesLevelingSettingsReloader/]: Loading leveling settings minecraft:elder_guardian
[01Jul2025 20:09:46.803] [main/INFO] [daripher.autoleveling.data.EntitiesLevelingSettingsReloader/]: Loading leveling settings blue_skies:starlit_crusher
[01Jul2025 20:09:46.803] [main/INFO] [daripher.autoleveling.data.EntitiesLevelingSettingsReloader/]: Loading leveling settings meetyourfight:dame_fortuna
[01Jul2025 20:09:46.803] [main/INFO] [daripher.autoleveling.data.EntitiesLevelingSettingsReloader/]: Loading leveling settings alexsmobs:void_worm
[01Jul2025 20:09:46.803] [main/INFO] [daripher.autoleveling.data.EntitiesLevelingSettingsReloader/]: Loading leveling settings blue_skies:arachnarch
[01Jul2025 20:09:46.803] [main/INFO] [daripher.autoleveling.data.EntitiesLevelingSettingsReloader/]: Loading leveling settings bosses_of_mass_destruction:lich
[01Jul2025 20:09:46.803] [main/INFO] [daripher.autoleveling.data.EntitiesLevelingSettingsReloader/]: Loading leveling settings cataclysm:ancient_remnant
[01Jul2025 20:09:46.803] [main/INFO] [daripher.autoleveling.data.EntitiesLevelingSettingsReloader/]: Loading leveling settings cataclysm:ignis
[01Jul2025 20:09:46.803] [main/INFO] [daripher.autoleveling.data.EntitiesLevelingSettingsReloader/]: Loading leveling settings cisco_mod:cisco
[01Jul2025 20:09:46.803] [main/INFO] [daripher.autoleveling.data.EntitiesLevelingSettingsReloader/]: Loading leveling settings bosses_of_mass_destruction:obsidilith
[01Jul2025 20:09:46.803] [main/INFO] [daripher.autoleveling.data.EntitiesLevelingSettingsReloader/]: Loading leveling settings mowziesmobs:umvuthi
[01Jul2025 20:09:46.803] [main/INFO] [daripher.autoleveling.data.EntitiesLevelingSettingsReloader/]: Loading leveling settings meetyourfight:rosalyne
[01Jul2025 20:09:46.803] [main/INFO] [daripher.autoleveling.data.EntitiesLevelingSettingsReloader/]: Loading leveling settings bosses_of_mass_destruction:void_blossom
[01Jul2025 20:09:46.803] [main/INFO] [daripher.autoleveling.data.EntitiesLevelingSettingsReloader/]: Loading leveling settings cataclysm:the_harbinger
[01Jul2025 20:09:46.804] [main/INFO] [daripher.autoleveling.data.EntitiesLevelingSettingsReloader/]: Loading leveling settings cataclysm:ender_guardian
[01Jul2025 20:09:46.804] [main/INFO] [daripher.autoleveling.data.EntitiesLevelingSettingsReloader/]: Loading leveling settings iter_rpg:sorrowsealed
[01Jul2025 20:09:46.804] [main/INFO] [daripher.autoleveling.data.EntitiesLevelingSettingsReloader/]: Loading leveling settings cataclysm:maledictus
[01Jul2025 20:09:46.804] [main/INFO] [daripher.autoleveling.data.EntitiesLevelingSettingsReloader/]: Loading leveling settings minecraft:warden
[01Jul2025 20:09:46.804] [main/INFO] [daripher.autoleveling.data.EntitiesLevelingSettingsReloader/]: Loading leveling settings minecraft:ender_dragon
[01Jul2025 20:09:46.804] [main/INFO] [daripher.autoleveling.data.EntitiesLevelingSettingsReloader/]: Loading leveling settings mowziesmobs:frostmaw
[01Jul2025 20:09:46.804] [main/INFO] [daripher.autoleveling.data.EntitiesLevelingSettingsReloader/]: Loading leveling settings minecraft:wither
[01Jul2025 20:09:46.804] [main/INFO] [daripher.autoleveling.data.EntitiesLevelingSettingsReloader/]: Loading leveling settings aquamirae:captain_cornelia
[01Jul2025 20:09:46.804] [main/INFO] [daripher.autoleveling.data.EntitiesLevelingSettingsReloader/]: Loading leveling settings iter_rpg:insatiable
[01Jul2025 20:09:46.804] [main/INFO] [daripher.autoleveling.data.EntitiesLevelingSettingsReloader/]: Loading leveling settings meetyourfight:bellringer
[01Jul2025 20:09:46.804] [main/INFO] [daripher.autoleveling.data.EntitiesLevelingSettingsReloader/]: Loading leveling settings irons_spellbooks:dead_king
[01Jul2025 20:09:46.804] [main/INFO] [daripher.autoleveling.data.EntitiesLevelingSettingsReloader/]: Loading leveling settings meetyourfight:swampjaw
[01Jul2025 20:09:46.804] [main/INFO] [daripher.autoleveling.data.EntitiesLevelingSettingsReloader/]: Loading leveling settings cisco_mod:fellkingboss
[01Jul2025 20:09:46.809] [main/INFO] [com.teampotato.redirector.Redirector/]: Redirecting com/telepathicgrunt/repurposedstructures/misc/maptrades/WanderingTraderMapObj$TRADE_TYPE
[01Jul2025 20:09:46.837] [main/WARN] [net.minecraftforge.common.loot.LootModifierManager/]: Could not decode GlobalLootModifier with json id deep_aether:silver_loot_modifiers - error: Unknown registry key in ResourceKey[minecraft:root / forge:global_loot_modifier_serializers]: deep_aether:aether_dungeon_loot_no_replacement
[01Jul2025 20:09:46.837] [main/WARN] [net.minecraftforge.common.loot.LootModifierManager/]: Could not decode GlobalLootModifier with json id deep_aether:silver_loot_reward_modifiers - error: Unknown registry key in ResourceKey[minecraft:root / forge:global_loot_modifier_serializers]: deep_aether:aether_dungeon_loot_no_replacement
[01Jul2025 20:09:46.837] [main/WARN] [net.minecraftforge.common.loot.LootModifierManager/]: Could not decode GlobalLootModifier with json id deep_aether:gold_loot_modifiers - error: Unknown registry key in ResourceKey[minecraft:root / forge:global_loot_modifier_serializers]: deep_aether:aether_dungeon_loot_no_replacement
[01Jul2025 20:09:46.837] [main/WARN] [net.minecraftforge.common.loot.LootModifierManager/]: Could not decode GlobalLootModifier with json id deep_aether:gold_loot_stratus_upgrade - error: Not a JSON object: null
[01Jul2025 20:09:46.838] [main/WARN] [net.minecraftforge.common.loot.LootModifierManager/]: Could not decode GlobalLootModifier with json id bygonenether:soul_stone_from_block - error: Unknown registry key in ResourceKey[minecraft:root / forge:global_loot_modifier_serializers]: bygonenether:replace_item
[01Jul2025 20:09:46.838] [main/WARN] [net.minecraftforge.common.loot.LootModifierManager/]: Could not decode GlobalLootModifier with json id bygonenether:soul_stone_in_catacombs - error: Unknown registry key in ResourceKey[minecraft:root / forge:global_loot_modifier_serializers]: bygonenether:replace_item
[01Jul2025 20:09:47.329] [main/WARN] [io.github.apace100.apoli.Apoli/]: Power "medievalorigins:knight/skilled_swordsman_dungeons_gear" will only be partially loaded: At Ingredient: Unknown item 'dungeons_gear:rapier', At ResourceLocation: JsonObject; At Ingredient: Unknown item 'dungeons_gear:frost_slayer', At ResourceLocation: JsonObject; At Ingredient: Unknown item 'dungeons_gear:heartstealer', At ResourceLocation: JsonObject; At Ingredient: Unknown item 'dungeons_gear:broadsword', At ResourceLocation: JsonObject; At Ingredient: Unknown item 'dungeons_gear:claymore', At ResourceLocation: JsonObject; At Ingredient: Unknown item 'dungeons_gear:truthseeker', At ResourceLocation: JsonObject; At Ingredient: Unknown item 'dungeons_gear:masters_katana', At ResourceLocation: JsonObject; At Ingredient: Unknown item 'dungeons_gear:dark_katana', At ResourceLocation: JsonObject; At Ingredient: Unknown item 'dungeons_gear:katana', At ResourceLocation: JsonObject; At Ingredient: Unknown item 'dungeons_gear:sinister_sword', At ResourceLocation: JsonObject; At Ingredient: Unknown item 'dungeons_gear:hawkbrand', At ResourceLocation: JsonObject; At Ingredient: Unknown item 'dungeons_gear:diamond_sword', At ResourceLocation: JsonObject; At Ingredient: Unknown item 'dungeons_gear:gold_sword', At ResourceLocation: JsonObject; At Ingredient: Unknown item 'dungeons_gear:stone_sword', At ResourceLocation: JsonObject; At Ingredient: Unknown item 'dungeons_gear:sword', At ResourceLocation: JsonObject; At Ingredient: Unknown item 'dungeons_gear:nameless_blade', At ResourceLocation: JsonObject; At Ingredient: Unknown item 'dungeons_gear:cutlass', At ResourceLocation: JsonObject; At Ingredient: Unknown item 'dungeons_gear:freezing_foil', At ResourceLocation: JsonObject; At Ingredient: Unknown item 'dungeons_gear:bee_stinger', At ResourceLocation: JsonObject; At Ingredient: Unknown item 'dungeons_gear:rapier', At ResourceLocation: JsonObject, At ResourceLocation: JsonObject
[01Jul2025 20:09:47.334] [main/WARN] [io.github.apace100.apoli.Apoli/]: Power "strictly:durendal" will only be partially loaded: At Item: Identifier "pmmo_xp_bottles:combat" was not registered in registry "minecraft:item"., At ResourceLocation: JsonObject, At ResourceLocation: JsonObject
[01Jul2025 20:09:47.352] [main/WARN] [io.github.apace100.apoli.Apoli/]: Power "arkwys:demon/cursed_armor_biomemakeover" will only be partially loaded: At Enchantment: Identifier "biomemakeover:buckling_curse" was not registered in registry "minecraft:enchantment"., At ResourceLocation: JsonObject; At Enchantment: Identifier "biomemakeover:inaccuracy_curse" was not registered in registry "minecraft:enchantment"., At ResourceLocation: JsonObject; At Enchantment: Identifier "biomemakeover:unwieldiness_curse" was not registered in registry "minecraft:enchantment"., At ResourceLocation: JsonObject; At Enchantment: Identifier "biomemakeover:suffocation_curse" was not registered in registry "minecraft:enchantment"., At ResourceLocation: JsonObject; At Enchantment: Identifier "biomemakeover:flammability_curse" was not registered in registry "minecraft:enchantment"., At ResourceLocation: JsonObject; At Enchantment: Identifier "biomemakeover:depth_curse" was not registered in registry "minecraft:enchantment"., At ResourceLocation: JsonObject; At Enchantment: Identifier "biomemakeover:enfeeblement_curse" was not registered in registry "minecraft:enchantment"., At ResourceLocation: JsonObject; At Enchantment: Identifier "biomemakeover:conductivity_curse" was not registered in registry "minecraft:enchantment"., At ResourceLocation: JsonObject; At Enchantment: Identifier "biomemakeover:insomnia_curse" was not registered in registry "minecraft:enchantment"., At ResourceLocation: JsonObject; At Enchantment: Identifier "biomemakeover:decay_curse" was not registered in registry "minecraft:enchantment"., At ResourceLocation: JsonObject, At ResourceLocation: JsonObject; At Enchantment: Identifier "biomemakeover:buckling_curse" was not registered in registry "minecraft:enchantment"., At ResourceLocation: JsonObject; At Enchantment: Identifier "biomemakeover:inaccuracy_curse" was not registered in registry "minecraft:enchantment"., At ResourceLocation: JsonObject; At Enchantment: Identifier "biomemakeover:unwieldiness_curse" was not registered in registry "minecraft:enchantment"., At ResourceLocation: JsonObject; At Enchantment: Identifier "biomemakeover:suffocation_curse" was not registered in registry "minecraft:enchantment"., At ResourceLocation: JsonObject; At Enchantment: Identifier "biomemakeover:flammability_curse" was not registered in registry "minecraft:enchantment"., At ResourceLocation: JsonObject; At Enchantment: Identifier "biomemakeover:depth_curse" was not registered in registry "minecraft:enchantment"., At ResourceLocation: JsonObject; At Enchantment: Identifier "biomemakeover:enfeeblement_curse" was not registered in registry "minecraft:enchantment"., At ResourceLocation: JsonObject; At Enchantment: Identifier "biomemakeover:conductivity_curse" was not registered in registry "minecraft:enchantment"., At ResourceLocation: JsonObject; At Enchantment: Identifier "biomemakeover:insomnia_curse" was not registered in registry "minecraft:enchantment"., At ResourceLocation: JsonObject; At Enchantment: Identifier "biomemakeover:decay_curse" was not registered in registry "minecraft:enchantment"., At ResourceLocation: JsonObject, At ResourceLocation: JsonObject; At Enchantment: Identifier "biomemakeover:buckling_curse" was not registered in registry "minecraft:enchantment"., At ResourceLocation: JsonObject; At Enchantment: Identifier "biomemakeover:inaccuracy_curse" was not registered in registry "minecraft:enchantment"., At ResourceLocation: JsonObject; At Enchantment: Identifier "biomemakeover:unwieldiness_curse" was not registered in registry "minecraft:enchantment"., At ResourceLocation: JsonObject; At Enchantment: Identifier "biomemakeover:suffocation_curse" was not registered in registry "minecraft:enchantment"., At ResourceLocation: JsonObject; At Enchantment: Identifier "biomemakeover:flammability_curse" was not registered in registry "minecraft:enchantment"., At ResourceLocation: JsonObject; At Enchantment: Identifier "biomemakeover:depth_curse" was not registered in registry "minecraft:enchantment"., At ResourceLocation: JsonObject; At Enchantment: Identifier "biomemakeover:enfeeblement_curse" was not registered in registry "minecraft:enchantment"., At ResourceLocation: JsonObject; At Enchantment: Identifier "biomemakeover:conductivity_curse" was not registered in registry "minecraft:enchantment"., At ResourceLocation: JsonObject; At Enchantment: Identifier "biomemakeover:insomnia_curse" was not registered in registry "minecraft:enchantment"., At ResourceLocation: JsonObject; At Enchantment: Identifier "biomemakeover:decay_curse" was not registered in registry "minecraft:enchantment"., At ResourceLocation: JsonObject, At ResourceLocation: JsonObject; At Enchantment: Identifier "biomemakeover:buckling_curse" was not registered in registry "minecraft:enchantment"., At ResourceLocation: JsonObject; At Enchantment: Identifier "biomemakeover:inaccuracy_curse" was not registered in registry "minecraft:enchantment"., At ResourceLocation: JsonObject; At Enchantment: Identifier "biomemakeover:unwieldiness_curse" was not registered in registry "minecraft:enchantment"., At ResourceLocation: JsonObject; At Enchantment: Identifier "biomemakeover:suffocation_curse" was not registered in registry "minecraft:enchantment"., At ResourceLocation: JsonObject; At Enchantment: Identifier "biomemakeover:flammability_curse" was not registered in registry "minecraft:enchantment"., At ResourceLocation: JsonObject; At Enchantment: Identifier "biomemakeover:depth_curse" was not registered in registry "minecraft:enchantment"., At ResourceLocation: JsonObject; At Enchantment: Identifier "biomemakeover:enfeeblement_curse" was not registered in registry "minecraft:enchantment"., At ResourceLocation: JsonObject; At Enchantment: Identifier "biomemakeover:conductivity_curse" was not registered in registry "minecraft:enchantment"., At ResourceLocation: JsonObject; At Enchantment: Identifier "biomemakeover:insomnia_curse" was not registered in registry "minecraft:enchantment"., At ResourceLocation: JsonObject; At Enchantment: Identifier "biomemakeover:decay_curse" was not registered in registry "minecraft:enchantment"., At ResourceLocation: JsonObject, At ResourceLocation: JsonObject
[01Jul2025 20:09:47.436] [main/WARN] [io.github.apace100.apoli.Apoli/]: Power "medievalorigins:elf/weak_melee_spartanweaponry" will only be partially loaded: At Ingredient: Unknown item 'spartanweaponry:quarterstaff_lead', At ResourceLocation: JsonObject; At Ingredient: Unknown item 'spartanweaponry:quarterstaff_nickel', At ResourceLocation: JsonObject; At Ingredient: Unknown item 'spartanweaponry:quarterstaff_electrum', At ResourceLocation: JsonObject; At Ingredient: Unknown item 'spartanweaponry:quarterstaff_platinum', At ResourceLocation: JsonObject; At Ingredient: Unknown item 'spartanweaponry:quarterstaff_invar', At ResourceLocation: JsonObject; At Ingredient: Unknown item 'spartanweaponry:quarterstaff_silver', At ResourceLocation: JsonObject; At Ingredient: Unknown item 'spartanweaponry:quarterstaff_steel', At ResourceLocation: JsonObject; At Ingredient: Unknown item 'spartanweaponry:quarterstaff_bronze', At ResourceLocation: JsonObject; At Ingredient: Unknown item 'spartanweaponry:quarterstaff_tin', At ResourceLocation: JsonObject; At Ingredient: Unknown item 'spartanweaponry:quarterstaff_copper', At ResourceLocation: JsonObject; At Ingredient: Unknown item 'spartanweaponry:quarterstaff_netherite', At ResourceLocation: JsonObject; At Ingredient: Unknown item 'spartanweaponry:quarterstaff_diamond', At ResourceLocation: JsonObject; At Ingredient: Unknown item 'spartanweaponry:quarterstaff_gold', At ResourceLocation: JsonObject; At Ingredient: Unknown item 'spartanweaponry:quarterstaff_iron', At ResourceLocation: JsonObject; At Ingredient: Unknown item 'spartanweaponry:quarterstaff_stone', At ResourceLocation: JsonObject; At Ingredient: Unknown item 'spartanweaponry:quarterstaff_wood', At ResourceLocation: JsonObject; At Ingredient: Unknown item 'spartanweaponry:glaive_lead', At ResourceLocation: JsonObject; At Ingredient: Unknown item 'spartanweaponry:glaive_nickel', At ResourceLocation: JsonObject; At Ingredient: Unknown item 'spartanweaponry:glaive_electrum', At ResourceLocation: JsonObject; At Ingredient: Unknown item 'spartanweaponry:glaive_platinum', At ResourceLocation: JsonObject; At Ingredient: Unknown item 'spartanweaponry:glaive_invar', At ResourceLocation: JsonObject; At Ingredient: Unknown item 'spartanweaponry:glaive_silver', At ResourceLocation: JsonObject; At Ingredient: Unknown item 'spartanweaponry:glaive_steel', At ResourceLocation: JsonObject; At Ingredient: Unknown item 'spartanweaponry:glaive_bronze', At ResourceLocation: JsonObject; At Ingredient: Unknown item 'spartanweaponry:glaive_tin', At ResourceLocation: JsonObject; At Ingredient: Unknown item 'spartanweaponry:glaive_copper', At ResourceLocation: JsonObject; At Ingredient: Unknown item 'spartanweaponry:glaive_netherite', At ResourceLocation: JsonObject; At Ingredient: Unknown item 'spartanweaponry:glaive_diamond', At ResourceLocation: JsonObject; At Ingredient: Unknown item 'spartanweaponry:glaive_gold', At ResourceLocation: JsonObject; At Ingredient: Unknown item 'spartanweaponry:glaive_iron', At ResourceLocation: JsonObject; At Ingredient: Unknown item 'spartanweaponry:glaive_stone', At ResourceLocation: JsonObject; At Ingredient: Unknown item 'spartanweaponry:glaive_wood', At ResourceLocation: JsonObject; At Ingredient: Unknown item 'spartanweaponry:flanged_mace_lead', At ResourceLocation: JsonObject; At Ingredient: Unknown item 'spartanweaponry:flanged_mace_nickel', At ResourceLocation: JsonObject; At Ingredient: Unknown item 'spartanweaponry:flanged_mace_electrum', At ResourceLocation: JsonObject; At Ingredient: Unknown item 'spartanweaponry:flanged_mace_platinum', At ResourceLocation: JsonObject; At Ingredient: Unknown item 'spartanweaponry:flanged_mace_invar', At ResourceLocation: JsonObject; At Ingredient: Unknown item 'spartanweaponry:flanged_mace_silver', At ResourceLocation: JsonObject; At Ingredient: Unknown item 'spartanweaponry:flanged_mace_steel', At ResourceLocation: JsonObject; At Ingredient: Unknown item 'spartanweaponry:flanged_mace_bronze', At ResourceLocation: JsonObject; At Ingredient: Unknown item 'spartanweaponry:flanged_mace_tin', At ResourceLocation: JsonObject; At Ingredient: Unknown item 'spartanweaponry:flanged_mace_copper', At ResourceLocation: JsonObject; At Ingredient: Unknown item 'spartanweaponry:flanged_mace_netherite', At ResourceLocation: JsonObject; At Ingredient: Unknown item 'spartanweaponry:flanged_mace_diamond', At ResourceLocation: JsonObject; At Ingredient: Unknown item 'spartanweaponry:flanged_mace_gold', At ResourceLocation: JsonObject; At Ingredient: Unknown item 'spartanweaponry:flanged_mace_iron', At ResourceLocation: JsonObject; At Ingredient: Unknown item 'spartanweaponry:flanged_mace_stone', At ResourceLocation: JsonObject; At Ingredient: Unknown item 'spartanweaponry:flanged_mace_wood', At ResourceLocation: JsonObject; At Ingredient: Unknown item 'spartanweaponry:battleaxe_lead', At ResourceLocation: JsonObject; At Ingredient: Unknown item 'spartanweaponry:battleaxe_nickel', At ResourceLocation: JsonObject; At Ingredient: Unknown item 'spartanweaponry:battleaxe_electrum', At ResourceLocation: JsonObject; At Ingredient: Unknown item 'spartanweaponry:battleaxe_platinum', At ResourceLocation: JsonObject; At Ingredient: Unknown item 'spartanweaponry:battleaxe_invar', At ResourceLocation: JsonObject; At Ingredient: Unknown item 'spartanweaponry:battleaxe_silver', At ResourceLocation: JsonObject; At Ingredient: Unknown item 'spartanweaponry:battleaxe_steel', At ResourceLocation: JsonObject; At Ingredient: Unknown item 'spartanweaponry:battleaxe_bronze', At ResourceLocation: JsonObject; At Ingredient: Unknown item 'spartanweaponry:battleaxe_tin', At ResourceLocation: JsonObject; At Ingredient: Unknown item 'spartanweaponry:battleaxe_copper', At ResourceLocation: JsonObject; At Ingredient: Unknown item 'spartanweaponry:battleaxe_netherite', At ResourceLocation: JsonObject; At Ingredient: Unknown item 'spartanweaponry:battleaxe_diamond', At ResourceLocation: JsonObject; At Ingredient: Unknown item 'spartanweaponry:battleaxe_gold', At ResourceLocation: JsonObject; At Ingredient: Unknown item 'spartanweaponry:battleaxe_iron', At ResourceLocation: JsonObject; At Ingredient: Unknown item 'spartanweaponry:battleaxe_stone', At ResourceLocation: JsonObject; At Ingredient: Unknown item 'spartanweaponry:battleaxe_wood', At ResourceLocation: JsonObject; At Ingredient: Unknown item 'spartanweaponry:javelin_lead', At ResourceLocation: JsonObject; At Ingredient: Unknown item 'spartanweaponry:javelin_nickel', At ResourceLocation: JsonObject; At Ingredient: Unknown item 'spartanweaponry:javelin_electrum', At ResourceLocation: JsonObject; At Ingredient: Unknown item 'spartanweaponry:javelin_platinum', At ResourceLocation: JsonObject; At Ingredient: Unknown item 'spartanweaponry:javelin_invar', At ResourceLocation: JsonObject; At Ingredient: Unknown item 'spartanweaponry:javelin_silver', At ResourceLocation: JsonObject; At Ingredient: Unknown item 'spartanweaponry:javelin_steel', At ResourceLocation: JsonObject; At Ingredient: Unknown item 'spartanweaponry:javelin_bronze', At ResourceLocation: JsonObject; At Ingredient: Unknown item 'spartanweaponry:javelin_tin', At ResourceLocation: JsonObject; At Ingredient: Unknown item 'spartanweaponry:javelin_copper', At ResourceLocation: JsonObject; At Ingredient: Unknown item 'spartanweaponry:javelin_netherite', At ResourceLocation: JsonObject; At Ingredient: Unknown item 'spartanweaponry:javelin_diamond', At ResourceLocation: JsonObject; At Ingredient: Unknown item 'spartanweaponry:javelin_gold', At ResourceLocation: JsonObject; At Ingredient: Unknown item 'spartanweaponry:javelin_iron', At ResourceLocation: JsonObject; At Ingredient: Unknown item 'spartanweaponry:javelin_stone', At ResourceLocation: JsonObject; At Ingredient: Unknown item 'spartanweaponry:javelin_wood', At ResourceLocation: JsonObject; At Ingredient: Unknown item 'spartanweaponry:tomahawk_lead', At ResourceLocation: JsonObject; At Ingredient: Unknown item 'spartanweaponry:tomahawk_nickel', At ResourceLocation: JsonObject; At Ingredient: Unknown item 'spartanweaponry:tomahawk_electrum', At ResourceLocation: JsonObject; At Ingredient: Unknown item 'spartanweaponry:tomahawk_platinum', At ResourceLocation: JsonObject; At Ingredient: Unknown item 'spartanweaponry:tomahawk_invar', At ResourceLocation: JsonObject; At Ingredient: Unknown item 'spartanweaponry:tomahawk_silver', At ResourceLocation: JsonObject; At Ingredient: Unknown item 'spartanweaponry:tomahawk_steel', At ResourceLocation: JsonObject; At Ingredient: Unknown item 'spartanweaponry:tomahawk_bronze', At ResourceLocation: JsonObject; At Ingredient: Unknown item 'spartanweaponry:tomahawk_tin', At ResourceLocation: JsonObject; At Ingredient: Unknown item 'spartanweaponry:tomahawk_copper', At ResourceLocation: JsonObject; At Ingredient: Unknown item 'spartanweaponry:tomahawk_netherite', At ResourceLocation: JsonObject; At Ingredient: Unknown item 'spartanweaponry:tomahawk_diamond', At ResourceLocation: JsonObject; At Ingredient: Unknown item 'spartanweaponry:tomahawk_gold', At ResourceLocation: JsonObject; At Ingredient: Unknown item 'spartanweaponry:tomahawk_iron', At ResourceLocation: JsonObject; At Ingredient: Unknown item 'spartanweaponry:tomahawk_stone', At ResourceLocation: JsonObject; At Ingredient: Unknown item 'spartanweaponry:tomahawk_wood', At ResourceLocation: JsonObject; At Ingredient: Unknown item 'spartanweaponry:throwing_knife_lead', At ResourceLocation: JsonObject; At Ingredient: Unknown item 'spartanweaponry:throwing_knife_nickel', At ResourceLocation: JsonObject; At Ingredient: Unknown item 'spartanweaponry:throwing_knife_electrum', At ResourceLocation: JsonObject; At Ingredient: Unknown item 'spartanweaponry:throwing_knife_platinum', At ResourceLocation: JsonObject; At Ingredient: Unknown item 'spartanweaponry:throwing_knife_invar', At ResourceLocation: JsonObject; At Ingredient: Unknown item 'spartanweaponry:throwing_knife_silver', At ResourceLocation: JsonObject; At Ingredient: Unknown item 'spartanweaponry:throwing_knife_steel', At ResourceLocation: JsonObject; At Ingredient: Unknown item 'spartanweaponry:throwing_knife_bronze', At ResourceLocation: JsonObject; At Ingredient: Unknown item 'spartanweaponry:throwing_knife_tin', At ResourceLocation: JsonObject; At Ingredient: Unknown item 'spartanweaponry:throwing_knife_copper', At ResourceLocation: JsonObject; At Ingredient: Unknown item 'spartanweaponry:throwing_knife_netherite', At ResourceLocation: JsonObject; At Ingredient: Unknown item 'spartanweaponry:throwing_knife_diamond', At ResourceLocation: JsonObject; At Ingredient: Unknown item 'spartanweaponry:throwing_knife_gold', At ResourceLocation: JsonObject; At Ingredient: Unknown item 'spartanweaponry:throwing_knife_iron', At ResourceLocation: JsonObject; At Ingredient: Unknown item 'spartanweaponry:throwing_knife_stone', At ResourceLocation: JsonObject; At Ingredient: Unknown item 'spartanweaponry:throwing_knife_wood', At ResourceLocation: JsonObject; At Ingredient: Unknown item 'spartanweaponry:lance_lead', At ResourceLocation: JsonObject; At Ingredient: Unknown item 'spartanweaponry:lance_nickel', At ResourceLocation: JsonObject; At Ingredient: Unknown item 'spartanweaponry:lance_electrum', At ResourceLocation: JsonObject; At Ingredient: Unknown item 'spartanweaponry:lance_platinum', At ResourceLocation: JsonObject; At Ingredient: Unknown item 'spartanweaponry:lance_invar', At ResourceLocation: JsonObject; At Ingredient: Unknown item 'spartanweaponry:lance_silver', At ResourceLocation: JsonObject; At Ingredient: Unknown item 'spartanweaponry:lance_steel', At ResourceLocation: JsonObject; At Ingredient: Unknown item 'spartanweaponry:lance_bronze', At ResourceLocation: JsonObject; At Ingredient: Unknown item 'spartanweaponry:lance_tin', At ResourceLocation: JsonObject; At Ingredient: Unknown item 'spartanweaponry:lance_copper', At ResourceLocation: JsonObject; At Ingredient: Unknown item 'spartanweaponry:lance_netherite', At ResourceLocation: JsonObject; At Ingredient: Unknown item 'spartanweaponry:lance_diamond', At ResourceLocation: JsonObject; At Ingredient: Unknown item 'spartanweaponry:lance_gold', At ResourceLocation: JsonObject; At Ingredient: Unknown item 'spartanweaponry:lance_iron', At ResourceLocation: JsonObject; At Ingredient: Unknown item 'spartanweaponry:lance_stone', At ResourceLocation: JsonObject; At Ingredient: Unknown item 'spartanweaponry:lance_wood', At ResourceLocation: JsonObject; At Ingredient: Unknown item 'spartanweaponry:pike_lead', At ResourceLocation: JsonObject; At Ingredient: Unknown item 'spartanweaponry:pike_nickel', At ResourceLocation: JsonObject; At Ingredient: Unknown item 'spartanweaponry:pike_electrum', At ResourceLocation: JsonObject; At Ingredient: Unknown item 'spartanweaponry:pike_platinum', At ResourceLocation: JsonObject; At Ingredient: Unknown item 'spartanweaponry:pike_invar', At ResourceLocation: JsonObject; At Ingredient: Unknown item 'spartanweaponry:pike_silver', At ResourceLocation: JsonObject; At Ingredient: Unknown item 'spartanweaponry:pike_steel', At ResourceLocation: JsonObject; At Ingredient: Unknown item 'spartanweaponry:pike_bronze', At ResourceLocation: JsonObject; At Ingredient: Unknown item 'spartanweaponry:pike_tin', At ResourceLocation: JsonObject; At Ingredient: Unknown item 'spartanweaponry:pike_copper', At ResourceLocation: JsonObject; At Ingredient: Unknown item 'spartanweaponry:pike_netherite', At ResourceLocation: JsonObject; At Ingredient: Unknown item 'spartanweaponry:pike_diamond', At ResourceLocation: JsonObject; At Ingredient: Unknown item 'spartanweaponry:pike_gold', At ResourceLocation: JsonObject; At Ingredient: Unknown item 'spartanweaponry:pike_iron', At ResourceLocation: JsonObject; At Ingredient: Unknown item 'spartanweaponry:pike_stone', At ResourceLocation: JsonObject; At Ingredient: Unknown item 'spartanweaponry:pike_wood', At ResourceLocation: JsonObject; At Ingredient: Unknown item 'spartanweaponry:halberd_lead', At ResourceLocation: JsonObject; At Ingredient: Unknown item 'spartanweaponry:halberd_nickel', At ResourceLocation: JsonObject; At Ingredient: Unknown item 'spartanweaponry:halberd_electrum', At ResourceLocation: JsonObject; At Ingredient: Unknown item 'spartanweaponry:halberd_platinum', At ResourceLocation: JsonObject; At Ingredient: Unknown item 'spartanweaponry:halberd_invar', At ResourceLocation: JsonObject; At Ingredient: Unknown item 'spartanweaponry:halberd_silver', At ResourceLocation: JsonObject; At Ingredient: Unknown item 'spartanweaponry:halberd_steel', At ResourceLocation: JsonObject; At Ingredient: Unknown item 'spartanweaponry:halberd_bronze', At ResourceLocation: JsonObject; At Ingredient: Unknown item 'spartanweaponry:halberd_tin', At ResourceLocation: JsonObject; At Ingredient: Unknown item 'spartanweaponry:halberd_copper', At ResourceLocation: JsonObject; At Ingredient: Unknown item 'spartanweaponry:halberd_netherite', At ResourceLocation: JsonObject; At Ingredient: Unknown item 'spartanweaponry:halberd_diamond', At ResourceLocation: JsonObject; At Ingredient: Unknown item 'spartanweaponry:halberd_gold', At ResourceLocation: JsonObject; At Ingredient: Unknown item 'spartanweaponry:halberd_iron', At ResourceLocation: JsonObject; At Ingredient: Unknown item 'spartanweaponry:halberd_stone', At ResourceLocation: JsonObject; At Ingredient: Unknown item 'spartanweaponry:halberd_wood', At ResourceLocation: JsonObject; At Ingredient: Unknown item 'spartanweaponry:spear_lead', At ResourceLocation: JsonObject; At Ingredient: Unknown item 'spartanweaponry:spear_nickel', At ResourceLocation: JsonObject; At Ingredient: Unknown item 'spartanweaponry:spear_electrum', At ResourceLocation: JsonObject; At Ingredient: Unknown item 'spartanweaponry:spear_platinum', At ResourceLocation: JsonObject; At Ingredient: Unknown item 'spartanweaponry:spear_invar', At ResourceLocation: JsonObject; At Ingredient: Unknown item 'spartanweaponry:spear_silver', At ResourceLocation: JsonObject; At Ingredient: Unknown item 'spartanweaponry:spear_steel', At ResourceLocation: JsonObject; At Ingredient: Unknown item 'spartanweaponry:spear_bronze', At ResourceLocation: JsonObject; At Ingredient: Unknown item 'spartanweaponry:spear_tin', At ResourceLocation: JsonObject; At Ingredient: Unknown item 'spartanweaponry:spear_copper', At ResourceLocation: JsonObject; At Ingredient: Unknown item 'spartanweaponry:spear_netherite', At ResourceLocation: JsonObject; At Ingredient: Unknown item 'spartanweaponry:spear_diamond', At ResourceLocation: JsonObject; At Ingredient: Unknown item 'spartanweaponry:spear_gold', At ResourceLocation: JsonObject; At Ingredient: Unknown item 'spartanweaponry:spear_iron', At ResourceLocation: JsonObject; At Ingredient: Unknown item 'spartanweaponry:spear_stone', At ResourceLocation: JsonObject; At Ingredient: Unknown item 'spartanweaponry:spear_wood', At ResourceLocation: JsonObject; At Ingredient: Unknown item 'spartanweaponry:warhammer_lead', At ResourceLocation: JsonObject; At Ingredient: Unknown item 'spartanweaponry:warhammer_nickel', At ResourceLocation: JsonObject; At Ingredient: Unknown item 'spartanweaponry:warhammer_electrum', At ResourceLocation: JsonObject; At Ingredient: Unknown item 'spartanweaponry:warhammer_platinum', At ResourceLocation: JsonObject; At Ingredient: Unknown item 'spartanweaponry:warhammer_invar', At ResourceLocation: JsonObject; At Ingredient: Unknown item 'spartanweaponry:warhammer_silver', At ResourceLocation: JsonObject; At Ingredient: Unknown item 'spartanweaponry:warhammer_steel', At ResourceLocation: JsonObject; At Ingredient: Unknown item 'spartanweaponry:warhammer_bronze', At ResourceLocation: JsonObject; At Ingredient: Unknown item 'spartanweaponry:warhammer_tin', At ResourceLocation: JsonObject; At Ingredient: Unknown item 'spartanweaponry:warhammer_copper', At ResourceLocation: JsonObject; At Ingredient: Unknown item 'spartanweaponry:warhammer_netherite', At ResourceLocation: JsonObject; At Ingredient: Unknown item 'spartanweaponry:warhammer_diamond', At ResourceLocation: JsonObject; At Ingredient: Unknown item 'spartanweaponry:warhammer_gold', At ResourceLocation: JsonObject; At Ingredient: Unknown item 'spartanweaponry:warhammer_iron', At ResourceLocation: JsonObject; At Ingredient: Unknown item 'spartanweaponry:warhammer_stone', At ResourceLocation: JsonObject; At Ingredient: Unknown item 'spartanweaponry:warhammer_wood', At ResourceLocation: JsonObject; At Ingredient: Unknown item 'spartanweaponry:hammer_lead', At ResourceLocation: JsonObject; At Ingredient: Unknown item 'spartanweaponry:hammer_nickel', At ResourceLocation: JsonObject; At Ingredient: Unknown item 'spartanweaponry:hammer_electrum', At ResourceLocation: JsonObject; At Ingredient: Unknown item 'spartanweaponry:hammer_platinum', At ResourceLocation: JsonObject; At Ingredient: Unknown item 'spartanweaponry:hammer_invar', At ResourceLocation: JsonObject; At Ingredient: Unknown item 'spartanweaponry:hammer_silver', At ResourceLocation: JsonObject; At Ingredient: Unknown item 'spartanweaponry:hammer_steel', At ResourceLocation: JsonObject; At Ingredient: Unknown item 'spartanweaponry:hammer_bronze', At ResourceLocation: JsonObject; At Ingredient: Unknown item 'spartanweaponry:hammer_tin', At ResourceLocation: JsonObject; At Ingredient: Unknown item 'spartanweaponry:hammer_copper', At ResourceLocation: JsonObject; At Ingredient: Unknown item 'spartanweaponry:hammer_netherite', At ResourceLocation: JsonObject; At Ingredient: Unknown item 'spartanweaponry:hammer_diamond', At ResourceLocation: JsonObject; At Ingredient: Unknown item 'spartanweaponry:hammer_gold', At ResourceLocation: JsonObject; At Ingredient: Unknown item 'spartanweaponry:hammer_iron', At ResourceLocation: JsonObject; At Ingredient: Unknown item 'spartanweaponry:hammer_stone', At ResourceLocation: JsonObject; At Ingredient: Unknown item 'spartanweaponry:hammer_wood', At ResourceLocation: JsonObject; At Ingredient: Unknown item 'spartanweaponry:dagger_lead', At ResourceLocation: JsonObject; At Ingredient: Unknown item 'spartanweaponry:dagger_nickel', At ResourceLocation: JsonObject; At Ingredient: Unknown item 'spartanweaponry:dagger_electrum', At ResourceLocation: JsonObject; At Ingredient: Unknown item 'spartanweaponry:dagger_platinum', At ResourceLocation: JsonObject; At Ingredient: Unknown item 'spartanweaponry:dagger_invar', At ResourceLocation: JsonObject; At Ingredient: Unknown item 'spartanweaponry:dagger_silver', At ResourceLocation: JsonObject; At Ingredient: Unknown item 'spartanweaponry:dagger_steel', At ResourceLocation: JsonObject; At Ingredient: Unknown item 'spartanweaponry:dagger_bronze', At ResourceLocation: JsonObject; At Ingredient: Unknown item 'spartanweaponry:dagger_tin', At ResourceLocation: JsonObject; At Ingredient: Unknown item 'spartanweaponry:dagger_copper', At ResourceLocation: JsonObject; At Ingredient: Unknown item 'spartanweaponry:dagger_netherite', At ResourceLocation: JsonObject; At Ingredient: Unknown item 'spartanweaponry:dagger_diamond', At ResourceLocation: JsonObject; At Ingredient: Unknown item 'spartanweaponry:dagger_gold', At ResourceLocation: JsonObject; At Ingredient: Unknown item 'spartanweaponry:dagger_iron', At ResourceLocation: JsonObject; At Ingredient: Unknown item 'spartanweaponry:dagger_stone', At ResourceLocation: JsonObject; At Ingredient: Unknown item 'spartanweaponry:dagger_wood', At ResourceLocation: JsonObject, At ResourceLocation: JsonObject
[01Jul2025 20:09:47.438] [main/ERROR] [io.github.apace100.apoli.Apoli/]: Error loading power "arkwys:brute/piglin_neutrality": Unknown registry key: extraorigins:mob_neutrality
[01Jul2025 20:09:47.438] [main/ERROR] [io.github.apace100.apoli.Apoli/]: Loading for all instances of power arkwys:brute/piglin_neutrality failed.
[01Jul2025 20:09:47.438] [main/ERROR] [io.github.apace100.apoli.Apoli/]: Error loading power "strictly:sun_strength": Input does not contain a key [type]: MapLike[{"entity_action":{"type":"origins:apply_effect","effect":{"effect":"minecraft:strength","is_ambient":true,"show_particles":false,"show_icon":false,"amplifier":1,"duration":1000}},"interval":200}]
[01Jul2025 20:09:47.438] [main/ERROR] [io.github.apace100.apoli.Apoli/]: Loading for all instances of power strictly:sun_strength failed.
[01Jul2025 20:09:47.441] [main/ERROR] [io.github.apace100.apoli.Apoli/]: Error loading power "strictly:thick_fur_cont": At EntityType: Identifier "minecraft:tipped_arrow" was not registered in registry "minecraft:entity_type"., At ResourceLocation: JsonObject
[01Jul2025 20:09:47.441] [main/ERROR] [io.github.apace100.apoli.Apoli/]: Loading for all instances of power strictly:thick_fur_cont failed.
[01Jul2025 20:09:47.446] [main/WARN] [io.github.apace100.apoli.Apoli/]: Power "medievalorigins:elf/weak_melee_iceandfire" will only be partially loaded: At Ingredient: Unknown item 'iceandfire:troll_weapon_axe', At ResourceLocation: JsonObject; At Ingredient: Unknown item 'iceandfire:dragonsteel_lightning_axe', At ResourceLocation: JsonObject; At Ingredient: Unknown item 'iceandfire:dragonsteel_cold_axe', At ResourceLocation: JsonObject; At Ingredient: Unknown item 'iceandfire:dragonsteel_fire_axe', At ResourceLocation: JsonObject; At Ingredient: Unknown item 'iceandfire:myrmex_jungle_axe', At ResourceLocation: JsonObject; At Ingredient: Unknown item 'iceandfire:myrmex_desert_axe', At ResourceLocation: JsonObject; At Ingredient: Unknown item 'iceandfire:dragonbone_axe', At ResourceLocation: JsonObject; At Ingredient: Unknown item 'iceandfire:copper_axe', At ResourceLocation: JsonObject; At Ingredient: Unknown item 'iceandfire:silver_axe', At ResourceLocation: JsonObject, At ResourceLocation: JsonObject
[01Jul2025 20:09:47.465] [main/WARN] [io.github.apace100.apoli.Apoli/]: Power "arkwys:minotaur/axe_proficiency_spartanweaponry" will only be partially loaded: At Ingredient: Unknown item 'spartanweaponry:battleaxe_lead', At ResourceLocation: JsonObject; At Ingredient: Unknown item 'spartanweaponry:battleaxe_nickel', At ResourceLocation: JsonObject; At Ingredient: Unknown item 'spartanweaponry:battleaxe_electrum', At ResourceLocation: JsonObject; At Ingredient: Unknown item 'spartanweaponry:battleaxe_platinum', At ResourceLocation: JsonObject; At Ingredient: Unknown item 'spartanweaponry:battleaxe_invar', At ResourceLocation: JsonObject; At Ingredient: Unknown item 'spartanweaponry:battleaxe_silver', At ResourceLocation: JsonObject; At Ingredient: Unknown item 'spartanweaponry:battleaxe_steel', At ResourceLocation: JsonObject; At Ingredient: Unknown item 'spartanweaponry:battleaxe_bronze', At ResourceLocation: JsonObject; At Ingredient: Unknown item 'spartanweaponry:battleaxe_tin', At ResourceLocation: JsonObject; At Ingredient: Unknown item 'spartanweaponry:battleaxe_copper', At ResourceLocation: JsonObject; At Ingredient: Unknown item 'spartanweaponry:battleaxe_netherite', At ResourceLocation: JsonObject; At Ingredient: Unknown item 'spartanweaponry:battleaxe_diamond', At ResourceLocation: JsonObject; At Ingredient: Unknown item 'spartanweaponry:battleaxe_gold', At ResourceLocation: JsonObject; At Ingredient: Unknown item 'spartanweaponry:battleaxe_iron', At ResourceLocation: JsonObject; At Ingredient: Unknown item 'spartanweaponry:battleaxe_stone', At ResourceLocation: JsonObject; At Ingredient: Unknown item 'spartanweaponry:battleaxe_wood', At ResourceLocation: JsonObject; At Ingredient: Unknown item 'spartanweaponry:tomahawk_lead', At ResourceLocation: JsonObject; At Ingredient: Unknown item 'spartanweaponry:tomahawk_nickel', At ResourceLocation: JsonObject; At Ingredient: Unknown item 'spartanweaponry:tomahawk_electrum', At ResourceLocation: JsonObject; At Ingredient: Unknown item 'spartanweaponry:tomahawk_platinum', At ResourceLocation: JsonObject; At Ingredient: Unknown item 'spartanweaponry:tomahawk_invar', At ResourceLocation: JsonObject; At Ingredient: Unknown item 'spartanweaponry:tomahawk_silver', At ResourceLocation: JsonObject; At Ingredient: Unknown item 'spartanweaponry:tomahawk_steel', At ResourceLocation: JsonObject; At Ingredient: Unknown item 'spartanweaponry:tomahawk_bronze', At ResourceLocation: JsonObject; At Ingredient: Unknown item 'spartanweaponry:tomahawk_tin', At ResourceLocation: JsonObject; At Ingredient: Unknown item 'spartanweaponry:tomahawk_copper', At ResourceLocation: JsonObject; At Ingredient: Unknown item 'spartanweaponry:tomahawk_netherite', At ResourceLocation: JsonObject; At Ingredient: Unknown item 'spartanweaponry:tomahawk_diamond', At ResourceLocation: JsonObject; At Ingredient: Unknown item 'spartanweaponry:tomahawk_gold', At ResourceLocation: JsonObject; At Ingredient: Unknown item 'spartanweaponry:tomahawk_iron', At ResourceLocation: JsonObject; At Ingredient: Unknown item 'spartanweaponry:tomahawk_stone', At ResourceLocation: JsonObject; At Ingredient: Unknown item 'spartanweaponry:tomahawk_wood', At ResourceLocation: JsonObject; At Ingredient: Unknown item 'spartanweaponry:halberd_lead', At ResourceLocation: JsonObject; At Ingredient: Unknown item 'spartanweaponry:halberd_nickel', At ResourceLocation: JsonObject; At Ingredient: Unknown item 'spartanweaponry:halberd_electrum', At ResourceLocation: JsonObject; At Ingredient: Unknown item 'spartanweaponry:halberd_platinum', At ResourceLocation: JsonObject; At Ingredient: Unknown item 'spartanweaponry:halberd_invar', At ResourceLocation: JsonObject; At Ingredient: Unknown item 'spartanweaponry:halberd_silver', At ResourceLocation: JsonObject; At Ingredient: Unknown item 'spartanweaponry:halberd_steel', At ResourceLocation: JsonObject; At Ingredient: Unknown item 'spartanweaponry:halberd_bronze', At ResourceLocation: JsonObject; At Ingredient: Unknown item 'spartanweaponry:halberd_tin', At ResourceLocation: JsonObject; At Ingredient: Unknown item 'spartanweaponry:halberd_copper', At ResourceLocation: JsonObject; At Ingredient: Unknown item 'spartanweaponry:halberd_netherite', At ResourceLocation: JsonObject; At Ingredient: Unknown item 'spartanweaponry:halberd_diamond', At ResourceLocation: JsonObject; At Ingredient: Unknown item 'spartanweaponry:halberd_gold', At ResourceLocation: JsonObject; At Ingredient: Unknown item 'spartanweaponry:halberd_iron', At ResourceLocation: JsonObject; At Ingredient: Unknown item 'spartanweaponry:halberd_stone', At ResourceLocation: JsonObject; At Ingredient: Unknown item 'spartanweaponry:halberd_wood', At ResourceLocation: JsonObject, At ResourceLocation: JsonObject
[01Jul2025 20:09:47.477] [main/WARN] [io.github.apace100.apoli.Apoli/]: Power "strictly:spider_like" will only be partially loaded: Input does not contain a key [type]: MapLike[{"key":"key.jump","continuous":true}], At ResourceLocation: JsonObject
[01Jul2025 20:09:47.485] [main/WARN] [io.github.apace100.apoli.Apoli/]: Power "arkwys:demon/cursed_armor" will only be partially loaded: At Enchantment: Identifier "biomemakeover:buckling_curse" was not registered in registry "minecraft:enchantment"., At ResourceLocation: JsonObject; At Enchantment: Identifier "biomemakeover:inaccuracy_curse" was not registered in registry "minecraft:enchantment"., At ResourceLocation: JsonObject; At Enchantment: Identifier "biomemakeover:unwieldiness_curse" was not registered in registry "minecraft:enchantment"., At ResourceLocation: JsonObject; At Enchantment: Identifier "biomemakeover:suffocation_curse" was not registered in registry "minecraft:enchantment"., At ResourceLocation: JsonObject; At Enchantment: Identifier "biomemakeover:flammability_curse" was not registered in registry "minecraft:enchantment"., At ResourceLocation: JsonObject; At Enchantment: Identifier "biomemakeover:depth_curse" was not registered in registry "minecraft:enchantment"., At ResourceLocation: JsonObject; At Enchantment: Identifier "biomemakeover:enfeeblement_curse" was not registered in registry "minecraft:enchantment"., At ResourceLocation: JsonObject; At Enchantment: Identifier "biomemakeover:conductivity_curse" was not registered in registry "minecraft:enchantment"., At ResourceLocation: JsonObject; At Enchantment: Identifier "biomemakeover:insomnia_curse" was not registered in registry "minecraft:enchantment"., At ResourceLocation: JsonObject; At Enchantment: Identifier "biomemakeover:decay_curse" was not registered in registry "minecraft:enchantment"., At ResourceLocation: JsonObject, At ResourceLocation: JsonObject; At Enchantment: Identifier "biomemakeover:buckling_curse" was not registered in registry "minecraft:enchantment"., At ResourceLocation: JsonObject; At Enchantment: Identifier "biomemakeover:inaccuracy_curse" was not registered in registry "minecraft:enchantment"., At ResourceLocation: JsonObject; At Enchantment: Identifier "biomemakeover:unwieldiness_curse" was not registered in registry "minecraft:enchantment"., At ResourceLocation: JsonObject; At Enchantment: Identifier "biomemakeover:suffocation_curse" was not registered in registry "minecraft:enchantment"., At ResourceLocation: JsonObject; At Enchantment: Identifier "biomemakeover:flammability_curse" was not registered in registry "minecraft:enchantment"., At ResourceLocation: JsonObject; At Enchantment: Identifier "biomemakeover:depth_curse" was not registered in registry "minecraft:enchantment"., At ResourceLocation: JsonObject; At Enchantment: Identifier "biomemakeover:enfeeblement_curse" was not registered in registry "minecraft:enchantment"., At ResourceLocation: JsonObject; At Enchantment: Identifier "biomemakeover:conductivity_curse" was not registered in registry "minecraft:enchantment"., At ResourceLocation: JsonObject; At Enchantment: Identifier "biomemakeover:insomnia_curse" was not registered in registry "minecraft:enchantment"., At ResourceLocation: JsonObject; At Enchantment: Identifier "biomemakeover:decay_curse" was not registered in registry "minecraft:enchantment"., At ResourceLocation: JsonObject, At ResourceLocation: JsonObject; At Enchantment: Identifier "biomemakeover:buckling_curse" was not registered in registry "minecraft:enchantment"., At ResourceLocation: JsonObject; At Enchantment: Identifier "biomemakeover:inaccuracy_curse" was not registered in registry "minecraft:enchantment"., At ResourceLocation: JsonObject; At Enchantment: Identifier "biomemakeover:unwieldiness_curse" was not registered in registry "minecraft:enchantment"., At ResourceLocation: JsonObject; At Enchantment: Identifier "biomemakeover:suffocation_curse" was not registered in registry "minecraft:enchantment"., At ResourceLocation: JsonObject; At Enchantment: Identifier "biomemakeover:flammability_curse" was not registered in registry "minecraft:enchantment"., At ResourceLocation: JsonObject; At Enchantment: Identifier "biomemakeover:depth_curse" was not registered in registry "minecraft:enchantment"., At ResourceLocation: JsonObject; At Enchantment: Identifier "biomemakeover:enfeeblement_curse" was not registered in registry "minecraft:enchantment"., At ResourceLocation: JsonObject; At Enchantment: Identifier "biomemakeover:conductivity_curse" was not registered in registry "minecraft:enchantment"., At ResourceLocation: JsonObject; At Enchantment: Identifier "biomemakeover:insomnia_curse" was not registered in registry "minecraft:enchantment"., At ResourceLocation: JsonObject; At Enchantment: Identifier "biomemakeover:decay_curse" was not registered in registry "minecraft:enchantment"., At ResourceLocation: JsonObject, At ResourceLocation: JsonObject; At Enchantment: Identifier "biomemakeover:buckling_curse" was not registered in registry "minecraft:enchantment"., At ResourceLocation: JsonObject; At Enchantment: Identifier "biomemakeover:inaccuracy_curse" was not registered in registry "minecraft:enchantment"., At ResourceLocation: JsonObject; At Enchantment: Identifier "biomemakeover:unwieldiness_curse" was not registered in registry "minecraft:enchantment"., At ResourceLocation: JsonObject; At Enchantment: Identifier "biomemakeover:suffocation_curse" was not registered in registry "minecraft:enchantment"., At ResourceLocation: JsonObject; At Enchantment: Identifier "biomemakeover:flammability_curse" was not registered in registry "minecraft:enchantment"., At ResourceLocation: JsonObject; At Enchantment: Identifier "biomemakeover:depth_curse" was not registered in registry "minecraft:enchantment"., At ResourceLocation: JsonObject; At Enchantment: Identifier "biomemakeover:enfeeblement_curse" was not registered in registry "minecraft:enchantment"., At ResourceLocation: JsonObject; At Enchantment: Identifier "biomemakeover:conductivity_curse" was not registered in registry "minecraft:enchantment"., At ResourceLocation: JsonObject; At Enchantment: Identifier "biomemakeover:insomnia_curse" was not registered in registry "minecraft:enchantment"., At ResourceLocation: JsonObject; At Enchantment: Identifier "biomemakeover:decay_curse" was not registered in registry "minecraft:enchantment"., At ResourceLocation: JsonObject, At ResourceLocation: JsonObject
[01Jul2025 20:09:47.491] [main/WARN] [io.github.apace100.apoli.Apoli/]: Power "strictly:skofnung" will only be partially loaded: At Item: Identifier "pmmo_xp_bottles:endurance" was not registered in registry "minecraft:item"., At ResourceLocation: JsonObject, At ResourceLocation: JsonObject
[01Jul2025 20:09:47.507] [main/WARN] [io.github.apace100.apoli.Apoli/]: Power "medievalorigins:knight/skilled_swordsman" will only be partially loaded: At Ingredient: Unknown item 'iceandfire:ghost_sword', At ResourceLocation: JsonObject; At Ingredient: Unknown item 'iceandfire:dread_queen_sword', At ResourceLocation: JsonObject; At Ingredient: Unknown item 'iceandfire:dread_kinght_sword', At ResourceLocation: JsonObject; At Ingredient: Unknown item 'iceandfire:dread_sword', At ResourceLocation: JsonObject; At Ingredient: Unknown item 'iceandfire:dragonsteel_lightning_sword', At ResourceLocation: JsonObject; At Ingredient: Unknown item 'iceandfire:dragonsteel_ice_sword', At ResourceLocation: JsonObject; At Ingredient: Unknown item 'iceandfire:dragonsteel_fire_sword', At ResourceLocation: JsonObject; At Ingredient: Unknown item 'iceandfire:myrmex_jungle_sword_venom', At ResourceLocation: JsonObject; At Ingredient: Unknown item 'iceandfire:myrmex_jungle_sword', At ResourceLocation: JsonObject; At Ingredient: Unknown item 'iceandfire:myrmex_desert_sword_venom', At ResourceLocation: JsonObject; At Ingredient: Unknown item 'iceandfire:myrmex_desert_sword', At ResourceLocation: JsonObject; At Ingredient: Unknown item 'iceandfire:hippogryph_sword', At ResourceLocation: JsonObject; At Ingredient: Unknown item 'iceandfire:dragonbone_sword_ice', At ResourceLocation: JsonObject; At Ingredient: Unknown item 'iceandfire:dragonbone_sword_fire', At ResourceLocation: JsonObject; At Ingredient: Unknown item 'iceandfire:dragonbone_sword', At ResourceLocation: JsonObject; At Ingredient: Unknown item 'iceandfire:copper_sword', At ResourceLocation: JsonObject; At Ingredient: Unknown item 'iceandfire:silver_sword', At ResourceLocation: JsonObject; At Ingredient: Unknown item 'dungeons_gear:rapier', At ResourceLocation: JsonObject; At Ingredient: Unknown item 'dungeons_gear:frost_slayer', At ResourceLocation: JsonObject; At Ingredient: Unknown item 'dungeons_gear:heartstealer', At ResourceLocation: JsonObject; At Ingredient: Unknown item 'dungeons_gear:broadsword', At ResourceLocation: JsonObject; At Ingredient: Unknown item 'dungeons_gear:claymore', At ResourceLocation: JsonObject; At Ingredient: Unknown item 'dungeons_gear:truthseeker', At ResourceLocation: JsonObject; At Ingredient: Unknown item 'dungeons_gear:masters_katana', At ResourceLocation: JsonObject; At Ingredient: Unknown item 'dungeons_gear:dark_katana', At ResourceLocation: JsonObject; At Ingredient: Unknown item 'dungeons_gear:katana', At ResourceLocation: JsonObject; At Ingredient: Unknown item 'dungeons_gear:sinister_sword', At ResourceLocation: JsonObject; At Ingredient: Unknown item 'dungeons_gear:hawkbrand', At ResourceLocation: JsonObject; At Ingredient: Unknown item 'dungeons_gear:diamond_sword', At ResourceLocation: JsonObject; At Ingredient: Unknown item 'dungeons_gear:gold_sword', At ResourceLocation: JsonObject; At Ingredient: Unknown item 'dungeons_gear:stone_sword', At ResourceLocation: JsonObject; At Ingredient: Unknown item 'dungeons_gear:sword', At ResourceLocation: JsonObject; At Ingredient: Unknown item 'dungeons_gear:nameless_blade', At ResourceLocation: JsonObject; At Ingredient: Unknown item 'dungeons_gear:cutlass', At ResourceLocation: JsonObject; At Ingredient: Unknown item 'dungeons_gear:freezing_foil', At ResourceLocation: JsonObject; At Ingredient: Unknown item 'dungeons_gear:bee_stinger', At ResourceLocation: JsonObject; At Ingredient: Unknown item 'dungeons_gear:rapier', At ResourceLocation: JsonObject, At ResourceLocation: JsonObject
[01Jul2025 20:09:47.528] [main/WARN] [io.github.apace100.apoli.Apoli/]: Power "medievalorigins:elf/weak_swords_spartanweaponry" will only be partially loaded: At Ingredient: Unknown item 'spartanweaponry:greatsword_lead', At ResourceLocation: JsonObject; At Ingredient: Unknown item 'spartanweaponry:greatsword_nickel', At ResourceLocation: JsonObject; At Ingredient: Unknown item 'spartanweaponry:greatsword_electrum', At ResourceLocation: JsonObject; At Ingredient: Unknown item 'spartanweaponry:greatsword_platinum', At ResourceLocation: JsonObject; At Ingredient: Unknown item 'spartanweaponry:greatsword_invar', At ResourceLocation: JsonObject; At Ingredient: Unknown item 'spartanweaponry:greatsword_silver', At ResourceLocation: JsonObject; At Ingredient: Unknown item 'spartanweaponry:greatsword_steel', At ResourceLocation: JsonObject; At Ingredient: Unknown item 'spartanweaponry:greatsword_bronze', At ResourceLocation: JsonObject; At Ingredient: Unknown item 'spartanweaponry:greatsword_tin', At ResourceLocation: JsonObject; At Ingredient: Unknown item 'spartanweaponry:greatsword_copper', At ResourceLocation: JsonObject; At Ingredient: Unknown item 'spartanweaponry:greatsword_netherite', At ResourceLocation: JsonObject; At Ingredient: Unknown item 'spartanweaponry:greatsword_diamond', At ResourceLocation: JsonObject; At Ingredient: Unknown item 'spartanweaponry:greatsword_gold', At ResourceLocation: JsonObject; At Ingredient: Unknown item 'spartanweaponry:greatsword_iron', At ResourceLocation: JsonObject; At Ingredient: Unknown item 'spartanweaponry:greatsword_stone', At ResourceLocation: JsonObject; At Ingredient: Unknown item 'spartanweaponry:greatsword_wood', At ResourceLocation: JsonObject; At Ingredient: Unknown item 'spartanweaponry:rapier_lead', At ResourceLocation: JsonObject; At Ingredient: Unknown item 'spartanweaponry:rapier_nickel', At ResourceLocation: JsonObject; At Ingredient: Unknown item 'spartanweaponry:rapier_electrum', At ResourceLocation: JsonObject; At Ingredient: Unknown item 'spartanweaponry:rapier_platinum', At ResourceLocation: JsonObject; At Ingredient: Unknown item 'spartanweaponry:rapier_invar', At ResourceLocation: JsonObject; At Ingredient: Unknown item 'spartanweaponry:rapier_silver', At ResourceLocation: JsonObject; At Ingredient: Unknown item 'spartanweaponry:rapier_steel', At ResourceLocation: JsonObject; At Ingredient: Unknown item 'spartanweaponry:rapier_bronze', At ResourceLocation: JsonObject; At Ingredient: Unknown item 'spartanweaponry:rapier_tin', At ResourceLocation: JsonObject; At Ingredient: Unknown item 'spartanweaponry:rapier_copper', At ResourceLocation: JsonObject; At Ingredient: Unknown item 'spartanweaponry:rapier_netherite', At ResourceLocation: JsonObject; At Ingredient: Unknown item 'spartanweaponry:rapier_diamond', At ResourceLocation: JsonObject; At Ingredient: Unknown item 'spartanweaponry:rapier_gold', At ResourceLocation: JsonObject; At Ingredient: Unknown item 'spartanweaponry:rapier_iron', At ResourceLocation: JsonObject; At Ingredient: Unknown item 'spartanweaponry:rapier_stone', At ResourceLocation: JsonObject; At Ingredient: Unknown item 'spartanweaponry:rapier_wood', At ResourceLocation: JsonObject; At Ingredient: Unknown item 'spartanweaponry:saber_lead', At ResourceLocation: JsonObject; At Ingredient: Unknown item 'spartanweaponry:saber_nickel', At ResourceLocation: JsonObject; At Ingredient: Unknown item 'spartanweaponry:saber_electrum', At ResourceLocation: JsonObject; At Ingredient: Unknown item 'spartanweaponry:saber_platinum', At ResourceLocation: JsonObject; At Ingredient: Unknown item 'spartanweaponry:saber_invar', At ResourceLocation: JsonObject; At Ingredient: Unknown item 'spartanweaponry:saber_silver', At ResourceLocation: JsonObject; At Ingredient: Unknown item 'spartanweaponry:saber_steel', At ResourceLocation: JsonObject; At Ingredient: Unknown item 'spartanweaponry:saber_bronze', At ResourceLocation: JsonObject; At Ingredient: Unknown item 'spartanweaponry:saber_tin', At ResourceLocation: JsonObject; At Ingredient: Unknown item 'spartanweaponry:saber_copper', At ResourceLocation: JsonObject; At Ingredient: Unknown item 'spartanweaponry:saber_netherite', At ResourceLocation: JsonObject; At Ingredient: Unknown item 'spartanweaponry:saber_diamond', At ResourceLocation: JsonObject; At Ingredient: Unknown item 'spartanweaponry:saber_gold', At ResourceLocation: JsonObject; At Ingredient: Unknown item 'spartanweaponry:saber_iron', At ResourceLocation: JsonObject; At Ingredient: Unknown item 'spartanweaponry:saber_stone', At ResourceLocation: JsonObject; At Ingredient: Unknown item 'spartanweaponry:saber_wood', At ResourceLocation: JsonObject; At Ingredient: Unknown item 'spartanweaponry:katana_lead', At ResourceLocation: JsonObject; At Ingredient: Unknown item 'spartanweaponry:katana_nickel', At ResourceLocation: JsonObject; At Ingredient: Unknown item 'spartanweaponry:katana_electrum', At ResourceLocation: JsonObject; At Ingredient: Unknown item 'spartanweaponry:katana_platinum', At ResourceLocation: JsonObject; At Ingredient: Unknown item 'spartanweaponry:katana_invar', At ResourceLocation: JsonObject; At Ingredient: Unknown item 'spartanweaponry:katana_silver', At ResourceLocation: JsonObject; At Ingredient: Unknown item 'spartanweaponry:katana_steel', At ResourceLocation: JsonObject; At Ingredient: Unknown item 'spartanweaponry:katana_bronze', At ResourceLocation: JsonObject; At Ingredient: Unknown item 'spartanweaponry:katana_tin', At ResourceLocation: JsonObject; At Ingredient: Unknown item 'spartanweaponry:katana_copper', At ResourceLocation: JsonObject; At Ingredient: Unknown item 'spartanweaponry:katana_netherite', At ResourceLocation: JsonObject; At Ingredient: Unknown item 'spartanweaponry:katana_diamond', At ResourceLocation: JsonObject; At Ingredient: Unknown item 'spartanweaponry:katana_gold', At ResourceLocation: JsonObject; At Ingredient: Unknown item 'spartanweaponry:katana_iron', At ResourceLocation: JsonObject; At Ingredient: Unknown item 'spartanweaponry:katana_stone', At ResourceLocation: JsonObject; At Ingredient: Unknown item 'spartanweaponry:katana_wood', At ResourceLocation: JsonObject; At Ingredient: Unknown item 'spartanweaponry:longsword_lead', At ResourceLocation: JsonObject; At Ingredient: Unknown item 'spartanweaponry:longsword_nickel', At ResourceLocation: JsonObject; At Ingredient: Unknown item 'spartanweaponry:longsword_electrum', At ResourceLocation: JsonObject; At Ingredient: Unknown item 'spartanweaponry:longsword_platinum', At ResourceLocation: JsonObject; At Ingredient: Unknown item 'spartanweaponry:longsword_invar', At ResourceLocation: JsonObject; At Ingredient: Unknown item 'spartanweaponry:longsword_silver', At ResourceLocation: JsonObject; At Ingredient: Unknown item 'spartanweaponry:longsword_steel', At ResourceLocation: JsonObject; At Ingredient: Unknown item 'spartanweaponry:longsword_bronze', At ResourceLocation: JsonObject; At Ingredient: Unknown item 'spartanweaponry:longsword_tin', At ResourceLocation: JsonObject; At Ingredient: Unknown item 'spartanweaponry:longsword_copper', At ResourceLocation: JsonObject; At Ingredient: Unknown item 'spartanweaponry:longsword_netherite', At ResourceLocation: JsonObject; At Ingredient: Unknown item 'spartanweaponry:longsword_diamond', At ResourceLocation: JsonObject; At Ingredient: Unknown item 'spartanweaponry:longsword_gold', At ResourceLocation: JsonObject; At Ingredient: Unknown item 'spartanweaponry:longsword_iron', At ResourceLocation: JsonObject; At Ingredient: Unknown item 'spartanweaponry:longsword_stone', At ResourceLocation: JsonObject; At Ingredient: Unknown item 'spartanweaponry:longsword_wood', At ResourceLocation: JsonObject, At ResourceLocation: JsonObject
[01Jul2025 20:09:47.532] [main/WARN] [io.github.apace100.apoli.Apoli/]: Power "medievalorigins:gorgon/silver_aversion_iceandfire" will only be partially loaded: At Ingredient: Unknown item 'iceandfire:armor_silver_metal_boots', At ResourceLocation: JsonObject, At ResourceLocation: JsonObject; At Ingredient: Unknown item 'iceandfire:armor_silver_metal_leggings', At ResourceLocation: JsonObject, At ResourceLocation: JsonObject; At Ingredient: Unknown item 'iceandfire:armor_silver_metal_chestplate', At ResourceLocation: JsonObject, At ResourceLocation: JsonObject; At Ingredient: Unknown item 'iceandfire:armor_silver_metal_helmets', At ResourceLocation: JsonObject, At ResourceLocation: JsonObject
[01Jul2025 20:09:47.552] [main/WARN] [io.github.apace100.apoli.Apoli/]: Power "medievalorigins:paladin/weak_swords_spartanweaponry" will only be partially loaded: At Ingredient: Unknown item 'spartanweaponry:greatsword_lead', At ResourceLocation: JsonObject; At Ingredient: Unknown item 'spartanweaponry:greatsword_nickel', At ResourceLocation: JsonObject; At Ingredient: Unknown item 'spartanweaponry:greatsword_electrum', At ResourceLocation: JsonObject; At Ingredient: Unknown item 'spartanweaponry:greatsword_platinum', At ResourceLocation: JsonObject; At Ingredient: Unknown item 'spartanweaponry:greatsword_invar', At ResourceLocation: JsonObject; At Ingredient: Unknown item 'spartanweaponry:greatsword_silver', At ResourceLocation: JsonObject; At Ingredient: Unknown item 'spartanweaponry:greatsword_steel', At ResourceLocation: JsonObject; At Ingredient: Unknown item 'spartanweaponry:greatsword_bronze', At ResourceLocation: JsonObject; At Ingredient: Unknown item 'spartanweaponry:greatsword_tin', At ResourceLocation: JsonObject; At Ingredient: Unknown item 'spartanweaponry:greatsword_copper', At ResourceLocation: JsonObject; At Ingredient: Unknown item 'spartanweaponry:greatsword_netherite', At ResourceLocation: JsonObject; At Ingredient: Unknown item 'spartanweaponry:greatsword_diamond', At ResourceLocation: JsonObject; At Ingredient: Unknown item 'spartanweaponry:greatsword_gold', At ResourceLocation: JsonObject; At Ingredient: Unknown item 'spartanweaponry:greatsword_iron', At ResourceLocation: JsonObject; At Ingredient: Unknown item 'spartanweaponry:greatsword_stone', At ResourceLocation: JsonObject; At Ingredient: Unknown item 'spartanweaponry:greatsword_wood', At ResourceLocation: JsonObject; At Ingredient: Unknown item 'spartanweaponry:rapier_lead', At ResourceLocation: JsonObject; At Ingredient: Unknown item 'spartanweaponry:rapier_nickel', At ResourceLocation: JsonObject; At Ingredient: Unknown item 'spartanweaponry:rapier_electrum', At ResourceLocation: JsonObject; At Ingredient: Unknown item 'spartanweaponry:rapier_platinum', At ResourceLocation: JsonObject; At Ingredient: Unknown item 'spartanweaponry:rapier_invar', At ResourceLocation: JsonObject; At Ingredient: Unknown item 'spartanweaponry:rapier_silver', At ResourceLocation: JsonObject; At Ingredient: Unknown item 'spartanweaponry:rapier_steel', At ResourceLocation: JsonObject; At Ingredient: Unknown item 'spartanweaponry:rapier_bronze', At ResourceLocation: JsonObject; At Ingredient: Unknown item 'spartanweaponry:rapier_tin', At ResourceLocation: JsonObject; At Ingredient: Unknown item 'spartanweaponry:rapier_copper', At ResourceLocation: JsonObject; At Ingredient: Unknown item 'spartanweaponry:rapier_netherite', At ResourceLocation: JsonObject; At Ingredient: Unknown item 'spartanweaponry:rapier_diamond', At ResourceLocation: JsonObject; At Ingredient: Unknown item 'spartanweaponry:rapier_gold', At ResourceLocation: JsonObject; At Ingredient: Unknown item 'spartanweaponry:rapier_iron', At ResourceLocation: JsonObject; At Ingredient: Unknown item 'spartanweaponry:rapier_stone', At ResourceLocation: JsonObject; At Ingredient: Unknown item 'spartanweaponry:rapier_wood', At ResourceLocation: JsonObject; At Ingredient: Unknown item 'spartanweaponry:saber_lead', At ResourceLocation: JsonObject; At Ingredient: Unknown item 'spartanweaponry:saber_nickel', At ResourceLocation: JsonObject; At Ingredient: Unknown item 'spartanweaponry:saber_electrum', At ResourceLocation: JsonObject; At Ingredient: Unknown item 'spartanweaponry:saber_platinum', At ResourceLocation: JsonObject; At Ingredient: Unknown item 'spartanweaponry:saber_invar', At ResourceLocation: JsonObject; At Ingredient: Unknown item 'spartanweaponry:saber_silver', At ResourceLocation: JsonObject; At Ingredient: Unknown item 'spartanweaponry:saber_steel', At ResourceLocation: JsonObject; At Ingredient: Unknown item 'spartanweaponry:saber_bronze', At ResourceLocation: JsonObject; At Ingredient: Unknown item 'spartanweaponry:saber_tin', At ResourceLocation: JsonObject; At Ingredient: Unknown item 'spartanweaponry:saber_copper', At ResourceLocation: JsonObject; At Ingredient: Unknown item 'spartanweaponry:saber_netherite', At ResourceLocation: JsonObject; At Ingredient: Unknown item 'spartanweaponry:saber_diamond', At ResourceLocation: JsonObject; At Ingredient: Unknown item 'spartanweaponry:saber_gold', At ResourceLocation: JsonObject; At Ingredient: Unknown item 'spartanweaponry:saber_iron', At ResourceLocation: JsonObject; At Ingredient: Unknown item 'spartanweaponry:saber_stone', At ResourceLocation: JsonObject; At Ingredient: Unknown item 'spartanweaponry:saber_wood', At ResourceLocation: JsonObject; At Ingredient: Unknown item 'spartanweaponry:katana_lead', At ResourceLocation: JsonObject; At Ingredient: Unknown item 'spartanweaponry:katana_nickel', At ResourceLocation: JsonObject; At Ingredient: Unknown item 'spartanweaponry:katana_electrum', At ResourceLocation: JsonObject; At Ingredient: Unknown item 'spartanweaponry:katana_platinum', At ResourceLocation: JsonObject; At Ingredient: Unknown item 'spartanweaponry:katana_invar', At ResourceLocation: JsonObject; At Ingredient: Unknown item 'spartanweaponry:katana_silver', At ResourceLocation: JsonObject; At Ingredient: Unknown item 'spartanweaponry:katana_steel', At ResourceLocation: JsonObject; At Ingredient: Unknown item 'spartanweaponry:katana_bronze', At ResourceLocation: JsonObject; At Ingredient: Unknown item 'spartanweaponry:katana_tin', At ResourceLocation: JsonObject; At Ingredient: Unknown item 'spartanweaponry:katana_copper', At ResourceLocation: JsonObject; At Ingredient: Unknown item 'spartanweaponry:katana_netherite', At ResourceLocation: JsonObject; At Ingredient: Unknown item 'spartanweaponry:katana_diamond', At ResourceLocation: JsonObject; At Ingredient: Unknown item 'spartanweaponry:katana_gold', At ResourceLocation: JsonObject; At Ingredient: Unknown item 'spartanweaponry:katana_iron', At ResourceLocation: JsonObject; At Ingredient: Unknown item 'spartanweaponry:katana_stone', At ResourceLocation: JsonObject; At Ingredient: Unknown item 'spartanweaponry:katana_wood', At ResourceLocation: JsonObject; At Ingredient: Unknown item 'spartanweaponry:longsword_lead', At ResourceLocation: JsonObject; At Ingredient: Unknown item 'spartanweaponry:longsword_nickel', At ResourceLocation: JsonObject; At Ingredient: Unknown item 'spartanweaponry:longsword_electrum', At ResourceLocation: JsonObject; At Ingredient: Unknown item 'spartanweaponry:longsword_platinum', At ResourceLocation: JsonObject; At Ingredient: Unknown item 'spartanweaponry:longsword_invar', At ResourceLocation: JsonObject; At Ingredient: Unknown item 'spartanweaponry:longsword_silver', At ResourceLocation: JsonObject; At Ingredient: Unknown item 'spartanweaponry:longsword_steel', At ResourceLocation: JsonObject; At Ingredient: Unknown item 'spartanweaponry:longsword_bronze', At ResourceLocation: JsonObject; At Ingredient: Unknown item 'spartanweaponry:longsword_tin', At ResourceLocation: JsonObject; At Ingredient: Unknown item 'spartanweaponry:longsword_copper', At ResourceLocation: JsonObject; At Ingredient: Unknown item 'spartanweaponry:longsword_netherite', At ResourceLocation: JsonObject; At Ingredient: Unknown item 'spartanweaponry:longsword_diamond', At ResourceLocation: JsonObject; At Ingredient: Unknown item 'spartanweaponry:longsword_gold', At ResourceLocation: JsonObject; At Ingredient: Unknown item 'spartanweaponry:longsword_iron', At ResourceLocation: JsonObject; At Ingredient: Unknown item 'spartanweaponry:longsword_stone', At ResourceLocation: JsonObject; At Ingredient: Unknown item 'spartanweaponry:longsword_wood', At ResourceLocation: JsonObject, At ResourceLocation: JsonObject
[01Jul2025 20:09:47.553] [main/WARN] [io.github.apace100.apoli.Apoli/]: Power "strictly:skull_wand" will only be partially loaded: At Item: Identifier "orcz:skullwand" was not registered in registry "minecraft:item"., At ResourceLocation: JsonObject, At ResourceLocation: JsonObject
[01Jul2025 20:09:47.562] [main/WARN] [io.github.apace100.apoli.Apoli/]: Power "medievalorigins:goblin/greedy_dungeons_gear" will only be partially loaded: Failed to read fields: At Ingredient: Unknown item 'dungeons_gear:suns_grace', At ResourceLocation: JsonObject; At Ingredient: Unknown item 'dungeons_gear:firebrand', At ResourceLocation: JsonObject; At Ingredient: Unknown item 'dungeons_gear:gold_axe', At ResourceLocation: JsonObject; At Ingredient: Unknown item 'dungeons_gear:gold_sword', At ResourceLocation: JsonObject, At ResourceLocation: JsonObject
[01Jul2025 20:09:47.574] [main/WARN] [io.github.apace100.apoli.Apoli/]: Power "medievalorigins:knight/melee4ever_spartanweaponry" will only be partially loaded: At Ingredient: Unknown item 'spartanweaponry:boomerang_lead', At ResourceLocation: JsonObject; At Ingredient: Unknown item 'spartanweaponry:boomerang_nickel', At ResourceLocation: JsonObject; At Ingredient: Unknown item 'spartanweaponry:boomerang_electrum', At ResourceLocation: JsonObject; At Ingredient: Unknown item 'spartanweaponry:boomerang_platinum', At ResourceLocation: JsonObject; At Ingredient: Unknown item 'spartanweaponry:boomerang_invar', At ResourceLocation: JsonObject; At Ingredient: Unknown item 'spartanweaponry:boomerang_silver', At ResourceLocation: JsonObject; At Ingredient: Unknown item 'spartanweaponry:boomerang_steel', At ResourceLocation: JsonObject; At Ingredient: Unknown item 'spartanweaponry:boomerang_bronze', At ResourceLocation: JsonObject; At Ingredient: Unknown item 'spartanweaponry:boomerang_tin', At ResourceLocation: JsonObject; At Ingredient: Unknown item 'spartanweaponry:boomerang_copper', At ResourceLocation: JsonObject; At Ingredient: Unknown item 'spartanweaponry:boomerang_netherite', At ResourceLocation: JsonObject; At Ingredient: Unknown item 'spartanweaponry:boomerang_diamond', At ResourceLocation: JsonObject; At Ingredient: Unknown item 'spartanweaponry:boomerang_gold', At ResourceLocation: JsonObject; At Ingredient: Unknown item 'spartanweaponry:boomerang_iron', At ResourceLocation: JsonObject; At Ingredient: Unknown item 'spartanweaponry:boomerang_stone', At ResourceLocation: JsonObject; At Ingredient: Unknown item 'spartanweaponry:boomerang_wood', At ResourceLocation: JsonObject; At Ingredient: Unknown item 'spartanweaponry:heavy_crossbow_lead', At ResourceLocation: JsonObject; At Ingredient: Unknown item 'spartanweaponry:heavy_crossbow_nickel', At ResourceLocation: JsonObject; At Ingredient: Unknown item 'spartanweaponry:heavy_crossbow_electrum', At ResourceLocation: JsonObject; At Ingredient: Unknown item 'spartanweaponry:heavy_crossbow_platinum', At ResourceLocation: JsonObject; At Ingredient: Unknown item 'spartanweaponry:heavy_crossbow_invar', At ResourceLocation: JsonObject; At Ingredient: Unknown item 'spartanweaponry:heavy_crossbow_silver', At ResourceLocation: JsonObject; At Ingredient: Unknown item 'spartanweaponry:heavy_crossbow_steel', At ResourceLocation: JsonObject; At Ingredient: Unknown item 'spartanweaponry:heavy_crossbow_bronze', At ResourceLocation: JsonObject; At Ingredient: Unknown item 'spartanweaponry:heavy_crossbow_tin', At ResourceLocation: JsonObject; At Ingredient: Unknown item 'spartanweaponry:heavy_crossbow_copper', At ResourceLocation: JsonObject; At Ingredient: Unknown item 'spartanweaponry:heavy_crossbow_netherite', At ResourceLocation: JsonObject; At Ingredient: Unknown item 'spartanweaponry:heavy_crossbow_diamond', At ResourceLocation: JsonObject; At Ingredient: Unknown item 'spartanweaponry:heavy_crossbow_gold', At ResourceLocation: JsonObject; At Ingredient: Unknown item 'spartanweaponry:heavy_crossbow_iron', At ResourceLocation: JsonObject; At Ingredient: Unknown item 'spartanweaponry:heavy_crossbow_leather', At ResourceLocation: JsonObject; At Ingredient: Unknown item 'spartanweaponry:heavy_crossbow_wood', At ResourceLocation: JsonObject; At Ingredient: Unknown item 'spartanweaponry:longbow_lead', At ResourceLocation: JsonObject; At Ingredient: Unknown item 'spartanweaponry:longbow_nickel', At ResourceLocation: JsonObject; At Ingredient: Unknown item 'spartanweaponry:longbow_electrum', At ResourceLocation: JsonObject; At Ingredient: Unknown item 'spartanweaponry:longbow_platinum', At ResourceLocation: JsonObject; At Ingredient: Unknown item 'spartanweaponry:longbow_invar', At ResourceLocation: JsonObject; At Ingredient: Unknown item 'spartanweaponry:longbow_silver', At ResourceLocation: JsonObject; At Ingredient: Unknown item 'spartanweaponry:longbow_steel', At ResourceLocation: JsonObject; At Ingredient: Unknown item 'spartanweaponry:longbow_bronze', At ResourceLocation: JsonObject; At Ingredient: Unknown item 'spartanweaponry:longbow_tin', At ResourceLocation: JsonObject; At Ingredient: Unknown item 'spartanweaponry:longbow_copper', At ResourceLocation: JsonObject; At Ingredient: Unknown item 'spartanweaponry:longbow_netherite', At ResourceLocation: JsonObject; At Ingredient: Unknown item 'spartanweaponry:longbow_diamond', At ResourceLocation: JsonObject; At Ingredient: Unknown item 'spartanweaponry:longbow_gold', At ResourceLocation: JsonObject; At Ingredient: Unknown item 'spartanweaponry:longbow_iron', At ResourceLocation: JsonObject; At Ingredient: Unknown item 'spartanweaponry:longbow_leather', At ResourceLocation: JsonObject; At Ingredient: Unknown item 'spartanweaponry:longbow_wood', At ResourceLocation: JsonObject, At ResourceLocation: JsonObject
[01Jul2025 20:09:47.581] [main/WARN] [io.github.apace100.apoli.Apoli/]: Power "medievalorigins:werewolf/silver_aversion_werewolf_iceandfire" will only be partially loaded: At Ingredient: Unknown item 'iceandfire:armor_silver_metal_boots', At ResourceLocation: JsonObject, At ResourceLocation: JsonObject; At Ingredient: Unknown item 'iceandfire:armor_silver_metal_leggings', At ResourceLocation: JsonObject, At ResourceLocation: JsonObject; At Ingredient: Unknown item 'iceandfire:armor_silver_metal_chestplate', At ResourceLocation: JsonObject, At ResourceLocation: JsonObject; At Ingredient: Unknown item 'iceandfire:armor_silver_metal_helmets', At ResourceLocation: JsonObject, At ResourceLocation: JsonObject
[01Jul2025 20:09:47.597] [main/WARN] [io.github.apace100.apoli.Apoli/]: Power "medievalorigins:knight/skilled_swordsman_iceandfire" will only be partially loaded: At Ingredient: Unknown item 'iceandfire:ghost_sword', At ResourceLocation: JsonObject; At Ingredient: Unknown item 'iceandfire:dread_queen_sword', At ResourceLocation: JsonObject; At Ingredient: Unknown item 'iceandfire:dread_kinght_sword', At ResourceLocation: JsonObject; At Ingredient: Unknown item 'iceandfire:dread_sword', At ResourceLocation: JsonObject; At Ingredient: Unknown item 'iceandfire:dragonsteel_lightning_sword', At ResourceLocation: JsonObject; At Ingredient: Unknown item 'iceandfire:dragonsteel_ice_sword', At ResourceLocation: JsonObject; At Ingredient: Unknown item 'iceandfire:dragonsteel_fire_sword', At ResourceLocation: JsonObject; At Ingredient: Unknown item 'iceandfire:myrmex_jungle_sword_venom', At ResourceLocation: JsonObject; At Ingredient: Unknown item 'iceandfire:myrmex_jungle_sword', At ResourceLocation: JsonObject; At Ingredient: Unknown item 'iceandfire:myrmex_desert_sword_venom', At ResourceLocation: JsonObject; At Ingredient: Unknown item 'iceandfire:myrmex_desert_sword', At ResourceLocation: JsonObject; At Ingredient: Unknown item 'iceandfire:hippogryph_sword', At ResourceLocation: JsonObject; At Ingredient: Unknown item 'iceandfire:dragonbone_sword_ice', At ResourceLocation: JsonObject; At Ingredient: Unknown item 'iceandfire:dragonbone_sword_fire', At ResourceLocation: JsonObject; At Ingredient: Unknown item 'iceandfire:dragonbone_sword', At ResourceLocation: JsonObject; At Ingredient: Unknown item 'iceandfire:copper_sword', At ResourceLocation: JsonObject; At Ingredient: Unknown item 'iceandfire:silver_sword', At ResourceLocation: JsonObject, At ResourceLocation: JsonObject
[01Jul2025 20:09:47.607] [main/WARN] [io.github.apace100.apoli.Apoli/]: Power "medievalorigins:paladin/holy_instruments_iceandfire" will only be partially loaded: At Ingredient: Unknown item 'iceandfire:troll_weapon_axe', At ResourceLocation: JsonObject; At Ingredient: Unknown item 'iceandfire:dragonsteel_lightning_axe', At ResourceLocation: JsonObject; At Ingredient: Unknown item 'iceandfire:dragonsteel_cold_axe', At ResourceLocation: JsonObject; At Ingredient: Unknown item 'iceandfire:dragonsteel_fire_axe', At ResourceLocation: JsonObject; At Ingredient: Unknown item 'iceandfire:myrmex_jungle_axe', At ResourceLocation: JsonObject; At Ingredient: Unknown item 'iceandfire:myrmex_desert_axe', At ResourceLocation: JsonObject; At Ingredient: Unknown item 'iceandfire:dragonbone_axe', At ResourceLocation: JsonObject; At Ingredient: Unknown item 'iceandfire:copper_axe', At ResourceLocation: JsonObject; At Ingredient: Unknown item 'iceandfire:silver_axe', At ResourceLocation: JsonObject, At ResourceLocation: JsonObject
[01Jul2025 20:09:47.623] [main/WARN] [io.github.apace100.apoli.Apoli/]: Power "medievalorigins:paladin/holy_instruments_spartanweaponry" will only be partially loaded: At Ingredient: Unknown item 'spartanweaponry:battleaxe_lead', At ResourceLocation: JsonObject; At Ingredient: Unknown item 'spartanweaponry:battleaxe_nickel', At ResourceLocation: JsonObject; At Ingredient: Unknown item 'spartanweaponry:battleaxe_electrum', At ResourceLocation: JsonObject; At Ingredient: Unknown item 'spartanweaponry:battleaxe_platinum', At ResourceLocation: JsonObject; At Ingredient: Unknown item 'spartanweaponry:battleaxe_invar', At ResourceLocation: JsonObject; At Ingredient: Unknown item 'spartanweaponry:battleaxe_silver', At ResourceLocation: JsonObject; At Ingredient: Unknown item 'spartanweaponry:battleaxe_steel', At ResourceLocation: JsonObject; At Ingredient: Unknown item 'spartanweaponry:battleaxe_bronze', At ResourceLocation: JsonObject; At Ingredient: Unknown item 'spartanweaponry:battleaxe_tin', At ResourceLocation: JsonObject; At Ingredient: Unknown item 'spartanweaponry:battleaxe_copper', At ResourceLocation: JsonObject; At Ingredient: Unknown item 'spartanweaponry:battleaxe_netherite', At ResourceLocation: JsonObject; At Ingredient: Unknown item 'spartanweaponry:battleaxe_diamond', At ResourceLocation: JsonObject; At Ingredient: Unknown item 'spartanweaponry:battleaxe_gold', At ResourceLocation: JsonObject; At Ingredient: Unknown item 'spartanweaponry:battleaxe_iron', At ResourceLocation: JsonObject; At Ingredient: Unknown item 'spartanweaponry:battleaxe_stone', At ResourceLocation: JsonObject; At Ingredient: Unknown item 'spartanweaponry:battleaxe_wood', At ResourceLocation: JsonObject; At Ingredient: Unknown item 'spartanweaponry:tomahawk_lead', At ResourceLocation: JsonObject; At Ingredient: Unknown item 'spartanweaponry:tomahawk_nickel', At ResourceLocation: JsonObject; At Ingredient: Unknown item 'spartanweaponry:tomahawk_electrum', At ResourceLocation: JsonObject; At Ingredient: Unknown item 'spartanweaponry:tomahawk_platinum', At ResourceLocation: JsonObject; At Ingredient: Unknown item 'spartanweaponry:tomahawk_invar', At ResourceLocation: JsonObject; At Ingredient: Unknown item 'spartanweaponry:tomahawk_silver', At ResourceLocation: JsonObject; At Ingredient: Unknown item 'spartanweaponry:tomahawk_steel', At ResourceLocation: JsonObject; At Ingredient: Unknown item 'spartanweaponry:tomahawk_bronze', At ResourceLocation: JsonObject; At Ingredient: Unknown item 'spartanweaponry:tomahawk_tin', At ResourceLocation: JsonObject; At Ingredient: Unknown item 'spartanweaponry:tomahawk_copper', At ResourceLocation: JsonObject; At Ingredient: Unknown item 'spartanweaponry:tomahawk_netherite', At ResourceLocation: JsonObject; At Ingredient: Unknown item 'spartanweaponry:tomahawk_diamond', At ResourceLocation: JsonObject; At Ingredient: Unknown item 'spartanweaponry:tomahawk_gold', At ResourceLocation: JsonObject; At Ingredient: Unknown item 'spartanweaponry:tomahawk_iron', At ResourceLocation: JsonObject; At Ingredient: Unknown item 'spartanweaponry:tomahawk_stone', At ResourceLocation: JsonObject; At Ingredient: Unknown item 'spartanweaponry:tomahawk_wood', At ResourceLocation: JsonObject; At Ingredient: Unknown item 'spartanweaponry:halberd_lead', At ResourceLocation: JsonObject; At Ingredient: Unknown item 'spartanweaponry:halberd_nickel', At ResourceLocation: JsonObject; At Ingredient: Unknown item 'spartanweaponry:halberd_electrum', At ResourceLocation: JsonObject; At Ingredient: Unknown item 'spartanweaponry:halberd_platinum', At ResourceLocation: JsonObject; At Ingredient: Unknown item 'spartanweaponry:halberd_invar', At ResourceLocation: JsonObject; At Ingredient: Unknown item 'spartanweaponry:halberd_silver', At ResourceLocation: JsonObject; At Ingredient: Unknown item 'spartanweaponry:halberd_steel', At ResourceLocation: JsonObject; At Ingredient: Unknown item 'spartanweaponry:halberd_bronze', At ResourceLocation: JsonObject; At Ingredient: Unknown item 'spartanweaponry:halberd_tin', At ResourceLocation: JsonObject; At Ingredient: Unknown item 'spartanweaponry:halberd_copper', At ResourceLocation: JsonObject; At Ingredient: Unknown item 'spartanweaponry:halberd_netherite', At ResourceLocation: JsonObject; At Ingredient: Unknown item 'spartanweaponry:halberd_diamond', At ResourceLocation: JsonObject; At Ingredient: Unknown item 'spartanweaponry:halberd_gold', At ResourceLocation: JsonObject; At Ingredient: Unknown item 'spartanweaponry:halberd_iron', At ResourceLocation: JsonObject; At Ingredient: Unknown item 'spartanweaponry:halberd_stone', At ResourceLocation: JsonObject; At Ingredient: Unknown item 'spartanweaponry:halberd_wood', At ResourceLocation: JsonObject, At ResourceLocation: JsonObject
[01Jul2025 20:09:47.695] [main/WARN] [io.github.apace100.apoli.Apoli/]: Power "arkwys:woodelf/weak_melee_spartanweaponry" will only be partially loaded: At Ingredient: Unknown item 'spartanweaponry:greatsword_lead', At ResourceLocation: JsonObject; At Ingredient: Unknown item 'spartanweaponry:greatsword_nickel', At ResourceLocation: JsonObject; At Ingredient: Unknown item 'spartanweaponry:greatsword_electrum', At ResourceLocation: JsonObject; At Ingredient: Unknown item 'spartanweaponry:greatsword_platinum', At ResourceLocation: JsonObject; At Ingredient: Unknown item 'spartanweaponry:greatsword_invar', At ResourceLocation: JsonObject; At Ingredient: Unknown item 'spartanweaponry:greatsword_silver', At ResourceLocation: JsonObject; At Ingredient: Unknown item 'spartanweaponry:greatsword_steel', At ResourceLocation: JsonObject; At Ingredient: Unknown item 'spartanweaponry:greatsword_bronze', At ResourceLocation: JsonObject; At Ingredient: Unknown item 'spartanweaponry:greatsword_tin', At ResourceLocation: JsonObject; At Ingredient: Unknown item 'spartanweaponry:greatsword_copper', At ResourceLocation: JsonObject; At Ingredient: Unknown item 'spartanweaponry:greatsword_netherite', At ResourceLocation: JsonObject; At Ingredient: Unknown item 'spartanweaponry:greatsword_diamond', At ResourceLocation: JsonObject; At Ingredient: Unknown item 'spartanweaponry:greatsword_gold', At ResourceLocation: JsonObject; At Ingredient: Unknown item 'spartanweaponry:greatsword_iron', At ResourceLocation: JsonObject; At Ingredient: Unknown item 'spartanweaponry:greatsword_stone', At ResourceLocation: JsonObject; At Ingredient: Unknown item 'spartanweaponry:greatsword_wood', At ResourceLocation: JsonObject; At Ingredient: Unknown item 'spartanweaponry:rapier_lead', At ResourceLocation: JsonObject; At Ingredient: Unknown item 'spartanweaponry:rapier_nickel', At ResourceLocation: JsonObject; At Ingredient: Unknown item 'spartanweaponry:rapier_electrum', At ResourceLocation: JsonObject; At Ingredient: Unknown item 'spartanweaponry:rapier_platinum', At ResourceLocation: JsonObject; At Ingredient: Unknown item 'spartanweaponry:rapier_invar', At ResourceLocation: JsonObject; At Ingredient: Unknown item 'spartanweaponry:rapier_silver', At ResourceLocation: JsonObject; At Ingredient: Unknown item 'spartanweaponry:rapier_steel', At ResourceLocation: JsonObject; At Ingredient: Unknown item 'spartanweaponry:rapier_bronze', At ResourceLocation: JsonObject; At Ingredient: Unknown item 'spartanweaponry:rapier_tin', At ResourceLocation: JsonObject; At Ingredient: Unknown item 'spartanweaponry:rapier_copper', At ResourceLocation: JsonObject; At Ingredient: Unknown item 'spartanweaponry:rapier_netherite', At ResourceLocation: JsonObject; At Ingredient: Unknown item 'spartanweaponry:rapier_diamond', At ResourceLocation: JsonObject; At Ingredient: Unknown item 'spartanweaponry:rapier_gold', At ResourceLocation: JsonObject; At Ingredient: Unknown item 'spartanweaponry:rapier_iron', At ResourceLocation: JsonObject; At Ingredient: Unknown item 'spartanweaponry:rapier_stone', At ResourceLocation: JsonObject; At Ingredient: Unknown item 'spartanweaponry:rapier_wood', At ResourceLocation: JsonObject; At Ingredient: Unknown item 'spartanweaponry:saber_lead', At ResourceLocation: JsonObject; At Ingredient: Unknown item 'spartanweaponry:saber_nickel', At ResourceLocation: JsonObject; At Ingredient: Unknown item 'spartanweaponry:saber_electrum', At ResourceLocation: JsonObject; At Ingredient: Unknown item 'spartanweaponry:saber_platinum', At ResourceLocation: JsonObject; At Ingredient: Unknown item 'spartanweaponry:saber_invar', At ResourceLocation: JsonObject; At Ingredient: Unknown item 'spartanweaponry:saber_silver', At ResourceLocation: JsonObject; At Ingredient: Unknown item 'spartanweaponry:saber_steel', At ResourceLocation: JsonObject; At Ingredient: Unknown item 'spartanweaponry:saber_bronze', At ResourceLocation: JsonObject; At Ingredient: Unknown item 'spartanweaponry:saber_tin', At ResourceLocation: JsonObject; At Ingredient: Unknown item 'spartanweaponry:saber_copper', At ResourceLocation: JsonObject; At Ingredient: Unknown item 'spartanweaponry:saber_netherite', At ResourceLocation: JsonObject; At Ingredient: Unknown item 'spartanweaponry:saber_diamond', At ResourceLocation: JsonObject; At Ingredient: Unknown item 'spartanweaponry:saber_gold', At ResourceLocation: JsonObject; At Ingredient: Unknown item 'spartanweaponry:saber_iron', At ResourceLocation: JsonObject; At Ingredient: Unknown item 'spartanweaponry:saber_stone', At ResourceLocation: JsonObject; At Ingredient: Unknown item 'spartanweaponry:saber_wood', At ResourceLocation: JsonObject; At Ingredient: Unknown item 'spartanweaponry:katana_lead', At ResourceLocation: JsonObject; At Ingredient: Unknown item 'spartanweaponry:katana_nickel', At ResourceLocation: JsonObject; At Ingredient: Unknown item 'spartanweaponry:katana_electrum', At ResourceLocation: JsonObject; At Ingredient: Unknown item 'spartanweaponry:katana_platinum', At ResourceLocation: JsonObject; At Ingredient: Unknown item 'spartanweaponry:katana_invar', At ResourceLocation: JsonObject; At Ingredient: Unknown item 'spartanweaponry:katana_silver', At ResourceLocation: JsonObject; At Ingredient: Unknown item 'spartanweaponry:katana_steel', At ResourceLocation: JsonObject; At Ingredient: Unknown item 'spartanweaponry:katana_bronze', At ResourceLocation: JsonObject; At Ingredient: Unknown item 'spartanweaponry:katana_tin', At ResourceLocation: JsonObject; At Ingredient: Unknown item 'spartanweaponry:katana_copper', At ResourceLocation: JsonObject; At Ingredient: Unknown item 'spartanweaponry:katana_netherite', At ResourceLocation: JsonObject; At Ingredient: Unknown item 'spartanweaponry:katana_diamond', At ResourceLocation: JsonObject; At Ingredient: Unknown item 'spartanweaponry:katana_gold', At ResourceLocation: JsonObject; At Ingredient: Unknown item 'spartanweaponry:katana_iron', At ResourceLocation: JsonObject; At Ingredient: Unknown item 'spartanweaponry:katana_stone', At ResourceLocation: JsonObject; At Ingredient: Unknown item 'spartanweaponry:katana_wood', At ResourceLocation: JsonObject; At Ingredient: Unknown item 'spartanweaponry:longsword_lead', At ResourceLocation: JsonObject; At Ingredient: Unknown item 'spartanweaponry:longsword_nickel', At ResourceLocation: JsonObject; At Ingredient: Unknown item 'spartanweaponry:longsword_electrum', At ResourceLocation: JsonObject; At Ingredient: Unknown item 'spartanweaponry:longsword_platinum', At ResourceLocation: JsonObject; At Ingredient: Unknown item 'spartanweaponry:longsword_invar', At ResourceLocation: JsonObject; At Ingredient: Unknown item 'spartanweaponry:longsword_silver', At ResourceLocation: JsonObject; At Ingredient: Unknown item 'spartanweaponry:longsword_steel', At ResourceLocation: JsonObject; At Ingredient: Unknown item 'spartanweaponry:longsword_bronze', At ResourceLocation: JsonObject; At Ingredient: Unknown item 'spartanweaponry:longsword_tin', At ResourceLocation: JsonObject; At Ingredient: Unknown item 'spartanweaponry:longsword_copper', At ResourceLocation: JsonObject; At Ingredient: Unknown item 'spartanweaponry:longsword_netherite', At ResourceLocation: JsonObject; At Ingredient: Unknown item 'spartanweaponry:longsword_diamond', At ResourceLocation: JsonObject; At Ingredient: Unknown item 'spartanweaponry:longsword_gold', At ResourceLocation: JsonObject; At Ingredient: Unknown item 'spartanweaponry:longsword_iron', At ResourceLocation: JsonObject; At Ingredient: Unknown item 'spartanweaponry:longsword_stone', At ResourceLocation: JsonObject; At Ingredient: Unknown item 'spartanweaponry:longsword_wood', At ResourceLocation: JsonObject; At Ingredient: Unknown item 'spartanweaponry:quarterstaff_lead', At ResourceLocation: JsonObject; At Ingredient: Unknown item 'spartanweaponry:quarterstaff_nickel', At ResourceLocation: JsonObject; At Ingredient: Unknown item 'spartanweaponry:quarterstaff_electrum', At ResourceLocation: JsonObject; At Ingredient: Unknown item 'spartanweaponry:quarterstaff_platinum', At ResourceLocation: JsonObject; At Ingredient: Unknown item 'spartanweaponry:quarterstaff_invar', At ResourceLocation: JsonObject; At Ingredient: Unknown item 'spartanweaponry:quarterstaff_silver', At ResourceLocation: JsonObject; At Ingredient: Unknown item 'spartanweaponry:quarterstaff_steel', At ResourceLocation: JsonObject; At Ingredient: Unknown item 'spartanweaponry:quarterstaff_bronze', At ResourceLocation: JsonObject; At Ingredient: Unknown item 'spartanweaponry:quarterstaff_tin', At ResourceLocation: JsonObject; At Ingredient: Unknown item 'spartanweaponry:quarterstaff_copper', At ResourceLocation: JsonObject; At Ingredient: Unknown item 'spartanweaponry:quarterstaff_netherite', At ResourceLocation: JsonObject; At Ingredient: Unknown item 'spartanweaponry:quarterstaff_diamond', At ResourceLocation: JsonObject; At Ingredient: Unknown item 'spartanweaponry:quarterstaff_gold', At ResourceLocation: JsonObject; At Ingredient: Unknown item 'spartanweaponry:quarterstaff_iron', At ResourceLocation: JsonObject; At Ingredient: Unknown item 'spartanweaponry:quarterstaff_stone', At ResourceLocation: JsonObject; At Ingredient: Unknown item 'spartanweaponry:quarterstaff_wood', At ResourceLocation: JsonObject; At Ingredient: Unknown item 'spartanweaponry:glaive_lead', At ResourceLocation: JsonObject; At Ingredient: Unknown item 'spartanweaponry:glaive_nickel', At ResourceLocation: JsonObject; At Ingredient: Unknown item 'spartanweaponry:glaive_electrum', At ResourceLocation: JsonObject; At Ingredient: Unknown item 'spartanweaponry:glaive_platinum', At ResourceLocation: JsonObject; At Ingredient: Unknown item 'spartanweaponry:glaive_invar', At ResourceLocation: JsonObject; At Ingredient: Unknown item 'spartanweaponry:glaive_silver', At ResourceLocation: JsonObject; At Ingredient: Unknown item 'spartanweaponry:glaive_steel', At ResourceLocation: JsonObject; At Ingredient: Unknown item 'spartanweaponry:glaive_bronze', At ResourceLocation: JsonObject; At Ingredient: Unknown item 'spartanweaponry:glaive_tin', At ResourceLocation: JsonObject; At Ingredient: Unknown item 'spartanweaponry:glaive_copper', At ResourceLocation: JsonObject; At Ingredient: Unknown item 'spartanweaponry:glaive_netherite', At ResourceLocation: JsonObject; At Ingredient: Unknown item 'spartanweaponry:glaive_diamond', At ResourceLocation: JsonObject; At Ingredient: Unknown item 'spartanweaponry:glaive_gold', At ResourceLocation: JsonObject; At Ingredient: Unknown item 'spartanweaponry:glaive_iron', At ResourceLocation: JsonObject; At Ingredient: Unknown item 'spartanweaponry:glaive_stone', At ResourceLocation: JsonObject; At Ingredient: Unknown item 'spartanweaponry:glaive_wood', At ResourceLocation: JsonObject; At Ingredient: Unknown item 'spartanweaponry:flanged_mace_lead', At ResourceLocation: JsonObject; At Ingredient: Unknown item 'spartanweaponry:flanged_mace_nickel', At ResourceLocation: JsonObject; At Ingredient: Unknown item 'spartanweaponry:flanged_mace_electrum', At ResourceLocation: JsonObject; At Ingredient: Unknown item 'spartanweaponry:flanged_mace_platinum', At ResourceLocation: JsonObject; At Ingredient: Unknown item 'spartanweaponry:flanged_mace_invar', At ResourceLocation: JsonObject; At Ingredient: Unknown item 'spartanweaponry:flanged_mace_silver', At ResourceLocation: JsonObject; At Ingredient: Unknown item 'spartanweaponry:flanged_mace_steel', At ResourceLocation: JsonObject; At Ingredient: Unknown item 'spartanweaponry:flanged_mace_bronze', At ResourceLocation: JsonObject; At Ingredient: Unknown item 'spartanweaponry:flanged_mace_tin', At ResourceLocation: JsonObject; At Ingredient: Unknown item 'spartanweaponry:flanged_mace_copper', At ResourceLocation: JsonObject; At Ingredient: Unknown item 'spartanweaponry:flanged_mace_netherite', At ResourceLocation: JsonObject; At Ingredient: Unknown item 'spartanweaponry:flanged_mace_diamond', At ResourceLocation: JsonObject; At Ingredient: Unknown item 'spartanweaponry:flanged_mace_gold', At ResourceLocation: JsonObject; At Ingredient: Unknown item 'spartanweaponry:flanged_mace_iron', At ResourceLocation: JsonObject; At Ingredient: Unknown item 'spartanweaponry:flanged_mace_stone', At ResourceLocation: JsonObject; At Ingredient: Unknown item 'spartanweaponry:flanged_mace_wood', At ResourceLocation: JsonObject; At Ingredient: Unknown item 'spartanweaponry:battleaxe_lead', At ResourceLocation: JsonObject; At Ingredient: Unknown item 'spartanweaponry:battleaxe_nickel', At ResourceLocation: JsonObject; At Ingredient: Unknown item 'spartanweaponry:battleaxe_electrum', At ResourceLocation: JsonObject; At Ingredient: Unknown item 'spartanweaponry:battleaxe_platinum', At ResourceLocation: JsonObject; At Ingredient: Unknown item 'spartanweaponry:battleaxe_invar', At ResourceLocation: JsonObject; At Ingredient: Unknown item 'spartanweaponry:battleaxe_silver', At ResourceLocation: JsonObject; At Ingredient: Unknown item 'spartanweaponry:battleaxe_steel', At ResourceLocation: JsonObject; At Ingredient: Unknown item 'spartanweaponry:battleaxe_bronze', At ResourceLocation: JsonObject; At Ingredient: Unknown item 'spartanweaponry:battleaxe_tin', At ResourceLocation: JsonObject; At Ingredient: Unknown item 'spartanweaponry:battleaxe_copper', At ResourceLocation: JsonObject; At Ingredient: Unknown item 'spartanweaponry:battleaxe_netherite', At ResourceLocation: JsonObject; At Ingredient: Unknown item 'spartanweaponry:battleaxe_diamond', At ResourceLocation: JsonObject; At Ingredient: Unknown item 'spartanweaponry:battleaxe_gold', At ResourceLocation: JsonObject; At Ingredient: Unknown item 'spartanweaponry:battleaxe_iron', At ResourceLocation: JsonObject; At Ingredient: Unknown item 'spartanweaponry:battleaxe_stone', At ResourceLocation: JsonObject; At Ingredient: Unknown item 'spartanweaponry:battleaxe_wood', At ResourceLocation: JsonObject; At Ingredient: Unknown item 'spartanweaponry:javelin_lead', At ResourceLocation: JsonObject; At Ingredient: Unknown item 'spartanweaponry:javelin_nickel', At ResourceLocation: JsonObject; At Ingredient: Unknown item 'spartanweaponry:javelin_electrum', At ResourceLocation: JsonObject; At Ingredient: Unknown item 'spartanweaponry:javelin_platinum', At ResourceLocation: JsonObject; At Ingredient: Unknown item 'spartanweaponry:javelin_invar', At ResourceLocation: JsonObject; At Ingredient: Unknown item 'spartanweaponry:javelin_silver', At ResourceLocation: JsonObject; At Ingredient: Unknown item 'spartanweaponry:javelin_steel', At ResourceLocation: JsonObject; At Ingredient: Unknown item 'spartanweaponry:javelin_bronze', At ResourceLocation: JsonObject; At Ingredient: Unknown item 'spartanweaponry:javelin_tin', At ResourceLocation: JsonObject; At Ingredient: Unknown item 'spartanweaponry:javelin_copper', At ResourceLocation: JsonObject; At Ingredient: Unknown item 'spartanweaponry:javelin_netherite', At ResourceLocation: JsonObject; At Ingredient: Unknown item 'spartanweaponry:javelin_diamond', At ResourceLocation: JsonObject; At Ingredient: Unknown item 'spartanweaponry:javelin_gold', At ResourceLocation: JsonObject; At Ingredient: Unknown item 'spartanweaponry:javelin_iron', At ResourceLocation: JsonObject; At Ingredient: Unknown item 'spartanweaponry:javelin_stone', At ResourceLocation: JsonObject; At Ingredient: Unknown item 'spartanweaponry:javelin_wood', At ResourceLocation: JsonObject; At Ingredient: Unknown item 'spartanweaponry:tomahawk_lead', At ResourceLocation: JsonObject; At Ingredient: Unknown item 'spartanweaponry:tomahawk_nickel', At ResourceLocation: JsonObject; At Ingredient: Unknown item 'spartanweaponry:tomahawk_electrum', At ResourceLocation: JsonObject; At Ingredient: Unknown item 'spartanweaponry:tomahawk_platinum', At ResourceLocation: JsonObject; At Ingredient: Unknown item 'spartanweaponry:tomahawk_invar', At ResourceLocation: JsonObject; At Ingredient: Unknown item 'spartanweaponry:tomahawk_silver', At ResourceLocation: JsonObject; At Ingredient: Unknown item 'spartanweaponry:tomahawk_steel', At ResourceLocation: JsonObject; At Ingredient: Unknown item 'spartanweaponry:tomahawk_bronze', At ResourceLocation: JsonObject; At Ingredient: Unknown item 'spartanweaponry:tomahawk_tin', At ResourceLocation: JsonObject; At Ingredient: Unknown item 'spartanweaponry:tomahawk_copper', At ResourceLocation: JsonObject; At Ingredient: Unknown item 'spartanweaponry:tomahawk_netherite', At ResourceLocation: JsonObject; At Ingredient: Unknown item 'spartanweaponry:tomahawk_diamond', At ResourceLocation: JsonObject; At Ingredient: Unknown item 'spartanweaponry:tomahawk_gold', At ResourceLocation: JsonObject; At Ingredient: Unknown item 'spartanweaponry:tomahawk_iron', At ResourceLocation: JsonObject; At Ingredient: Unknown item 'spartanweaponry:tomahawk_stone', At ResourceLocation: JsonObject; At Ingredient: Unknown item 'spartanweaponry:tomahawk_wood', At ResourceLocation: JsonObject; At Ingredient: Unknown item 'spartanweaponry:throwing_knife_lead', At ResourceLocation: JsonObject; At Ingredient: Unknown item 'spartanweaponry:throwing_knife_nickel', At ResourceLocation: JsonObject; At Ingredient: Unknown item 'spartanweaponry:throwing_knife_electrum', At ResourceLocation: JsonObject; At Ingredient: Unknown item 'spartanweaponry:throwing_knife_platinum', At ResourceLocation: JsonObject; At Ingredient: Unknown item 'spartanweaponry:throwing_knife_invar', At ResourceLocation: JsonObject; At Ingredient: Unknown item 'spartanweaponry:throwing_knife_silver', At ResourceLocation: JsonObject; At Ingredient: Unknown item 'spartanweaponry:throwing_knife_steel', At ResourceLocation: JsonObject; At Ingredient: Unknown item 'spartanweaponry:throwing_knife_bronze', At ResourceLocation: JsonObject; At Ingredient: Unknown item 'spartanweaponry:throwing_knife_tin', At ResourceLocation: JsonObject; At Ingredient: Unknown item 'spartanweaponry:throwing_knife_copper', At ResourceLocation: JsonObject; At Ingredient: Unknown item 'spartanweaponry:throwing_knife_netherite', At ResourceLocation: JsonObject; At Ingredient: Unknown item 'spartanweaponry:throwing_knife_diamond', At ResourceLocation: JsonObject; At Ingredient: Unknown item 'spartanweaponry:throwing_knife_gold', At ResourceLocation: JsonObject; At Ingredient: Unknown item 'spartanweaponry:throwing_knife_iron', At ResourceLocation: JsonObject; At Ingredient: Unknown item 'spartanweaponry:throwing_knife_stone', At ResourceLocation: JsonObject; At Ingredient: Unknown item 'spartanweaponry:throwing_knife_wood', At ResourceLocation: JsonObject; At Ingredient: Unknown item 'spartanweaponry:lance_lead', At ResourceLocation: JsonObject; At Ingredient: Unknown item 'spartanweaponry:lance_nickel', At ResourceLocation: JsonObject; At Ingredient: Unknown item 'spartanweaponry:lance_electrum', At ResourceLocation: JsonObject; At Ingredient: Unknown item 'spartanweaponry:lance_platinum', At ResourceLocation: JsonObject; At Ingredient: Unknown item 'spartanweaponry:lance_invar', At ResourceLocation: JsonObject; At Ingredient: Unknown item 'spartanweaponry:lance_silver', At ResourceLocation: JsonObject; At Ingredient: Unknown item 'spartanweaponry:lance_steel', At ResourceLocation: JsonObject; At Ingredient: Unknown item 'spartanweaponry:lance_bronze', At ResourceLocation: JsonObject; At Ingredient: Unknown item 'spartanweaponry:lance_tin', At ResourceLocation: JsonObject; At Ingredient: Unknown item 'spartanweaponry:lance_copper', At ResourceLocation: JsonObject; At Ingredient: Unknown item 'spartanweaponry:lance_netherite', At ResourceLocation: JsonObject; At Ingredient: Unknown item 'spartanweaponry:lance_diamond', At ResourceLocation: JsonObject; At Ingredient: Unknown item 'spartanweaponry:lance_gold', At ResourceLocation: JsonObject; At Ingredient: Unknown item 'spartanweaponry:lance_iron', At ResourceLocation: JsonObject; At Ingredient: Unknown item 'spartanweaponry:lance_stone', At ResourceLocation: JsonObject; At Ingredient: Unknown item 'spartanweaponry:lance_wood', At ResourceLocation: JsonObject; At Ingredient: Unknown item 'spartanweaponry:pike_lead', At ResourceLocation: JsonObject; At Ingredient: Unknown item 'spartanweaponry:pike_nickel', At ResourceLocation: JsonObject; At Ingredient: Unknown item 'spartanweaponry:pike_electrum', At ResourceLocation: JsonObject; At Ingredient: Unknown item 'spartanweaponry:pike_platinum', At ResourceLocation: JsonObject; At Ingredient: Unknown item 'spartanweaponry:pike_invar', At ResourceLocation: JsonObject; At Ingredient: Unknown item 'spartanweaponry:pike_silver', At ResourceLocation: JsonObject; At Ingredient: Unknown item 'spartanweaponry:pike_steel', At ResourceLocation: JsonObject; At Ingredient: Unknown item 'spartanweaponry:pike_bronze', At ResourceLocation: JsonObject; At Ingredient: Unknown item 'spartanweaponry:pike_tin', At ResourceLocation: JsonObject; At Ingredient: Unknown item 'spartanweaponry:pike_copper', At ResourceLocation: JsonObject; At Ingredient: Unknown item 'spartanweaponry:pike_netherite', At ResourceLocation: JsonObject; At Ingredient: Unknown item 'spartanweaponry:pike_diamond', At ResourceLocation: JsonObject; At Ingredient: Unknown item 'spartanweaponry:pike_gold', At ResourceLocation: JsonObject; At Ingredient: Unknown item 'spartanweaponry:pike_iron', At ResourceLocation: JsonObject; At Ingredient: Unknown item 'spartanweaponry:pike_stone', At ResourceLocation: JsonObject; At Ingredient: Unknown item 'spartanweaponry:pike_wood', At ResourceLocation: JsonObject; At Ingredient: Unknown item 'spartanweaponry:halberd_lead', At ResourceLocation: JsonObject; At Ingredient: Unknown item 'spartanweaponry:halberd_nickel', At ResourceLocation: JsonObject; At Ingredient: Unknown item 'spartanweaponry:halberd_electrum', At ResourceLocation: JsonObject; At Ingredient: Unknown item 'spartanweaponry:halberd_platinum', At ResourceLocation: JsonObject; At Ingredient: Unknown item 'spartanweaponry:halberd_invar', At ResourceLocation: JsonObject; At Ingredient: Unknown item 'spartanweaponry:halberd_silver', At ResourceLocation: JsonObject; At Ingredient: Unknown item 'spartanweaponry:halberd_steel', At ResourceLocation: JsonObject; At Ingredient: Unknown item 'spartanweaponry:halberd_bronze', At ResourceLocation: JsonObject; At Ingredient: Unknown item 'spartanweaponry:halberd_tin', At ResourceLocation: JsonObject; At Ingredient: Unknown item 'spartanweaponry:halberd_copper', At ResourceLocation: JsonObject; At Ingredient: Unknown item 'spartanweaponry:halberd_netherite', At ResourceLocation: JsonObject; At Ingredient: Unknown item 'spartanweaponry:halberd_diamond', At ResourceLocation: JsonObject; At Ingredient: Unknown item 'spartanweaponry:halberd_gold', At ResourceLocation: JsonObject; At Ingredient: Unknown item 'spartanweaponry:halberd_iron', At ResourceLocation: JsonObject; At Ingredient: Unknown item 'spartanweaponry:halberd_stone', At ResourceLocation: JsonObject; At Ingredient: Unknown item 'spartanweaponry:halberd_wood', At ResourceLocation: JsonObject; At Ingredient: Unknown item 'spartanweaponry:spear_lead', At ResourceLocation: JsonObject; At Ingredient: Unknown item 'spartanweaponry:spear_nickel', At ResourceLocation: JsonObject; At Ingredient: Unknown item 'spartanweaponry:spear_electrum', At ResourceLocation: JsonObject; At Ingredient: Unknown item 'spartanweaponry:spear_platinum', At ResourceLocation: JsonObject; At Ingredient: Unknown item 'spartanweaponry:spear_invar', At ResourceLocation: JsonObject; At Ingredient: Unknown item 'spartanweaponry:spear_silver', At ResourceLocation: JsonObject; At Ingredient: Unknown item 'spartanweaponry:spear_steel', At ResourceLocation: JsonObject; At Ingredient: Unknown item 'spartanweaponry:spear_bronze', At ResourceLocation: JsonObject; At Ingredient: Unknown item 'spartanweaponry:spear_tin', At ResourceLocation: JsonObject; At Ingredient: Unknown item 'spartanweaponry:spear_copper', At ResourceLocation: JsonObject; At Ingredient: Unknown item 'spartanweaponry:spear_netherite', At ResourceLocation: JsonObject; At Ingredient: Unknown item 'spartanweaponry:spear_diamond', At ResourceLocation: JsonObject; At Ingredient: Unknown item 'spartanweaponry:spear_gold', At ResourceLocation: JsonObject; At Ingredient: Unknown item 'spartanweaponry:spear_iron', At ResourceLocation: JsonObject; At Ingredient: Unknown item 'spartanweaponry:spear_stone', At ResourceLocation: JsonObject; At Ingredient: Unknown item 'spartanweaponry:spear_wood', At ResourceLocation: JsonObject; At Ingredient: Unknown item 'spartanweaponry:warhammer_lead', At ResourceLocation: JsonObject; At Ingredient: Unknown item 'spartanweaponry:warhammer_nickel', At ResourceLocation: JsonObject; At Ingredient: Unknown item 'spartanweaponry:warhammer_electrum', At ResourceLocation: JsonObject; At Ingredient: Unknown item 'spartanweaponry:warhammer_platinum', At ResourceLocation: JsonObject; At Ingredient: Unknown item 'spartanweaponry:warhammer_invar', At ResourceLocation: JsonObject; At Ingredient: Unknown item 'spartanweaponry:warhammer_silver', At ResourceLocation: JsonObject; At Ingredient: Unknown item 'spartanweaponry:warhammer_steel', At ResourceLocation: JsonObject; At Ingredient: Unknown item 'spartanweaponry:warhammer_bronze', At ResourceLocation: JsonObject; At Ingredient: Unknown item 'spartanweaponry:warhammer_tin', At ResourceLocation: JsonObject; At Ingredient: Unknown item 'spartanweaponry:warhammer_copper', At ResourceLocation: JsonObject; At Ingredient: Unknown item 'spartanweaponry:warhammer_netherite', At ResourceLocation: JsonObject; At Ingredient: Unknown item 'spartanweaponry:warhammer_diamond', At ResourceLocation: JsonObject; At Ingredient: Unknown item 'spartanweaponry:warhammer_gold', At ResourceLocation: JsonObject; At Ingredient: Unknown item 'spartanweaponry:warhammer_iron', At ResourceLocation: JsonObject; At Ingredient: Unknown item 'spartanweaponry:warhammer_stone', At ResourceLocation: JsonObject; At Ingredient: Unknown item 'spartanweaponry:warhammer_wood', At ResourceLocation: JsonObject; At Ingredient: Unknown item 'spartanweaponry:hammer_lead', At ResourceLocation: JsonObject; At Ingredient: Unknown item 'spartanweaponry:hammer_nickel', At ResourceLocation: JsonObject; At Ingredient: Unknown item 'spartanweaponry:hammer_electrum', At ResourceLocation: JsonObject; At Ingredient: Unknown item 'spartanweaponry:hammer_platinum', At ResourceLocation: JsonObject; At Ingredient: Unknown item 'spartanweaponry:hammer_invar', At ResourceLocation: JsonObject; At Ingredient: Unknown item 'spartanweaponry:hammer_silver', At ResourceLocation: JsonObject; At Ingredient: Unknown item 'spartanweaponry:hammer_steel', At ResourceLocation: JsonObject; At Ingredient: Unknown item 'spartanweaponry:hammer_bronze', At ResourceLocation: JsonObject; At Ingredient: Unknown item 'spartanweaponry:hammer_tin', At ResourceLocation: JsonObject; At Ingredient: Unknown item 'spartanweaponry:hammer_copper', At ResourceLocation: JsonObject; At Ingredient: Unknown item 'spartanweaponry:hammer_netherite', At ResourceLocation: JsonObject; At Ingredient: Unknown item 'spartanweaponry:hammer_diamond', At ResourceLocation: JsonObject; At Ingredient: Unknown item 'spartanweaponry:hammer_gold', At ResourceLocation: JsonObject; At Ingredient: Unknown item 'spartanweaponry:hammer_iron', At ResourceLocation: JsonObject; At Ingredient: Unknown item 'spartanweaponry:hammer_stone', At ResourceLocation: JsonObject; At Ingredient: Unknown item 'spartanweaponry:hammer_wood', At ResourceLocation: JsonObject; At Ingredient: Unknown item 'spartanweaponry:dagger_lead', At ResourceLocation: JsonObject; At Ingredient: Unknown item 'spartanweaponry:dagger_nickel', At ResourceLocation: JsonObject; At Ingredient: Unknown item 'spartanweaponry:dagger_electrum', At ResourceLocation: JsonObject; At Ingredient: Unknown item 'spartanweaponry:dagger_platinum', At ResourceLocation: JsonObject; At Ingredient: Unknown item 'spartanweaponry:dagger_invar', At ResourceLocation: JsonObject; At Ingredient: Unknown item 'spartanweaponry:dagger_silver', At ResourceLocation: JsonObject; At Ingredient: Unknown item 'spartanweaponry:dagger_steel', At ResourceLocation: JsonObject; At Ingredient: Unknown item 'spartanweaponry:dagger_bronze', At ResourceLocation: JsonObject; At Ingredient: Unknown item 'spartanweaponry:dagger_tin', At ResourceLocation: JsonObject; At Ingredient: Unknown item 'spartanweaponry:dagger_copper', At ResourceLocation: JsonObject; At Ingredient: Unknown item 'spartanweaponry:dagger_netherite', At ResourceLocation: JsonObject; At Ingredient: Unknown item 'spartanweaponry:dagger_diamond', At ResourceLocation: JsonObject; At Ingredient: Unknown item 'spartanweaponry:dagger_gold', At ResourceLocation: JsonObject; At Ingredient: Unknown item 'spartanweaponry:dagger_iron', At ResourceLocation: JsonObject; At Ingredient: Unknown item 'spartanweaponry:dagger_stone', At ResourceLocation: JsonObject; At Ingredient: Unknown item 'spartanweaponry:dagger_wood', At ResourceLocation: JsonObject, At ResourceLocation: JsonObject
[01Jul2025 20:09:47.702] [main/WARN] [io.github.apace100.apoli.Apoli/]: Power "medievalorigins:paladin/holy_instruments_dungeons_gear" will only be partially loaded: At Ingredient: Unknown item 'dungeons_gear:whirlwind', At ResourceLocation: JsonObject; At Ingredient: Unknown item 'dungeons_gear:cursed_axe', At ResourceLocation: JsonObject; At Ingredient: Unknown item 'dungeons_gear:double_axe', At ResourceLocation: JsonObject; At Ingredient: Unknown item 'dungeons_gear:highland_axe', At ResourceLocation: JsonObject; At Ingredient: Unknown item 'dungeons_gear:firebrand', At ResourceLocation: JsonObject; At Ingredient: Unknown item 'dungeons_gear:gold_axe', At ResourceLocation: JsonObject; At Ingredient: Unknown item 'dungeons_gear:axe', At ResourceLocation: JsonObject, At ResourceLocation: JsonObject
[01Jul2025 20:09:47.706] [main/WARN] [io.github.apace100.apoli.Apoli/]: Power "arkwys:minotaur/axe_proficiency_iceandfire" will only be partially loaded: At Ingredient: Unknown item 'iceandfire:troll_weapon_axe', At ResourceLocation: JsonObject; At Ingredient: Unknown item 'iceandfire:dragonsteel_lightning_axe', At ResourceLocation: JsonObject; At Ingredient: Unknown item 'iceandfire:dragonsteel_cold_axe', At ResourceLocation: JsonObject; At Ingredient: Unknown item 'iceandfire:dragonsteel_fire_axe', At ResourceLocation: JsonObject; At Ingredient: Unknown item 'iceandfire:myrmex_jungle_axe', At ResourceLocation: JsonObject; At Ingredient: Unknown item 'iceandfire:myrmex_desert_axe', At ResourceLocation: JsonObject; At Ingredient: Unknown item 'iceandfire:dragonbone_axe', At ResourceLocation: JsonObject; At Ingredient: Unknown item 'iceandfire:copper_axe', At ResourceLocation: JsonObject; At Ingredient: Unknown item 'iceandfire:silver_axe', At ResourceLocation: JsonObject, At ResourceLocation: JsonObject
[01Jul2025 20:09:47.707] [main/ERROR] [io.github.apace100.apoli.Apoli/]: Error loading power "arkwys:slimefolk/slime_sizeable_health": Unknown registry key: minecraft:generic.max_health; Unknown registry key: origins:attribute, At ResourceLocation: JsonObject
[01Jul2025 20:09:47.707] [main/ERROR] [io.github.apace100.apoli.Apoli/]: Loading for all instances of power arkwys:slimefolk/slime_sizeable_health failed.
[01Jul2025 20:09:47.721] [main/WARN] [io.github.apace100.apoli.Apoli/]: Power "arkwys:minotaur/axe_proficiency" will only be partially loaded: At Ingredient: Unknown item 'iceandfire:troll_weapon_axe', At ResourceLocation: JsonObject; At Ingredient: Unknown item 'iceandfire:dragonsteel_lightning_axe', At ResourceLocation: JsonObject; At Ingredient: Unknown item 'iceandfire:dragonsteel_cold_axe', At ResourceLocation: JsonObject; At Ingredient: Unknown item 'iceandfire:dragonsteel_fire_axe', At ResourceLocation: JsonObject; At Ingredient: Unknown item 'iceandfire:myrmex_jungle_axe', At ResourceLocation: JsonObject; At Ingredient: Unknown item 'iceandfire:myrmex_desert_axe', At ResourceLocation: JsonObject; At Ingredient: Unknown item 'iceandfire:dragonbone_axe', At ResourceLocation: JsonObject; At Ingredient: Unknown item 'iceandfire:copper_axe', At ResourceLocation: JsonObject; At Ingredient: Unknown item 'iceandfire:silver_axe', At ResourceLocation: JsonObject; At Ingredient: Unknown item 'dungeons_gear:whirlwind', At ResourceLocation: JsonObject; At Ingredient: Unknown item 'dungeons_gear:cursed_axe', At ResourceLocation: JsonObject; At Ingredient: Unknown item 'dungeons_gear:double_axe', At ResourceLocation: JsonObject; At Ingredient: Unknown item 'dungeons_gear:highland_axe', At ResourceLocation: JsonObject; At Ingredient: Unknown item 'dungeons_gear:firebrand', At ResourceLocation: JsonObject; At Ingredient: Unknown item 'dungeons_gear:gold_axe', At ResourceLocation: JsonObject; At Ingredient: Unknown item 'dungeons_gear:axe', At ResourceLocation: JsonObject, At ResourceLocation: JsonObject
[01Jul2025 20:09:47.722] [main/ERROR] [io.github.apace100.apoli.Apoli/]: Error loading power "medievalorigins:dwarf/photoallergic": No key interval in MapLike[{"type":"origins:burn","burn_duration":6,"condition":{"type":"origins:and","conditions":[{"type":"origins:exposed_to_sun"},{"type":"origins:equipped_item","equipment_slot":"head","item_condition":{"type":"origins:ingredient","ingredient":{"tag":"medievalorigins:helmet"}},"inverted":true}]}}]
[01Jul2025 20:09:47.722] [main/ERROR] [io.github.apace100.apoli.Apoli/]: Loading for all instances of power medievalorigins:dwarf/photoallergic failed.
[01Jul2025 20:09:47.732] [main/WARN] [io.github.apace100.apoli.Apoli/]: Power "strictly:new_diet" will only be partially loaded: Failed to read fields: No key conditions in MapLike[{"type":"origins:and"}]
[01Jul2025 20:09:47.747] [main/WARN] [io.github.apace100.apoli.Apoli/]: Power "strictly:smoke_sickness" will only be partially loaded: Failed to read fields: Unknown registry key: origins:stacking_status_effect, At ResourceLocation: JsonObject; Unknown registry key: origins:stacking_status_effect, At ResourceLocation: JsonObject, At ResourceLocation: JsonObject
[01Jul2025 20:09:47.752] [main/ERROR] [io.github.apace100.apoli.Apoli/]: Error loading power "medievalorigins:troll/mountainous": Input does not contain a key [type]: MapLike[{"mountainous":{"type":"origins:action_on_callback","entity_action_chosen":{"type":"origins:execute_command","command":"scale set pehkui:base 1.7"},"entity_action_lost":{"type":"origins:execute_command","command":"scale reset pehkui:base"},"execute_chosen_when_orb":true},"mountainous2":{"type":"origins:action_over_time","entity_action":{"type":"origins:execute_command","command":"scale set pehkui:base 1.7"},"interval":100}}]
[01Jul2025 20:09:47.752] [main/ERROR] [io.github.apace100.apoli.Apoli/]: Loading for all instances of power medievalorigins:troll/mountainous failed.
[01Jul2025 20:09:47.768] [main/WARN] [io.github.apace100.apoli.Apoli/]: Power "medievalorigins:knight/melee4ever_dungeons_gear" will only be partially loaded: At Ingredient: Unknown item 'dungeons_gear:nautical_crossbow', At ResourceLocation: JsonObject; At Ingredient: Unknown item 'dungeons_gear:harpoon_crossbow', At ResourceLocation: JsonObject; At Ingredient: Unknown item 'dungeons_gear:pride_of_the_piglins', At ResourceLocation: JsonObject; At Ingredient: Unknown item 'dungeons_gear:cog_crossbow', At ResourceLocation: JsonObject; At Ingredient: Unknown item 'dungeons_gear:baby_crossbow', At ResourceLocation: JsonObject; At Ingredient: Unknown item 'dungeons_gear:dual_crossbow', At ResourceLocation: JsonObject; At Ingredient: Unknown item 'dungeons_gear:soul_hunter_crossbow', At ResourceLocation: JsonObject; At Ingredient: Unknown item 'dungeons_gear:corrupted_crossbow', At ResourceLocation: JsonObject; At Ingredient: Unknown item 'dungeons_gear:burst_crossbow', At ResourceLocation: JsonObject; At Ingredient: Unknown item 'dungeons_gear:imploding_crossbow', At ResourceLocation: JsonObject; At Ingredient: Unknown item 'dungeons_gear:firebolt_thrower', At ResourceLocation: JsonObject; At Ingredient: Unknown item 'dungeons_gear:exploding_crossbow', At ResourceLocation: JsonObject; At Ingredient: Unknown item 'dungeons_gear:lightning_harp_crossbow', At ResourceLocation: JsonObject; At Ingredient: Unknown item 'dungeons_gear:harp_crossbow', At ResourceLocation: JsonObject; At Ingredient: Unknown item 'dungeons_gear:scatter_crossbow', At ResourceLocation: JsonObject; At Ingredient: Unknown item 'dungeons_gear:voidcaller', At ResourceLocation: JsonObject; At Ingredient: Unknown item 'dungeons_gear:feral_soul_crossbow', At ResourceLocation: JsonObject; At Ingredient: Unknown item 'dungeons_gear:soul_crossbow', At ResourceLocation: JsonObject; At Ingredient: Unknown item 'dungeons_gear:slayer_crossbow', At ResourceLocation: JsonObject; At Ingredient: Unknown item 'dungeons_gear:doom_crossbow', At ResourceLocation: JsonObject; At Ingredient: Unknown item 'dungeons_gear:heavy_crossbow', At ResourceLocation: JsonObject; At Ingredient: Unknown item 'dungeons_gear:the_slicer', At ResourceLocation: JsonObject; At Ingredient: Unknown item 'dungeons_gear:azure_seeker', At ResourceLocation: JsonObject; At Ingredient: Unknown item 'dungeons_gear:auto_crossbow', At ResourceLocation: JsonObject; At Ingredient: Unknown item 'dungeons_gear:butterfly_crossbow', At ResourceLocation: JsonObject; At Ingredient: Unknown item 'dungeons_gear:rapid_crossbow', At ResourceLocation: JsonObject; At Ingredient: Unknown item 'dungeons_gear:bubble_burster', At ResourceLocation: JsonObject; At Ingredient: Unknown item 'dungeons_gear:bubble_bow', At ResourceLocation: JsonObject; At Ingredient: Unknown item 'dungeons_gear:weeping_vine_bow', At ResourceLocation: JsonObject; At Ingredient: Unknown item 'dungeons_gear:twisting_vine_bow', At ResourceLocation: JsonObject; At Ingredient: Unknown item 'dungeons_gear:echo_of_the_valley', At ResourceLocation: JsonObject; At Ingredient: Unknown item 'dungeons_gear:burst_gale_bow', At ResourceLocation: JsonObject; At Ingredient: Unknown item 'dungeons_gear:wind_bow', At ResourceLocation: JsonObject; At Ingredient: Unknown item 'dungeons_gear:winters_touch', At ResourceLocation: JsonObject; At Ingredient: Unknown item 'dungeons_gear:snow_bow', At ResourceLocation: JsonObject; At Ingredient: Unknown item 'dungeons_gear:sugar_rush', At ResourceLocation: JsonObject; At Ingredient: Unknown item 'dungeons_gear:the_pink_scoundrel', At ResourceLocation: JsonObject; At Ingredient: Unknown item 'dungeons_gear:the_green_menace', At ResourceLocation: JsonObject; At Ingredient: Unknown item 'dungeons_gear:trickbow', At ResourceLocation: JsonObject; At Ingredient: Unknown item 'dungeons_gear:love_spell_bow', At ResourceLocation: JsonObject; At Ingredient: Unknown item 'dungeons_gear:purple_storm', At ResourceLocation: JsonObject; At Ingredient: Unknown item 'dungeons_gear:mechanical_shortbow', At ResourceLocation: JsonObject; At Ingredient: Unknown item 'dungeons_gear:shortbow', At ResourceLocation: JsonObject; At Ingredient: Unknown item 'dungeons_gear:ancient_bow', At ResourceLocation: JsonObject; At Ingredient: Unknown item 'dungeons_gear:masters_bow', At ResourceLocation: JsonObject; At Ingredient: Unknown item 'dungeons_gear:hunters_promise', At ResourceLocation: JsonObject; At Ingredient: Unknown item 'dungeons_gear:hunting_bow', At ResourceLocation: JsonObject; At Ingredient: Unknown item 'dungeons_gear:red_snake', At ResourceLocation: JsonObject; At Ingredient: Unknown item 'dungeons_gear:guardian_bow', At ResourceLocation: JsonObject; At Ingredient: Unknown item 'dungeons_gear:longbow', At ResourceLocation: JsonObject; At Ingredient: Unknown item 'dungeons_gear:sabrewing', At ResourceLocation: JsonObject; At Ingredient: Unknown item 'dungeons_gear:elite_power_bow', At ResourceLocation: JsonObject; At Ingredient: Unknown item 'dungeons_gear:power_bow', At ResourceLocation: JsonObject; At Ingredient: Unknown item 'dungeons_gear:shivering_bow', At ResourceLocation: JsonObject; At Ingredient: Unknown item 'dungeons_gear:nocturnal_bow', At ResourceLocation: JsonObject; At Ingredient: Unknown item 'dungeons_gear:bow_of_lost_souls', At ResourceLocation: JsonObject; At Ingredient: Unknown item 'dungeons_gear:soul_bow', At ResourceLocation: JsonObject; At Ingredient: Unknown item 'dungeons_gear:haunted_bow', At ResourceLocation: JsonObject; At Ingredient: Unknown item 'dungeons_gear:twin_bow', At ResourceLocation: JsonObject; At Ingredient: Unknown item 'dungeons_gear:bonebow', At ResourceLocation: JsonObject, At ResourceLocation: JsonObject
[01Jul2025 20:09:47.769] [main/ERROR] [io.github.apace100.apoli.Apoli/]: Error loading power "strictly:slowwalker": No key duration_per_stack in MapLike[{"type":"origins:stacking_status_effect","entity_action":{"type":"origins:apply_effect","effects":[{"effect":"minecraft:luck","duration":-1,"is_ambient":false,"show_particles":false,"show_icon":false},{"effect":"minecraft:slowness","duration":-1,"is_ambient":false,"show_particles":false,"show_icon":true}]}}]; No key max_stacks in MapLike[{"type":"origins:stacking_status_effect","entity_action":{"type":"origins:apply_effect","effects":[{"effect":"minecraft:luck","duration":-1,"is_ambient":false,"show_particles":false,"show_icon":false},{"effect":"minecraft:slowness","duration":-1,"is_ambient":false,"show_particles":false,"show_icon":true}]}}]; No key min_stacks in MapLike[{"type":"origins:stacking_status_effect","entity_action":{"type":"origins:apply_effect","effects":[{"effect":"minecraft:luck","duration":-1,"is_ambient":false,"show_particles":false,"show_icon":false},{"effect":"minecraft:slowness","duration":-1,"is_ambient":false,"show_particles":false,"show_icon":true}]}}]
[01Jul2025 20:09:47.769] [main/ERROR] [io.github.apace100.apoli.Apoli/]: Loading for all instances of power strictly:slowwalker failed.
[01Jul2025 20:09:47.769] [main/ERROR] [io.github.apace100.apoli.Apoli/]: Error loading power "cisco_rpg_origins:melee_inapptitude": At Ingredient: Unknown item 'origins:swords', At ResourceLocation: JsonObject
[01Jul2025 20:09:47.769] [main/ERROR] [io.github.apace100.apoli.Apoli/]: Loading for all instances of power cisco_rpg_origins:melee_inapptitude failed.
[01Jul2025 20:09:47.771] [main/WARN] [io.github.apace100.apoli.Apoli/]: Power "medievalorigins:elf/weak_melee_dungeons_gear" will only be partially loaded: At Ingredient: Unknown item 'dungeons_gear:whirlwind', At ResourceLocation: JsonObject; At Ingredient: Unknown item 'dungeons_gear:cursed_axe', At ResourceLocation: JsonObject; At Ingredient: Unknown item 'dungeons_gear:double_axe', At ResourceLocation: JsonObject; At Ingredient: Unknown item 'dungeons_gear:highland_axe', At ResourceLocation: JsonObject; At Ingredient: Unknown item 'dungeons_gear:firebrand', At ResourceLocation: JsonObject; At Ingredient: Unknown item 'dungeons_gear:gold_axe', At ResourceLocation: JsonObject; At Ingredient: Unknown item 'dungeons_gear:axe', At ResourceLocation: JsonObject, At ResourceLocation: JsonObject
[01Jul2025 20:09:47.778] [main/WARN] [io.github.apace100.apoli.Apoli/]: Power "arkwys:woodelf/weak_melee_dungeons_gear" will only be partially loaded: At Ingredient: Unknown item 'dungeons_gear:rapier', At ResourceLocation: JsonObject; At Ingredient: Unknown item 'dungeons_gear:frost_slayer', At ResourceLocation: JsonObject; At Ingredient: Unknown item 'dungeons_gear:heartstealer', At ResourceLocation: JsonObject; At Ingredient: Unknown item 'dungeons_gear:broadsword', At ResourceLocation: JsonObject; At Ingredient: Unknown item 'dungeons_gear:claymore', At ResourceLocation: JsonObject; At Ingredient: Unknown item 'dungeons_gear:truthseeker', At ResourceLocation: JsonObject; At Ingredient: Unknown item 'dungeons_gear:masters_katana', At ResourceLocation: JsonObject; At Ingredient: Unknown item 'dungeons_gear:dark_katana', At ResourceLocation: JsonObject; At Ingredient: Unknown item 'dungeons_gear:katana', At ResourceLocation: JsonObject; At Ingredient: Unknown item 'dungeons_gear:sinister_sword', At ResourceLocation: JsonObject; At Ingredient: Unknown item 'dungeons_gear:hawkbrand', At ResourceLocation: JsonObject; At Ingredient: Unknown item 'dungeons_gear:diamond_sword', At ResourceLocation: JsonObject; At Ingredient: Unknown item 'dungeons_gear:gold_sword', At ResourceLocation: JsonObject; At Ingredient: Unknown item 'dungeons_gear:stone_sword', At ResourceLocation: JsonObject; At Ingredient: Unknown item 'dungeons_gear:sword', At ResourceLocation: JsonObject; At Ingredient: Unknown item 'dungeons_gear:nameless_blade', At ResourceLocation: JsonObject; At Ingredient: Unknown item 'dungeons_gear:cutlass', At ResourceLocation: JsonObject; At Ingredient: Unknown item 'dungeons_gear:freezing_foil', At ResourceLocation: JsonObject; At Ingredient: Unknown item 'dungeons_gear:bee_stinger', At ResourceLocation: JsonObject; At Ingredient: Unknown item 'dungeons_gear:rapier', At ResourceLocation: JsonObject; At Ingredient: Unknown item 'dungeons_gear:whirlwind', At ResourceLocation: JsonObject; At Ingredient: Unknown item 'dungeons_gear:cursed_axe', At ResourceLocation: JsonObject; At Ingredient: Unknown item 'dungeons_gear:double_axe', At ResourceLocation: JsonObject; At Ingredient: Unknown item 'dungeons_gear:highland_axe', At ResourceLocation: JsonObject; At Ingredient: Unknown item 'dungeons_gear:firebrand', At ResourceLocation: JsonObject; At Ingredient: Unknown item 'dungeons_gear:gold_axe', At ResourceLocation: JsonObject; At Ingredient: Unknown item 'dungeons_gear:axe', At ResourceLocation: JsonObject, At ResourceLocation: JsonObject
[01Jul2025 20:09:47.784] [main/WARN] [io.github.apace100.apoli.Apoli/]: Power "medievalorigins:elf/weak_swords_dungeons_gear" will only be partially loaded: At Ingredient: Unknown item 'dungeons_gear:rapier', At ResourceLocation: JsonObject; At Ingredient: Unknown item 'dungeons_gear:frost_slayer', At ResourceLocation: JsonObject; At Ingredient: Unknown item 'dungeons_gear:heartstealer', At ResourceLocation: JsonObject; At Ingredient: Unknown item 'dungeons_gear:broadsword', At ResourceLocation: JsonObject; At Ingredient: Unknown item 'dungeons_gear:claymore', At ResourceLocation: JsonObject; At Ingredient: Unknown item 'dungeons_gear:truthseeker', At ResourceLocation: JsonObject; At Ingredient: Unknown item 'dungeons_gear:masters_katana', At ResourceLocation: JsonObject; At Ingredient: Unknown item 'dungeons_gear:dark_katana', At ResourceLocation: JsonObject; At Ingredient: Unknown item 'dungeons_gear:katana', At ResourceLocation: JsonObject; At Ingredient: Unknown item 'dungeons_gear:sinister_sword', At ResourceLocation: JsonObject; At Ingredient: Unknown item 'dungeons_gear:hawkbrand', At ResourceLocation: JsonObject; At Ingredient: Unknown item 'dungeons_gear:diamond_sword', At ResourceLocation: JsonObject; At Ingredient: Unknown item 'dungeons_gear:gold_sword', At ResourceLocation: JsonObject; At Ingredient: Unknown item 'dungeons_gear:stone_sword', At ResourceLocation: JsonObject; At Ingredient: Unknown item 'dungeons_gear:sword', At ResourceLocation: JsonObject; At Ingredient: Unknown item 'dungeons_gear:nameless_blade', At ResourceLocation: JsonObject; At Ingredient: Unknown item 'dungeons_gear:cutlass', At ResourceLocation: JsonObject; At Ingredient: Unknown item 'dungeons_gear:freezing_foil', At ResourceLocation: JsonObject; At Ingredient: Unknown item 'dungeons_gear:bee_stinger', At ResourceLocation: JsonObject; At Ingredient: Unknown item 'dungeons_gear:rapier', At ResourceLocation: JsonObject, At ResourceLocation: JsonObject
[01Jul2025 20:09:47.786] [main/WARN] [io.github.apace100.apoli.Apoli/]: Power "medievalorigins:knight/melee4ever_iceandfire" will only be partially loaded: At Ingredient: Unknown item 'iceandfire:dragonbone_bow', At ResourceLocation: JsonObject, At ResourceLocation: JsonObject
[01Jul2025 20:09:47.795] [main/WARN] [io.github.apace100.apoli.Apoli/]: Power "arkwys:minotaur/axe_proficiency_dungeons_gear" will only be partially loaded: At Ingredient: Unknown item 'dungeons_gear:whirlwind', At ResourceLocation: JsonObject; At Ingredient: Unknown item 'dungeons_gear:cursed_axe', At ResourceLocation: JsonObject; At Ingredient: Unknown item 'dungeons_gear:double_axe', At ResourceLocation: JsonObject; At Ingredient: Unknown item 'dungeons_gear:highland_axe', At ResourceLocation: JsonObject; At Ingredient: Unknown item 'dungeons_gear:firebrand', At ResourceLocation: JsonObject; At Ingredient: Unknown item 'dungeons_gear:gold_axe', At ResourceLocation: JsonObject; At Ingredient: Unknown item 'dungeons_gear:axe', At ResourceLocation: JsonObject, At ResourceLocation: JsonObject
[01Jul2025 20:09:47.800] [main/WARN] [io.github.apace100.apoli.Apoli/]: Power "arkwys:brute/axe_efficient_spartanweaponry" will only be partially loaded: At Ingredient: Unknown item 'spartanweaponry:battleaxe_gold', At ResourceLocation: JsonObject; At Ingredient: Unknown item 'spartanweaponry:tomahawk_gold', At ResourceLocation: JsonObject; At Ingredient: Unknown item 'spartanweaponry:halberd_gold', At ResourceLocation: JsonObject, At ResourceLocation: JsonObject
[01Jul2025 20:09:47.808] [main/WARN] [io.github.apace100.apoli.Apoli/]: Power "medievalorigins:elf/weak_swords_iceandfire" will only be partially loaded: At Ingredient: Unknown item 'iceandfire:ghost_sword', At ResourceLocation: JsonObject; At Ingredient: Unknown item 'iceandfire:dread_queen_sword', At ResourceLocation: JsonObject; At Ingredient: Unknown item 'iceandfire:dread_kinght_sword', At ResourceLocation: JsonObject; At Ingredient: Unknown item 'iceandfire:dread_sword', At ResourceLocation: JsonObject; At Ingredient: Unknown item 'iceandfire:dragonsteel_lightning_sword', At ResourceLocation: JsonObject; At Ingredient: Unknown item 'iceandfire:dragonsteel_ice_sword', At ResourceLocation: JsonObject; At Ingredient: Unknown item 'iceandfire:dragonsteel_fire_sword', At ResourceLocation: JsonObject; At Ingredient: Unknown item 'iceandfire:myrmex_jungle_sword_venom', At ResourceLocation: JsonObject; At Ingredient: Unknown item 'iceandfire:myrmex_jungle_sword', At ResourceLocation: JsonObject; At Ingredient: Unknown item 'iceandfire:myrmex_desert_sword_venom', At ResourceLocation: JsonObject; At Ingredient: Unknown item 'iceandfire:myrmex_desert_sword', At ResourceLocation: JsonObject; At Ingredient: Unknown item 'iceandfire:hippogryph_sword', At ResourceLocation: JsonObject; At Ingredient: Unknown item 'iceandfire:dragonbone_sword_ice', At ResourceLocation: JsonObject; At Ingredient: Unknown item 'iceandfire:dragonbone_sword_fire', At ResourceLocation: JsonObject; At Ingredient: Unknown item 'iceandfire:dragonbone_sword', At ResourceLocation: JsonObject; At Ingredient: Unknown item 'iceandfire:copper_sword', At ResourceLocation: JsonObject; At Ingredient: Unknown item 'iceandfire:silver_sword', At ResourceLocation: JsonObject, At ResourceLocation: JsonObject
[01Jul2025 20:09:47.825] [main/WARN] [io.github.apace100.apoli.Apoli/]: Power "medievalorigins:knight/skilled_swordsman_spartanweaponry" will only be partially loaded: At Ingredient: Unknown item 'spartanweaponry:greatsword_lead', At ResourceLocation: JsonObject; At Ingredient: Unknown item 'spartanweaponry:greatsword_nickel', At ResourceLocation: JsonObject; At Ingredient: Unknown item 'spartanweaponry:greatsword_electrum', At ResourceLocation: JsonObject; At Ingredient: Unknown item 'spartanweaponry:greatsword_platinum', At ResourceLocation: JsonObject; At Ingredient: Unknown item 'spartanweaponry:greatsword_invar', At ResourceLocation: JsonObject; At Ingredient: Unknown item 'spartanweaponry:greatsword_silver', At ResourceLocation: JsonObject; At Ingredient: Unknown item 'spartanweaponry:greatsword_steel', At ResourceLocation: JsonObject; At Ingredient: Unknown item 'spartanweaponry:greatsword_bronze', At ResourceLocation: JsonObject; At Ingredient: Unknown item 'spartanweaponry:greatsword_tin', At ResourceLocation: JsonObject; At Ingredient: Unknown item 'spartanweaponry:greatsword_copper', At ResourceLocation: JsonObject; At Ingredient: Unknown item 'spartanweaponry:greatsword_netherite', At ResourceLocation: JsonObject; At Ingredient: Unknown item 'spartanweaponry:greatsword_diamond', At ResourceLocation: JsonObject; At Ingredient: Unknown item 'spartanweaponry:greatsword_gold', At ResourceLocation: JsonObject; At Ingredient: Unknown item 'spartanweaponry:greatsword_iron', At ResourceLocation: JsonObject; At Ingredient: Unknown item 'spartanweaponry:greatsword_stone', At ResourceLocation: JsonObject; At Ingredient: Unknown item 'spartanweaponry:greatsword_wood', At ResourceLocation: JsonObject; At Ingredient: Unknown item 'spartanweaponry:rapier_lead', At ResourceLocation: JsonObject; At Ingredient: Unknown item 'spartanweaponry:rapier_nickel', At ResourceLocation: JsonObject; At Ingredient: Unknown item 'spartanweaponry:rapier_electrum', At ResourceLocation: JsonObject; At Ingredient: Unknown item 'spartanweaponry:rapier_platinum', At ResourceLocation: JsonObject; At Ingredient: Unknown item 'spartanweaponry:rapier_invar', At ResourceLocation: JsonObject; At Ingredient: Unknown item 'spartanweaponry:rapier_silver', At ResourceLocation: JsonObject; At Ingredient: Unknown item 'spartanweaponry:rapier_steel', At ResourceLocation: JsonObject; At Ingredient: Unknown item 'spartanweaponry:rapier_bronze', At ResourceLocation: JsonObject; At Ingredient: Unknown item 'spartanweaponry:rapier_tin', At ResourceLocation: JsonObject; At Ingredient: Unknown item 'spartanweaponry:rapier_copper', At ResourceLocation: JsonObject; At Ingredient: Unknown item 'spartanweaponry:rapier_netherite', At ResourceLocation: JsonObject; At Ingredient: Unknown item 'spartanweaponry:rapier_diamond', At ResourceLocation: JsonObject; At Ingredient: Unknown item 'spartanweaponry:rapier_gold', At ResourceLocation: JsonObject; At Ingredient: Unknown item 'spartanweaponry:rapier_iron', At ResourceLocation: JsonObject; At Ingredient: Unknown item 'spartanweaponry:rapier_stone', At ResourceLocation: JsonObject; At Ingredient: Unknown item 'spartanweaponry:rapier_wood', At ResourceLocation: JsonObject; At Ingredient: Unknown item 'spartanweaponry:saber_lead', At ResourceLocation: JsonObject; At Ingredient: Unknown item 'spartanweaponry:saber_nickel', At ResourceLocation: JsonObject; At Ingredient: Unknown item 'spartanweaponry:saber_electrum', At ResourceLocation: JsonObject; At Ingredient: Unknown item 'spartanweaponry:saber_platinum', At ResourceLocation: JsonObject; At Ingredient: Unknown item 'spartanweaponry:saber_invar', At ResourceLocation: JsonObject; At Ingredient: Unknown item 'spartanweaponry:saber_silver', At ResourceLocation: JsonObject; At Ingredient: Unknown item 'spartanweaponry:saber_steel', At ResourceLocation: JsonObject; At Ingredient: Unknown item 'spartanweaponry:saber_bronze', At ResourceLocation: JsonObject; At Ingredient: Unknown item 'spartanweaponry:saber_tin', At ResourceLocation: JsonObject; At Ingredient: Unknown item 'spartanweaponry:saber_copper', At ResourceLocation: JsonObject; At Ingredient: Unknown item 'spartanweaponry:saber_netherite', At ResourceLocation: JsonObject; At Ingredient: Unknown item 'spartanweaponry:saber_diamond', At ResourceLocation: JsonObject; At Ingredient: Unknown item 'spartanweaponry:saber_gold', At ResourceLocation: JsonObject; At Ingredient: Unknown item 'spartanweaponry:saber_iron', At ResourceLocation: JsonObject; At Ingredient: Unknown item 'spartanweaponry:saber_stone', At ResourceLocation: JsonObject; At Ingredient: Unknown item 'spartanweaponry:saber_wood', At ResourceLocation: JsonObject; At Ingredient: Unknown item 'spartanweaponry:katana_lead', At ResourceLocation: JsonObject; At Ingredient: Unknown item 'spartanweaponry:katana_nickel', At ResourceLocation: JsonObject; At Ingredient: Unknown item 'spartanweaponry:katana_electrum', At ResourceLocation: JsonObject; At Ingredient: Unknown item 'spartanweaponry:katana_platinum', At ResourceLocation: JsonObject; At Ingredient: Unknown item 'spartanweaponry:katana_invar', At ResourceLocation: JsonObject; At Ingredient: Unknown item 'spartanweaponry:katana_silver', At ResourceLocation: JsonObject; At Ingredient: Unknown item 'spartanweaponry:katana_steel', At ResourceLocation: JsonObject; At Ingredient: Unknown item 'spartanweaponry:katana_bronze', At ResourceLocation: JsonObject; At Ingredient: Unknown item 'spartanweaponry:katana_tin', At ResourceLocation: JsonObject; At Ingredient: Unknown item 'spartanweaponry:katana_copper', At ResourceLocation: JsonObject; At Ingredient: Unknown item 'spartanweaponry:katana_netherite', At ResourceLocation: JsonObject; At Ingredient: Unknown item 'spartanweaponry:katana_diamond', At ResourceLocation: JsonObject; At Ingredient: Unknown item 'spartanweaponry:katana_gold', At ResourceLocation: JsonObject; At Ingredient: Unknown item 'spartanweaponry:katana_iron', At ResourceLocation: JsonObject; At Ingredient: Unknown item 'spartanweaponry:katana_stone', At ResourceLocation: JsonObject; At Ingredient: Unknown item 'spartanweaponry:katana_wood', At ResourceLocation: JsonObject; At Ingredient: Unknown item 'spartanweaponry:longsword_lead', At ResourceLocation: JsonObject; At Ingredient: Unknown item 'spartanweaponry:longsword_nickel', At ResourceLocation: JsonObject; At Ingredient: Unknown item 'spartanweaponry:longsword_electrum', At ResourceLocation: JsonObject; At Ingredient: Unknown item 'spartanweaponry:longsword_platinum', At ResourceLocation: JsonObject; At Ingredient: Unknown item 'spartanweaponry:longsword_invar', At ResourceLocation: JsonObject; At Ingredient: Unknown item 'spartanweaponry:longsword_silver', At ResourceLocation: JsonObject; At Ingredient: Unknown item 'spartanweaponry:longsword_steel', At ResourceLocation: JsonObject; At Ingredient: Unknown item 'spartanweaponry:longsword_bronze', At ResourceLocation: JsonObject; At Ingredient: Unknown item 'spartanweaponry:longsword_tin', At ResourceLocation: JsonObject; At Ingredient: Unknown item 'spartanweaponry:longsword_copper', At ResourceLocation: JsonObject; At Ingredient: Unknown item 'spartanweaponry:longsword_netherite', At ResourceLocation: JsonObject; At Ingredient: Unknown item 'spartanweaponry:longsword_diamond', At ResourceLocation: JsonObject; At Ingredient: Unknown item 'spartanweaponry:longsword_gold', At ResourceLocation: JsonObject; At Ingredient: Unknown item 'spartanweaponry:longsword_iron', At ResourceLocation: JsonObject; At Ingredient: Unknown item 'spartanweaponry:longsword_stone', At ResourceLocation: JsonObject; At Ingredient: Unknown item 'spartanweaponry:longsword_wood', At ResourceLocation: JsonObject, At ResourceLocation: JsonObject
[01Jul2025 20:09:47.830] [main/ERROR] [io.github.apace100.apoli.Apoli/]: Error loading power "strictly:holy_shield": At MobEffectInstance: Error reading status effect: could not find status effect with id: dungeons_gear:shielding, At ResourceLocation: JsonObject; At MobEffect: Identifier "dungeons_gear:shielding" was not registered in registry "minecraft:mob_effect"., At ResourceLocation: JsonObject; At MobEffect: Identifier "dungeons_gear:shielding" was not registered in registry "minecraft:mob_effect"., At ResourceLocation: JsonObject
[01Jul2025 20:09:47.830] [main/ERROR] [io.github.apace100.apoli.Apoli/]: Loading for all instances of power strictly:holy_shield failed.
[01Jul2025 20:09:47.830] [main/WARN] [io.github.apace100.apoli.Apoli/]: Power "cisco_rpg_origins:lokis_boon_minor2" will only be partially loaded: At Attribute: Identifier "reach-entity-attributes:attack_range" was not registered in registry "minecraft:attribute".; At Attribute: Identifier "reach-entity-attributes:reach" was not registered in registry "minecraft:attribute".
[01Jul2025 20:09:47.834] [main/WARN] [io.github.apace100.apoli.Apoli/]: Power "cisco_rpg_origins:divine_hunger" will only be partially loaded: At Ingredient: Unknown item 'minecolonies:golden_bread', At ResourceLocation: JsonObject; At Ingredient: Unknown item 'galosphere:golden_lichen_cordyceps', At ResourceLocation: JsonObject
[01Jul2025 20:09:47.851] [main/WARN] [io.github.apace100.apoli.Apoli/]: Power "arkwys:woodelf/weak_melee_iceandfire" will only be partially loaded: At Ingredient: Unknown item 'iceandfire:ghost_sword', At ResourceLocation: JsonObject; At Ingredient: Unknown item 'iceandfire:dread_queen_sword', At ResourceLocation: JsonObject; At Ingredient: Unknown item 'iceandfire:dread_kinght_sword', At ResourceLocation: JsonObject; At Ingredient: Unknown item 'iceandfire:dread_sword', At ResourceLocation: JsonObject; At Ingredient: Unknown item 'iceandfire:dragonsteel_lightning_sword', At ResourceLocation: JsonObject; At Ingredient: Unknown item 'iceandfire:dragonsteel_ice_sword', At ResourceLocation: JsonObject; At Ingredient: Unknown item 'iceandfire:dragonsteel_fire_sword', At ResourceLocation: JsonObject; At Ingredient: Unknown item 'iceandfire:myrmex_jungle_sword_venom', At ResourceLocation: JsonObject; At Ingredient: Unknown item 'iceandfire:myrmex_jungle_sword', At ResourceLocation: JsonObject; At Ingredient: Unknown item 'iceandfire:myrmex_desert_sword_venom', At ResourceLocation: JsonObject; At Ingredient: Unknown item 'iceandfire:myrmex_desert_sword', At ResourceLocation: JsonObject; At Ingredient: Unknown item 'iceandfire:hippogryph_sword', At ResourceLocation: JsonObject; At Ingredient: Unknown item 'iceandfire:dragonbone_sword_ice', At ResourceLocation: JsonObject; At Ingredient: Unknown item 'iceandfire:dragonbone_sword_fire', At ResourceLocation: JsonObject; At Ingredient: Unknown item 'iceandfire:dragonbone_sword', At ResourceLocation: JsonObject; At Ingredient: Unknown item 'iceandfire:copper_sword', At ResourceLocation: JsonObject; At Ingredient: Unknown item 'iceandfire:silver_sword', At ResourceLocation: JsonObject; At Ingredient: Unknown item 'iceandfire:troll_weapon_axe', At ResourceLocation: JsonObject; At Ingredient: Unknown item 'iceandfire:dragonsteel_lightning_axe', At ResourceLocation: JsonObject; At Ingredient: Unknown item 'iceandfire:dragonsteel_cold_axe', At ResourceLocation: JsonObject; At Ingredient: Unknown item 'iceandfire:dragonsteel_fire_axe', At ResourceLocation: JsonObject; At Ingredient: Unknown item 'iceandfire:myrmex_jungle_axe', At ResourceLocation: JsonObject; At Ingredient: Unknown item 'iceandfire:myrmex_desert_axe', At ResourceLocation: JsonObject; At Ingredient: Unknown item 'iceandfire:dragonbone_axe', At ResourceLocation: JsonObject; At Ingredient: Unknown item 'iceandfire:copper_axe', At ResourceLocation: JsonObject; At Ingredient: Unknown item 'iceandfire:silver_axe', At ResourceLocation: JsonObject, At ResourceLocation: JsonObject
[01Jul2025 20:09:47.861] [main/WARN] [io.github.apace100.apoli.Apoli/]: Power "strictly:withers_immunity" will only be partially loaded: At MobEffect: Identifier "orcz:stunspam" was not registered in registry "minecraft:mob_effect".; At MobEffect: Identifier "orcz:stunlock" was not registered in registry "minecraft:mob_effect".
[01Jul2025 20:09:47.864] [main/WARN] [io.github.apace100.apoli.Apoli/]: Power "arkwys:moth/glowaffinity" will only be partially loaded: At MobEffectInstance: Error reading status effect: could not find status effect with id: netherite_plus:lava_vision, At ResourceLocation: JsonObject, At ResourceLocation: JsonObject
[01Jul2025 20:09:47.868] [main/WARN] [io.github.apace100.apoli.Apoli/]: Power "medievalorigins:paladin/weak_swords_dungeons_gear" will only be partially loaded: At Ingredient: Unknown item 'dungeons_gear:rapier', At ResourceLocation: JsonObject; At Ingredient: Unknown item 'dungeons_gear:frost_slayer', At ResourceLocation: JsonObject; At Ingredient: Unknown item 'dungeons_gear:heartstealer', At ResourceLocation: JsonObject; At Ingredient: Unknown item 'dungeons_gear:broadsword', At ResourceLocation: JsonObject; At Ingredient: Unknown item 'dungeons_gear:claymore', At ResourceLocation: JsonObject; At Ingredient: Unknown item 'dungeons_gear:truthseeker', At ResourceLocation: JsonObject; At Ingredient: Unknown item 'dungeons_gear:masters_katana', At ResourceLocation: JsonObject; At Ingredient: Unknown item 'dungeons_gear:dark_katana', At ResourceLocation: JsonObject; At Ingredient: Unknown item 'dungeons_gear:katana', At ResourceLocation: JsonObject; At Ingredient: Unknown item 'dungeons_gear:sinister_sword', At ResourceLocation: JsonObject; At Ingredient: Unknown item 'dungeons_gear:hawkbrand', At ResourceLocation: JsonObject; At Ingredient: Unknown item 'dungeons_gear:diamond_sword', At ResourceLocation: JsonObject; At Ingredient: Unknown item 'dungeons_gear:gold_sword', At ResourceLocation: JsonObject; At Ingredient: Unknown item 'dungeons_gear:stone_sword', At ResourceLocation: JsonObject; At Ingredient: Unknown item 'dungeons_gear:sword', At ResourceLocation: JsonObject; At Ingredient: Unknown item 'dungeons_gear:nameless_blade', At ResourceLocation: JsonObject; At Ingredient: Unknown item 'dungeons_gear:cutlass', At ResourceLocation: JsonObject; At Ingredient: Unknown item 'dungeons_gear:freezing_foil', At ResourceLocation: JsonObject; At Ingredient: Unknown item 'dungeons_gear:bee_stinger', At ResourceLocation: JsonObject; At Ingredient: Unknown item 'dungeons_gear:rapier', At ResourceLocation: JsonObject, At ResourceLocation: JsonObject
[01Jul2025 20:09:47.881] [main/WARN] [io.github.apace100.apoli.Apoli/]: Power "strictly:shaman_hood" will only be partially loaded: At Item: Identifier "skillcloaks:slayer_hood" was not registered in registry "minecraft:item"., At ResourceLocation: JsonObject, At ResourceLocation: JsonObject
[01Jul2025 20:09:47.882] [main/WARN] [io.github.apace100.apoli.Apoli/]: Power "arkwys:brute/axe_efficient_dungeons_gear" will only be partially loaded: At Ingredient: Unknown item 'dungeons_gear:firebrand', At ResourceLocation: JsonObject; At Ingredient: Unknown item 'dungeons_gear:gold_axe', At ResourceLocation: JsonObject, At ResourceLocation: JsonObject
[01Jul2025 20:09:47.888] [main/WARN] [io.github.apace100.apoli.Apoli/]: Power "medievalorigins:paladin/weak_swords_iceandfire" will only be partially loaded: At Ingredient: Unknown item 'iceandfire:ghost_sword', At ResourceLocation: JsonObject; At Ingredient: Unknown item 'iceandfire:dread_queen_sword', At ResourceLocation: JsonObject; At Ingredient: Unknown item 'iceandfire:dread_kinght_sword', At ResourceLocation: JsonObject; At Ingredient: Unknown item 'iceandfire:dread_sword', At ResourceLocation: JsonObject; At Ingredient: Unknown item 'iceandfire:dragonsteel_lightning_sword', At ResourceLocation: JsonObject; At Ingredient: Unknown item 'iceandfire:dragonsteel_ice_sword', At ResourceLocation: JsonObject; At Ingredient: Unknown item 'iceandfire:dragonsteel_fire_sword', At ResourceLocation: JsonObject; At Ingredient: Unknown item 'iceandfire:myrmex_jungle_sword_venom', At ResourceLocation: JsonObject; At Ingredient: Unknown item 'iceandfire:myrmex_jungle_sword', At ResourceLocation: JsonObject; At Ingredient: Unknown item 'iceandfire:myrmex_desert_sword_venom', At ResourceLocation: JsonObject; At Ingredient: Unknown item 'iceandfire:myrmex_desert_sword', At ResourceLocation: JsonObject; At Ingredient: Unknown item 'iceandfire:hippogryph_sword', At ResourceLocation: JsonObject; At Ingredient: Unknown item 'iceandfire:dragonbone_sword_ice', At ResourceLocation: JsonObject; At Ingredient: Unknown item 'iceandfire:dragonbone_sword_fire', At ResourceLocation: JsonObject; At Ingredient: Unknown item 'iceandfire:dragonbone_sword', At ResourceLocation: JsonObject; At Ingredient: Unknown item 'iceandfire:copper_sword', At ResourceLocation: JsonObject; At Ingredient: Unknown item 'iceandfire:silver_sword', At ResourceLocation: JsonObject, At ResourceLocation: JsonObject
[01Jul2025 20:09:47.909] [main/ERROR] [io.github.apace100.origins.Origins/]: There was a problem reading Origin file strictly:orcs_shaman (skipping): Identifier "orcz:skullwand" was not registered in registry "minecraft:item".
[01Jul2025 20:09:47.909] [main/ERROR] [io.github.apace100.origins.Origins/]: All instances of origin strictly:orcs_shaman failed to load. Skipped
[01Jul2025 20:09:47.930] [main/ERROR] [io.github.apace100.origins.Origins/]: Removed 1 missing powers from strictly:priest
[01Jul2025 20:09:47.931] [main/ERROR] [io.github.apace100.origins.Origins/]: Removed 2 missing powers from strictly:otter
[01Jul2025 20:09:47.933] [main/ERROR] [io.github.apace100.origins.Origins/]: Removed 1 missing powers from arkwys:piglinbrute
[01Jul2025 20:09:47.933] [main/ERROR] [io.github.apace100.origins.Origins/]: Removed 1 missing powers from strictly:birdofparadise
[01Jul2025 20:09:47.992] [main/INFO] [ModdingLegacy/blue_skies/SkiesDataManager/]: Loaded 8 tool_handle_types
[01Jul2025 20:09:47.993] [main/INFO] [ModdingLegacy/blue_skies/SkiesDataManager/]: Loaded 37 snowcap_oven_freezing_recipes
[01Jul2025 20:09:47.993] [main/INFO] [ModdingLegacy/blue_skies/SkiesDataManager/]: Loaded 7 horizonite_forge_fuels
[01Jul2025 20:09:47.993] [main/INFO] [ModdingLegacy/blue_skies/SkiesDataManager/]: Loaded 12 snowcap_mushroom_freezing
[01Jul2025 20:09:48.022] [main/INFO] [ModdingLegacy/blue_skies/SkiesDataManager/]: Loaded 70 alchemy_recipes
[01Jul2025 20:09:48.024] [main/INFO] [ModdingLegacy/blue_skies/SkiesDataManager/]: Loaded 81 journal/entries
[01Jul2025 20:09:48.025] [main/INFO] [ModdingLegacy/blue_skies/SkiesDataManager/]: Loaded 3 journal/sections
[01Jul2025 20:09:48.025] [main/INFO] [ModdingLegacy/blue_skies/SkiesDataManager/]: Loaded 7 journal/requirements
[01Jul2025 20:09:48.034] [main/INFO] [com.lootintegrations.LootintegrationsMod/]: Parsing loot modifiers for:lootintegrations:dungeonloot_nether with loottable: minecraft:chests/nether_bridge
[01Jul2025 20:09:48.034] [main/INFO] [com.lootintegrations.LootintegrationsMod/]: Parsing loot modifiers for:lootintegrations:dungeonloot_hard with loottable: minecraft:chests/end_city_treasure
[01Jul2025 20:09:48.034] [main/INFO] [com.lootintegrations.LootintegrationsMod/]: Parsing loot modifiers for:lootintegrations:dungeonloot_water with loottable: minecraft:chests/underwater_ruin_big
[01Jul2025 20:09:48.034] [main/INFO] [com.lootintegrations.LootintegrationsMod/]: Parsing loot modifiers for:lootintegrations:dungeonloot_artifacts with loottable: treasure:chests/artifacts_loot
[01Jul2025 20:09:48.035] [main/INFO] [com.lootintegrations.LootintegrationsMod/]: Parsing loot modifiers for:lootintegrations:dungeonloot_medium with loottable: minecraft:chests/stronghold_crossing
[01Jul2025 20:09:48.035] [main/INFO] [com.lootintegrations.LootintegrationsMod/]: Parsing loot modifiers for:lootintegrations:dungeonloot_weaponry_2 with loottable: treasure:chests/weaponry_loot_2
[01Jul2025 20:09:48.035] [main/INFO] [com.lootintegrations.LootintegrationsMod/]: Parsing loot modifiers for:lootintegrations:villageloot_house with loottable: minecraft:chests/village/village_plains_house
[01Jul2025 20:09:48.035] [main/INFO] [com.lootintegrations.LootintegrationsMod/]: Parsing loot modifiers for:lootintegrations:dungeonloot_weaponry with loottable: treasure:chests/weaponry_loot
[01Jul2025 20:09:48.035] [main/INFO] [com.lootintegrations.LootintegrationsMod/]: Parsing loot modifiers for:lootintegrations:dungeonloot_easy with loottable: minecraft:chests/simple_dungeon
[01Jul2025 20:09:48.035] [main/INFO] [com.lootintegrations.LootintegrationsMod/]: Parsing loot modifiers for:lootintegrations:dungeonloot_no_overflow with loottable: minecraft:chests/simple_dungeon
[01Jul2025 20:09:48.043] [main/INFO] [com.teampotato.redirector.Redirector/]: Redirecting twilightforest/data/custom/stalactites/entry/Stalactite$HollowHillType
[01Jul2025 20:09:48.043] [main/INFO] [twilightforest/]: Loaded 9 Stalactite configs!
[01Jul2025 20:09:48.064] [main/INFO] [Dungeon Crawl/]: Loading data...
[01Jul2025 20:09:48.092] [main/INFO] [com.teampotato.redirector.Redirector/]: Redirecting xiroc/dungeoncrawl/dungeon/model/DungeonModelBlockType
[01Jul2025 20:09:48.347] [main/INFO] [com.teampotato.redirector.Redirector/]: Redirecting xiroc/dungeoncrawl/dungeon/DungeonLayerType
[01Jul2025 20:09:48.606] [main/INFO] [Dungeon Crawl/]: Done.
[01Jul2025 20:09:48.608] [main/INFO] [com.teamabnormals.blueprint.core.Blueprint/]: Skipped structure repaletter named 'atmospheric:grimwood_chests_in_ancient_cities' as its conditions were not met
[01Jul2025 20:09:48.608] [main/INFO] [com.teamabnormals.blueprint.core.Blueprint/]: Skipped structure repaletter named 'atmospheric:yucca_fences_in_desert_villages' as its conditions were not met
[01Jul2025 20:09:48.608] [main/INFO] [com.teamabnormals.blueprint.core.Blueprint/]: Skipped structure repaletter named 'atmospheric:yucca_trapdoors_in_desert_villages' as its conditions were not met
[01Jul2025 20:09:48.608] [main/INFO] [com.teamabnormals.blueprint.core.Blueprint/]: Skipped structure repaletter named 'atmospheric:grimwood_fences_in_ancient_cities' as its conditions were not met
[01Jul2025 20:09:48.608] [main/INFO] [com.teamabnormals.blueprint.core.Blueprint/]: Skipped structure repaletter named 'atmospheric:laurel_ladders_in_scrubland_villages' as its conditions were not met
[01Jul2025 20:09:48.608] [main/INFO] [com.teamabnormals.blueprint.core.Blueprint/]: Skipped structure repaletter named 'atmospheric:yucca_ladders_in_desert_villages' as its conditions were not met
[01Jul2025 20:09:48.608] [main/INFO] [com.teamabnormals.blueprint.core.Blueprint/]: Skipped structure repaletter named 'atmospheric:yucca_buttons_in_desert_villages' as its conditions were not met
[01Jul2025 20:09:48.608] [main/INFO] [com.teamabnormals.blueprint.core.Blueprint/]: Skipped structure repaletter named 'atmospheric:yucca_chests_in_desert_villages' as its conditions were not met
[01Jul2025 20:09:48.608] [main/INFO] [com.teamabnormals.blueprint.core.Blueprint/]: Skipped structure repaletter named 'atmospheric:yucca_doors_in_desert_villages' as its conditions were not met
[01Jul2025 20:09:48.608] [main/INFO] [com.teamabnormals.blueprint.core.Blueprint/]: Skipped structure repaletter named 'atmospheric:grimwood_ladders_in_ancient_cities' as its conditions were not met
[01Jul2025 20:09:48.608] [main/INFO] [com.teamabnormals.blueprint.core.Blueprint/]: Skipped structure repaletter named 'atmospheric:laurel_and_morado_chests_in_scrubland_villages' as its conditions were not met
[01Jul2025 20:09:48.608] [main/INFO] [com.teamabnormals.blueprint.core.Blueprint/]: Skipped structure repaletter named 'atmospheric:grimwood_planks_in_ancient_cities' as its conditions were not met
[01Jul2025 20:09:48.608] [main/INFO] [com.teamabnormals.blueprint.core.Blueprint/]: Skipped structure repaletter named 'atmospheric:yucca_bookshelves_in_desert_villages' as its conditions were not met
[01Jul2025 20:09:48.609] [main/INFO] [com.teamabnormals.blueprint.core.Blueprint/]: Skipped structure repaletter named 'atmospheric:laurel_bookshelves_in_scrubland_villages' as its conditions were not met
[01Jul2025 20:09:48.609] [main/INFO] [com.teamabnormals.blueprint.core.Blueprint/]: Skipped structure repaletter named 'atmospheric:grimwood_logs_in_ancient_cities' as its conditions were not met
[01Jul2025 20:09:48.609] [main/INFO] [com.teamabnormals.blueprint.core.Blueprint/]: Skipped structure repaletter named 'atmospheric:yucca_fence_gates_in_desert_villages' as its conditions were not met
[01Jul2025 20:09:48.609] [main/INFO] [com.teamabnormals.blueprint.core.Blueprint/]: Structure Repaletter Manager has loaded 0 repaletters
[01Jul2025 20:09:48.745] [main/INFO] [com.teamabnormals.blueprint.core.Blueprint/]: Modded Biome Slice Manager has loaded 2 slices
[01Jul2025 20:09:48.749] [main/INFO] [com.teamabnormals.blueprint.core.Blueprint/]: Chunk Generator Modification Manager has loaded 1 modifier groups
[01Jul2025 20:09:48.754] [main/INFO] [com.teampotato.redirector.Redirector/]: Redirecting daripher/skilltree/skill/bonus/condition/item/EquipmentCondition$Type
[01Jul2025 20:09:48.758] [main/INFO] [com.teampotato.redirector.Redirector/]: Redirecting daripher/skilltree/skill/bonus/condition/enchantment/NoneEnchantmentCondition
[01Jul2025 20:09:48.763] [main/INFO] [com.teampotato.redirector.Redirector/]: Redirecting daripher/skilltree/skill/bonus/SkillBonus$Target
[01Jul2025 20:09:48.765] [main/INFO] [com.teampotato.redirector.Redirector/]: Redirecting daripher/skilltree/skill/bonus/player/GainedExperienceBonus$ExperienceSource
[01Jul2025 20:09:48.793] [main/INFO] [com.teampotato.redirector.Redirector/]: Redirecting daripher/skilltree/skill/bonus/condition/item/NoneItemCondition
[01Jul2025 20:09:48.826] [main/INFO] [com.brutalbosses.BrutalBosses/]: Loaded boss variant for: minecraft:snow_golem
[01Jul2025 20:09:48.826] [main/INFO] [com.brutalbosses.BrutalBosses/]: Loaded boss variant for: minecraft:wandering_trader
[01Jul2025 20:09:48.827] [main/INFO] [com.brutalbosses.BrutalBosses/]: Loaded boss variant for: minecraft:pillager
[01Jul2025 20:09:48.827] [main/INFO] [com.brutalbosses.BrutalBosses/]: Loaded boss variant for: minecraft:evoker
[01Jul2025 20:09:48.827] [main/INFO] [com.brutalbosses.BrutalBosses/]: Loaded boss variant for: minecraft:zombie
[01Jul2025 20:09:48.827] [main/INFO] [com.brutalbosses.BrutalBosses/]: Loaded boss variant for: minecraft:evoker
[01Jul2025 20:09:48.827] [main/INFO] [com.brutalbosses.BrutalBosses/]: Loaded boss variant for: minecraft:shulker
[01Jul2025 20:09:48.827] [main/INFO] [com.brutalbosses.BrutalBosses/]: Loaded boss variant for: minecraft:blaze
[01Jul2025 20:09:48.827] [main/INFO] [com.brutalbosses.BrutalBosses/]: Loaded boss variant for: minecraft:phantom
[01Jul2025 20:09:48.827] [main/INFO] [com.brutalbosses.BrutalBosses/]: Loaded boss variant for: minecraft:mooshroom
[01Jul2025 20:09:48.827] [main/INFO] [com.brutalbosses.BrutalBosses/]: Loaded boss variant for: minecraft:skeleton
[01Jul2025 20:09:48.827] [main/INFO] [com.brutalbosses.BrutalBosses/]: Loaded boss variant for: minecraft:zombie
[01Jul2025 20:09:48.828] [main/INFO] [com.brutalbosses.BrutalBosses/]: Loaded boss variant for: minecraft:wither_skeleton
[01Jul2025 20:09:48.828] [main/INFO] [com.brutalbosses.BrutalBosses/]: Loaded boss variant for: minecraft:cave_spider
[01Jul2025 20:09:48.828] [main/INFO] [com.brutalbosses.BrutalBosses/]: Loaded boss variant for: minecraft:vindicator
[01Jul2025 20:09:48.828] [main/INFO] [com.brutalbosses.BrutalBosses/]: Loaded boss variant for: minecraft:zoglin
[01Jul2025 20:09:48.828] [main/INFO] [com.brutalbosses.BrutalBosses/]: Loaded boss variant for: minecraft:chicken
[01Jul2025 20:09:48.828] [main/INFO] [com.brutalbosses.BrutalBosses/]: Loaded boss variant for: minecraft:rabbit
[01Jul2025 20:09:48.828] [main/INFO] [com.brutalbosses.BrutalBosses/]: Loaded boss variant for: minecraft:piglin_brute
[01Jul2025 20:09:48.828] [main/INFO] [com.brutalbosses.BrutalBosses/]: Loaded boss variant for: minecraft:stray
[01Jul2025 20:09:48.828] [main/INFO] [com.brutalbosses.BrutalBosses/]: Loaded boss variant for: minecraft:drowned
[01Jul2025 20:09:48.828] [main/INFO] [com.brutalbosses.BrutalBosses/]: Loaded boss variant for: minecraft:iron_golem
[01Jul2025 20:09:48.828] [main/INFO] [com.brutalbosses.BrutalBosses/]: Loaded boss variant for: minecraft:zombie
[01Jul2025 20:09:48.828] [main/INFO] [com.brutalbosses.BrutalBosses/]: Loaded boss variant for: minecraft:vex
[01Jul2025 20:09:48.828] [main/INFO] [com.brutalbosses.BrutalBosses/]: Loaded boss variant for: minecraft:vindicator
[01Jul2025 20:09:48.828] [main/INFO] [com.brutalbosses.BrutalBosses/]: Loaded boss variant for: minecraft:wither_skeleton
[01Jul2025 20:09:48.828] [main/INFO] [com.brutalbosses.BrutalBosses/]: Loaded boss variant for: minecraft:husk
[01Jul2025 20:09:48.828] [main/INFO] [com.brutalbosses.BrutalBosses/]: Loaded boss variant for: minecraft:guardian
[01Jul2025 20:09:48.829] [main/INFO] [com.brutalbosses.BrutalBosses/]: Loaded boss variant for: minecraft:witch
[01Jul2025 20:09:48.829] [main/INFO] [com.brutalbosses.BrutalBosses/]: Loaded boss variant for: minecraft:ghast
[01Jul2025 20:09:48.832] [main/INFO] [com.teampotato.redirector.Redirector/]: Redirecting com/stal111/forbidden_arcanus/common/block/entity/forge/ritual/Ritual$PedestalType
[01Jul2025 20:09:48.860] [main/INFO] [Gateways to Eternity/]: Registered 35 gateways.
[01Jul2025 20:09:48.861] [main/INFO] [Apotheosis : Enchantment/]: Registered 33 enchanting_stats.
[01Jul2025 20:09:48.867] [main/ERROR] [Apotheosis : Adventure/]: Failed parsing affixes file apothiccurios:apothcurios/attribute/ironforged.
[01Jul2025 20:09:48.867] [main/ERROR] [Apotheosis : Adventure/]: Underlying Exception: 
java.lang.IllegalArgumentException: null
	at com.google.common.base.Preconditions.checkArgument(Preconditions.java:131) ~[guava-31.0.1-jre.jar%2372!/:?]
	at shadows.placebo.util.StepFunction.<init>(StepFunction.java:49) ~[Placebo-1.19.2-7.4.0.jar%23496!/:7.4.0]
	at com.mojang.datafixers.util.Function3.lambda$curry$0(Function3.java:10) ~[datafixerupper-5.0.28.jar%2375!/:?]
	at com.mojang.datafixers.kinds.Applicative.lambda$ap2$8(Applicative.java:75) ~[datafixerupper-5.0.28.jar%2375!/:?]
	at com.mojang.serialization.DataResult.lambda$ap$17(DataResult.java:159) ~[datafixerupper-5.0.28.jar%2375!/:?]
	at java.util.Optional.map(Optional.java:260) ~[?:?]
	at com.mojang.serialization.DataResult.lambda$ap$18(DataResult.java:159) ~[datafixerupper-5.0.28.jar%2375!/:?]
	at com.mojang.datafixers.util.Either$Right.mapBoth(Either.java:94) ~[datafixerupper-5.0.28.jar%2375!/:?]
	at com.mojang.serialization.DataResult.lambda$ap$19(DataResult.java:157) ~[datafixerupper-5.0.28.jar%2375!/:?]
	at com.mojang.datafixers.util.Either$Left.map(Either.java:38) ~[datafixerupper-5.0.28.jar%2375!/:?]
	at com.mojang.serialization.DataResult.ap(DataResult.java:156) ~[datafixerupper-5.0.28.jar%2375!/:?]
	at com.mojang.serialization.DataResult$Instance.ap(DataResult.java:301) ~[datafixerupper-5.0.28.jar%2375!/:?]
	at com.mojang.datafixers.kinds.Applicative.ap2(Applicative.java:76) ~[datafixerupper-5.0.28.jar%2375!/:?]
	at com.mojang.serialization.DataResult$Instance.ap2(DataResult.java:321) ~[datafixerupper-5.0.28.jar%2375!/:?]
	at com.mojang.datafixers.kinds.Applicative.ap3(Applicative.java:80) ~[datafixerupper-5.0.28.jar%2375!/:?]
	at com.mojang.serialization.DataResult$Instance.ap3(DataResult.java:344) ~[datafixerupper-5.0.28.jar%2375!/:?]
	at com.mojang.serialization.codecs.RecordCodecBuilder$Instance$5.decode(RecordCodecBuilder.java:321) ~[datafixerupper-5.0.28.jar%2375!/:?]
	at com.mojang.serialization.codecs.RecordCodecBuilder$2.decode(RecordCodecBuilder.java:107) ~[datafixerupper-5.0.28.jar%2375!/:?]
	at com.mojang.serialization.MapDecoder.lambda$compressedDecode$0(MapDecoder.java:52) ~[datafixerupper-5.0.28.jar%2375!/:?]
	at com.mojang.serialization.DataResult.lambda$flatMap$10(DataResult.java:138) ~[datafixerupper-5.0.28.jar%2375!/:?]
	at com.mojang.datafixers.util.Either$Left.map(Either.java:38) ~[datafixerupper-5.0.28.jar%2375!/:?]
	at com.mojang.serialization.DataResult.flatMap(DataResult.java:136) ~[datafixerupper-5.0.28.jar%2375!/:?]
	at com.mojang.serialization.MapDecoder.compressedDecode(MapDecoder.java:52) ~[datafixerupper-5.0.28.jar%2375!/:?]
	at com.mojang.serialization.MapCodec$MapCodecCodec.decode(MapCodec.java:91) ~[datafixerupper-5.0.28.jar%2375!/:?]
	at com.mojang.serialization.codecs.EitherCodec.decode(EitherCodec.java:28) ~[datafixerupper-5.0.28.jar%2375!/:?]
	at com.mojang.serialization.Decoder$2.decode(Decoder.java:63) ~[datafixerupper-5.0.28.jar%2375!/:?]
	at com.mojang.serialization.Codec$2.decode(Codec.java:71) ~[datafixerupper-5.0.28.jar%2375!/:?]
	at com.mojang.serialization.Decoder.parse(Decoder.java:18) ~[datafixerupper-5.0.28.jar%2375!/:?]
	at com.mojang.serialization.codecs.BaseMapCodec.lambda$decode$2(BaseMapCodec.java:31) ~[datafixerupper-5.0.28.jar%2375!/:?]
	at java.util.stream.ReduceOps$1ReducingSink.accept(ReduceOps.java:80) ~[?:?]
	at java.util.stream.ReferencePipeline$3$1.accept(ReferencePipeline.java:197) ~[?:?]
	at java.util.Iterator.forEachRemaining(Iterator.java:133) ~[?:?]
	at java.util.Spliterators$IteratorSpliterator.forEachRemaining(Spliterators.java:1845) ~[?:?]
	at java.util.stream.AbstractPipeline.copyInto(AbstractPipeline.java:509) ~[?:?]
	at java.util.stream.AbstractPipeline.wrapAndCopyInto(AbstractPipeline.java:499) ~[?:?]
	at java.util.stream.ReduceOps$ReduceOp.evaluateSequential(ReduceOps.java:921) ~[?:?]
	at java.util.stream.AbstractPipeline.evaluate(AbstractPipeline.java:234) ~[?:?]
	at java.util.stream.ReferencePipeline.reduce(ReferencePipeline.java:667) ~[?:?]
	at com.mojang.serialization.codecs.BaseMapCodec.decode(BaseMapCodec.java:27) ~[datafixerupper-5.0.28.jar%2375!/:?]
	at com.mojang.serialization.codecs.SimpleMapCodec.decode(SimpleMapCodec.java:48) ~[datafixerupper-5.0.28.jar%2375!/:?]
	at com.mojang.serialization.MapDecoder.lambda$compressedDecode$0(MapDecoder.java:52) ~[datafixerupper-5.0.28.jar%2375!/:?]
	at com.mojang.serialization.DataResult.lambda$flatMap$10(DataResult.java:138) ~[datafixerupper-5.0.28.jar%2375!/:?]
	at com.mojang.datafixers.util.Either$Left.map(Either.java:38) ~[datafixerupper-5.0.28.jar%2375!/:?]
	at com.mojang.serialization.DataResult.flatMap(DataResult.java:136) ~[datafixerupper-5.0.28.jar%2375!/:?]
	at com.mojang.serialization.MapDecoder.compressedDecode(MapDecoder.java:52) ~[datafixerupper-5.0.28.jar%2375!/:?]
	at com.mojang.serialization.MapCodec$MapCodecCodec.decode(MapCodec.java:91) ~[datafixerupper-5.0.28.jar%2375!/:?]
	at com.mojang.serialization.Decoder.parse(Decoder.java:18) ~[datafixerupper-5.0.28.jar%2375!/:?]
	at com.mojang.serialization.codecs.FieldDecoder.decode(FieldDecoder.java:29) ~[datafixerupper-5.0.28.jar%2375!/:?]
	at com.mojang.serialization.MapCodec$1.decode(MapCodec.java:34) ~[datafixerupper-5.0.28.jar%2375!/:?]
	at com.mojang.serialization.codecs.RecordCodecBuilder$Instance$7.decode(RecordCodecBuilder.java:408) ~[datafixerupper-5.0.28.jar%2375!/:?]
	at com.mojang.serialization.codecs.RecordCodecBuilder$2.decode(RecordCodecBuilder.java:107) ~[datafixerupper-5.0.28.jar%2375!/:?]
	at com.mojang.serialization.MapDecoder.lambda$compressedDecode$0(MapDecoder.java:52) ~[datafixerupper-5.0.28.jar%2375!/:?]
	at com.mojang.serialization.DataResult.lambda$flatMap$10(DataResult.java:138) ~[datafixerupper-5.0.28.jar%2375!/:?]
	at com.mojang.datafixers.util.Either$Left.map(Either.java:38) ~[datafixerupper-5.0.28.jar%2375!/:?]
	at com.mojang.serialization.DataResult.flatMap(DataResult.java:136) ~[datafixerupper-5.0.28.jar%2375!/:?]
	at com.mojang.serialization.MapDecoder.compressedDecode(MapDecoder.java:52) ~[datafixerupper-5.0.28.jar%2375!/:?]
	at com.mojang.serialization.MapCodec$MapCodecCodec.decode(MapCodec.java:91) ~[datafixerupper-5.0.28.jar%2375!/:?]
	at shadows.placebo.json.PSerializer.lambda$fromCodec$2(PSerializer.java:122) ~[Placebo-1.19.2-7.4.0.jar%23496!/:7.4.0]
	at shadows.placebo.json.PSerializer.read(PSerializer.java:76) ~[Placebo-1.19.2-7.4.0.jar%23496!/:7.4.0]
	at shadows.placebo.json.SerializerMap.read(SerializerMap.java:112) ~[Placebo-1.19.2-7.4.0.jar%23496!/:7.4.0]
	at shadows.placebo.json.PlaceboJsonReloadListener.lambda$apply$0(PlaceboJsonReloadListener.java:97) ~[Placebo-1.19.2-7.4.0.jar%23496!/:7.4.0]
	at java.util.HashMap.forEach(HashMap.java:1421) ~[?:?]
	at shadows.placebo.json.PlaceboJsonReloadListener.apply(PlaceboJsonReloadListener.java:91) ~[Placebo-1.19.2-7.4.0.jar%23496!/:7.4.0]
	at shadows.placebo.json.PlaceboJsonReloadListener.m_5787_(PlaceboJsonReloadListener.java:47) ~[Placebo-1.19.2-7.4.0.jar%23496!/:7.4.0]
	at net.minecraft.server.packs.resources.SimplePreparableReloadListener.m_10789_(SimplePreparableReloadListener.java:13) ~[server-1.19.2-20220805.130853-srg.jar%23565!/:?]
	at java.util.concurrent.CompletableFuture$UniAccept.tryFire(CompletableFuture.java:718) ~[?:?]
	at java.util.concurrent.CompletableFuture$Completion.run(CompletableFuture.java:482) ~[?:?]
	at net.minecraft.server.packs.resources.SimpleReloadInstance.m_143940_(SimpleReloadInstance.java:69) ~[server-1.19.2-20220805.130853-srg.jar%23565!/:?]
	at net.minecraft.Util.m_214652_(Util.java:781) ~[server-1.19.2-20220805.130853-srg.jar%23565!/:?]
	at net.minecraft.Util.m_214679_(Util.java:770) ~[server-1.19.2-20220805.130853-srg.jar%23565!/:?]
	at net.minecraft.server.Main.main(Main.java:157) ~[server-1.19.2-20220805.130853-srg.jar%23565!/:?]
	at jdk.internal.reflect.NativeMethodAccessorImpl.invoke0(Native Method) ~[?:?]
	at jdk.internal.reflect.NativeMethodAccessorImpl.invoke(NativeMethodAccessorImpl.java:77) ~[?:?]
	at jdk.internal.reflect.DelegatingMethodAccessorImpl.invoke(DelegatingMethodAccessorImpl.java:43) ~[?:?]
	at java.lang.reflect.Method.invoke(Method.java:569) ~[?:?]
	at net.minecraftforge.fml.loading.targets.CommonServerLaunchHandler.lambda$launchService$0(CommonServerLaunchHandler.java:29) ~[fmlloader-1.19.2-43.4.2.jar%2367!/:?]
	at cpw.mods.modlauncher.LaunchServiceHandlerDecorator.launch(LaunchServiceHandlerDecorator.java:30) [modlauncher-10.0.8.jar%2354!/:?]
	at cpw.mods.modlauncher.LaunchServiceHandler.launch(LaunchServiceHandler.java:53) [modlauncher-10.0.8.jar%2354!/:?]
	at cpw.mods.modlauncher.LaunchServiceHandler.launch(LaunchServiceHandler.java:71) [modlauncher-10.0.8.jar%2354!/:?]
	at cpw.mods.modlauncher.Launcher.run(Launcher.java:106) [modlauncher-10.0.8.jar%2354!/:?]
	at cpw.mods.modlauncher.Launcher.main(Launcher.java:77) [modlauncher-10.0.8.jar%2354!/:?]
	at cpw.mods.modlauncher.BootstrapLaunchConsumer.accept(BootstrapLaunchConsumer.java:26) [modlauncher-10.0.8.jar%2354!/:?]
	at cpw.mods.modlauncher.BootstrapLaunchConsumer.accept(BootstrapLaunchConsumer.java:23) [modlauncher-10.0.8.jar%2354!/:?]
	at cpw.mods.bootstraplauncher.BootstrapLauncher.main(BootstrapLauncher.java:141) [bootstraplauncher-1.1.2.jar:?]
[01Jul2025 20:09:48.871] [main/ERROR] [Apotheosis : Adventure/]: Failed parsing affixes file apothiccurios:apothcurios/attribute/immortal.
[01Jul2025 20:09:48.871] [main/ERROR] [Apotheosis : Adventure/]: Underlying Exception: 
java.lang.IllegalArgumentException: null
	at com.google.common.base.Preconditions.checkArgument(Preconditions.java:131) ~[guava-31.0.1-jre.jar%2372!/:?]
	at shadows.placebo.util.StepFunction.<init>(StepFunction.java:49) ~[Placebo-1.19.2-7.4.0.jar%23496!/:7.4.0]
	at com.mojang.datafixers.util.Function3.lambda$curry$0(Function3.java:10) ~[datafixerupper-5.0.28.jar%2375!/:?]
	at com.mojang.datafixers.kinds.Applicative.lambda$ap2$8(Applicative.java:75) ~[datafixerupper-5.0.28.jar%2375!/:?]
	at com.mojang.serialization.DataResult.lambda$ap$17(DataResult.java:159) ~[datafixerupper-5.0.28.jar%2375!/:?]
	at java.util.Optional.map(Optional.java:260) ~[?:?]
	at com.mojang.serialization.DataResult.lambda$ap$18(DataResult.java:159) ~[datafixerupper-5.0.28.jar%2375!/:?]
	at com.mojang.datafixers.util.Either$Right.mapBoth(Either.java:94) ~[datafixerupper-5.0.28.jar%2375!/:?]
	at com.mojang.serialization.DataResult.lambda$ap$19(DataResult.java:157) ~[datafixerupper-5.0.28.jar%2375!/:?]
	at com.mojang.datafixers.util.Either$Left.map(Either.java:38) ~[datafixerupper-5.0.28.jar%2375!/:?]
	at com.mojang.serialization.DataResult.ap(DataResult.java:156) ~[datafixerupper-5.0.28.jar%2375!/:?]
	at com.mojang.serialization.DataResult$Instance.ap(DataResult.java:301) ~[datafixerupper-5.0.28.jar%2375!/:?]
	at com.mojang.datafixers.kinds.Applicative.ap2(Applicative.java:76) ~[datafixerupper-5.0.28.jar%2375!/:?]
	at com.mojang.serialization.DataResult$Instance.ap2(DataResult.java:321) ~[datafixerupper-5.0.28.jar%2375!/:?]
	at com.mojang.datafixers.kinds.Applicative.ap3(Applicative.java:80) ~[datafixerupper-5.0.28.jar%2375!/:?]
	at com.mojang.serialization.DataResult$Instance.ap3(DataResult.java:344) ~[datafixerupper-5.0.28.jar%2375!/:?]
	at com.mojang.serialization.codecs.RecordCodecBuilder$Instance$5.decode(RecordCodecBuilder.java:321) ~[datafixerupper-5.0.28.jar%2375!/:?]
	at com.mojang.serialization.codecs.RecordCodecBuilder$2.decode(RecordCodecBuilder.java:107) ~[datafixerupper-5.0.28.jar%2375!/:?]
	at com.mojang.serialization.MapDecoder.lambda$compressedDecode$0(MapDecoder.java:52) ~[datafixerupper-5.0.28.jar%2375!/:?]
	at com.mojang.serialization.DataResult.lambda$flatMap$10(DataResult.java:138) ~[datafixerupper-5.0.28.jar%2375!/:?]
	at com.mojang.datafixers.util.Either$Left.map(Either.java:38) ~[datafixerupper-5.0.28.jar%2375!/:?]
	at com.mojang.serialization.DataResult.flatMap(DataResult.java:136) ~[datafixerupper-5.0.28.jar%2375!/:?]
	at com.mojang.serialization.MapDecoder.compressedDecode(MapDecoder.java:52) ~[datafixerupper-5.0.28.jar%2375!/:?]
	at com.mojang.serialization.MapCodec$MapCodecCodec.decode(MapCodec.java:91) ~[datafixerupper-5.0.28.jar%2375!/:?]
	at com.mojang.serialization.codecs.EitherCodec.decode(EitherCodec.java:28) ~[datafixerupper-5.0.28.jar%2375!/:?]
	at com.mojang.serialization.Decoder$2.decode(Decoder.java:63) ~[datafixerupper-5.0.28.jar%2375!/:?]
	at com.mojang.serialization.Codec$2.decode(Codec.java:71) ~[datafixerupper-5.0.28.jar%2375!/:?]
	at com.mojang.serialization.Decoder.parse(Decoder.java:18) ~[datafixerupper-5.0.28.jar%2375!/:?]
	at com.mojang.serialization.codecs.BaseMapCodec.lambda$decode$2(BaseMapCodec.java:31) ~[datafixerupper-5.0.28.jar%2375!/:?]
	at java.util.stream.ReduceOps$1ReducingSink.accept(ReduceOps.java:80) ~[?:?]
	at java.util.stream.ReferencePipeline$3$1.accept(ReferencePipeline.java:197) ~[?:?]
	at java.util.Iterator.forEachRemaining(Iterator.java:133) ~[?:?]
	at java.util.Spliterators$IteratorSpliterator.forEachRemaining(Spliterators.java:1845) ~[?:?]
	at java.util.stream.AbstractPipeline.copyInto(AbstractPipeline.java:509) ~[?:?]
	at java.util.stream.AbstractPipeline.wrapAndCopyInto(AbstractPipeline.java:499) ~[?:?]
	at java.util.stream.ReduceOps$ReduceOp.evaluateSequential(ReduceOps.java:921) ~[?:?]
	at java.util.stream.AbstractPipeline.evaluate(AbstractPipeline.java:234) ~[?:?]
	at java.util.stream.ReferencePipeline.reduce(ReferencePipeline.java:667) ~[?:?]
	at com.mojang.serialization.codecs.BaseMapCodec.decode(BaseMapCodec.java:27) ~[datafixerupper-5.0.28.jar%2375!/:?]
	at com.mojang.serialization.codecs.SimpleMapCodec.decode(SimpleMapCodec.java:48) ~[datafixerupper-5.0.28.jar%2375!/:?]
	at com.mojang.serialization.MapDecoder.lambda$compressedDecode$0(MapDecoder.java:52) ~[datafixerupper-5.0.28.jar%2375!/:?]
	at com.mojang.serialization.DataResult.lambda$flatMap$10(DataResult.java:138) ~[datafixerupper-5.0.28.jar%2375!/:?]
	at com.mojang.datafixers.util.Either$Left.map(Either.java:38) ~[datafixerupper-5.0.28.jar%2375!/:?]
	at com.mojang.serialization.DataResult.flatMap(DataResult.java:136) ~[datafixerupper-5.0.28.jar%2375!/:?]
	at com.mojang.serialization.MapDecoder.compressedDecode(MapDecoder.java:52) ~[datafixerupper-5.0.28.jar%2375!/:?]
	at com.mojang.serialization.MapCodec$MapCodecCodec.decode(MapCodec.java:91) ~[datafixerupper-5.0.28.jar%2375!/:?]
	at com.mojang.serialization.Decoder.parse(Decoder.java:18) ~[datafixerupper-5.0.28.jar%2375!/:?]
	at com.mojang.serialization.codecs.FieldDecoder.decode(FieldDecoder.java:29) ~[datafixerupper-5.0.28.jar%2375!/:?]
	at com.mojang.serialization.MapCodec$1.decode(MapCodec.java:34) ~[datafixerupper-5.0.28.jar%2375!/:?]
	at com.mojang.serialization.codecs.RecordCodecBuilder$Instance$7.decode(RecordCodecBuilder.java:408) ~[datafixerupper-5.0.28.jar%2375!/:?]
	at com.mojang.serialization.codecs.RecordCodecBuilder$2.decode(RecordCodecBuilder.java:107) ~[datafixerupper-5.0.28.jar%2375!/:?]
	at com.mojang.serialization.MapDecoder.lambda$compressedDecode$0(MapDecoder.java:52) ~[datafixerupper-5.0.28.jar%2375!/:?]
	at com.mojang.serialization.DataResult.lambda$flatMap$10(DataResult.java:138) ~[datafixerupper-5.0.28.jar%2375!/:?]
	at com.mojang.datafixers.util.Either$Left.map(Either.java:38) ~[datafixerupper-5.0.28.jar%2375!/:?]
	at com.mojang.serialization.DataResult.flatMap(DataResult.java:136) ~[datafixerupper-5.0.28.jar%2375!/:?]
	at com.mojang.serialization.MapDecoder.compressedDecode(MapDecoder.java:52) ~[datafixerupper-5.0.28.jar%2375!/:?]
	at com.mojang.serialization.MapCodec$MapCodecCodec.decode(MapCodec.java:91) ~[datafixerupper-5.0.28.jar%2375!/:?]
	at shadows.placebo.json.PSerializer.lambda$fromCodec$2(PSerializer.java:122) ~[Placebo-1.19.2-7.4.0.jar%23496!/:7.4.0]
	at shadows.placebo.json.PSerializer.read(PSerializer.java:76) ~[Placebo-1.19.2-7.4.0.jar%23496!/:7.4.0]
	at shadows.placebo.json.SerializerMap.read(SerializerMap.java:112) ~[Placebo-1.19.2-7.4.0.jar%23496!/:7.4.0]
	at shadows.placebo.json.PlaceboJsonReloadListener.lambda$apply$0(PlaceboJsonReloadListener.java:97) ~[Placebo-1.19.2-7.4.0.jar%23496!/:7.4.0]
	at java.util.HashMap.forEach(HashMap.java:1421) ~[?:?]
	at shadows.placebo.json.PlaceboJsonReloadListener.apply(PlaceboJsonReloadListener.java:91) ~[Placebo-1.19.2-7.4.0.jar%23496!/:7.4.0]
	at shadows.placebo.json.PlaceboJsonReloadListener.m_5787_(PlaceboJsonReloadListener.java:47) ~[Placebo-1.19.2-7.4.0.jar%23496!/:7.4.0]
	at net.minecraft.server.packs.resources.SimplePreparableReloadListener.m_10789_(SimplePreparableReloadListener.java:13) ~[server-1.19.2-20220805.130853-srg.jar%23565!/:?]
	at java.util.concurrent.CompletableFuture$UniAccept.tryFire(CompletableFuture.java:718) ~[?:?]
	at java.util.concurrent.CompletableFuture$Completion.run(CompletableFuture.java:482) ~[?:?]
	at net.minecraft.server.packs.resources.SimpleReloadInstance.m_143940_(SimpleReloadInstance.java:69) ~[server-1.19.2-20220805.130853-srg.jar%23565!/:?]
	at net.minecraft.Util.m_214652_(Util.java:781) ~[server-1.19.2-20220805.130853-srg.jar%23565!/:?]
	at net.minecraft.Util.m_214679_(Util.java:770) ~[server-1.19.2-20220805.130853-srg.jar%23565!/:?]
	at net.minecraft.server.Main.main(Main.java:157) ~[server-1.19.2-20220805.130853-srg.jar%23565!/:?]
	at jdk.internal.reflect.NativeMethodAccessorImpl.invoke0(Native Method) ~[?:?]
	at jdk.internal.reflect.NativeMethodAccessorImpl.invoke(NativeMethodAccessorImpl.java:77) ~[?:?]
	at jdk.internal.reflect.DelegatingMethodAccessorImpl.invoke(DelegatingMethodAccessorImpl.java:43) ~[?:?]
	at java.lang.reflect.Method.invoke(Method.java:569) ~[?:?]
	at net.minecraftforge.fml.loading.targets.CommonServerLaunchHandler.lambda$launchService$0(CommonServerLaunchHandler.java:29) ~[fmlloader-1.19.2-43.4.2.jar%2367!/:?]
	at cpw.mods.modlauncher.LaunchServiceHandlerDecorator.launch(LaunchServiceHandlerDecorator.java:30) [modlauncher-10.0.8.jar%2354!/:?]
	at cpw.mods.modlauncher.LaunchServiceHandler.launch(LaunchServiceHandler.java:53) [modlauncher-10.0.8.jar%2354!/:?]
	at cpw.mods.modlauncher.LaunchServiceHandler.launch(LaunchServiceHandler.java:71) [modlauncher-10.0.8.jar%2354!/:?]
	at cpw.mods.modlauncher.Launcher.run(Launcher.java:106) [modlauncher-10.0.8.jar%2354!/:?]
	at cpw.mods.modlauncher.Launcher.main(Launcher.java:77) [modlauncher-10.0.8.jar%2354!/:?]
	at cpw.mods.modlauncher.BootstrapLaunchConsumer.accept(BootstrapLaunchConsumer.java:26) [modlauncher-10.0.8.jar%2354!/:?]
	at cpw.mods.modlauncher.BootstrapLaunchConsumer.accept(BootstrapLaunchConsumer.java:23) [modlauncher-10.0.8.jar%2354!/:?]
	at cpw.mods.bootstraplauncher.BootstrapLauncher.main(BootstrapLauncher.java:141) [bootstraplauncher-1.1.2.jar:?]
[01Jul2025 20:09:48.884] [main/ERROR] [Apotheosis : Adventure/]: Failed parsing affixes file apothiccurios:apothcurios/attribute/steel_touched.
[01Jul2025 20:09:48.884] [main/ERROR] [Apotheosis : Adventure/]: Underlying Exception: 
java.lang.IllegalArgumentException: null
	at com.google.common.base.Preconditions.checkArgument(Preconditions.java:131) ~[guava-31.0.1-jre.jar%2372!/:?]
	at shadows.placebo.util.StepFunction.<init>(StepFunction.java:49) ~[Placebo-1.19.2-7.4.0.jar%23496!/:7.4.0]
	at com.mojang.datafixers.util.Function3.lambda$curry$0(Function3.java:10) ~[datafixerupper-5.0.28.jar%2375!/:?]
	at com.mojang.datafixers.kinds.Applicative.lambda$ap2$8(Applicative.java:75) ~[datafixerupper-5.0.28.jar%2375!/:?]
	at com.mojang.serialization.DataResult.lambda$ap$17(DataResult.java:159) ~[datafixerupper-5.0.28.jar%2375!/:?]
	at java.util.Optional.map(Optional.java:260) ~[?:?]
	at com.mojang.serialization.DataResult.lambda$ap$18(DataResult.java:159) ~[datafixerupper-5.0.28.jar%2375!/:?]
	at com.mojang.datafixers.util.Either$Right.mapBoth(Either.java:94) ~[datafixerupper-5.0.28.jar%2375!/:?]
	at com.mojang.serialization.DataResult.lambda$ap$19(DataResult.java:157) ~[datafixerupper-5.0.28.jar%2375!/:?]
	at com.mojang.datafixers.util.Either$Left.map(Either.java:38) ~[datafixerupper-5.0.28.jar%2375!/:?]
	at com.mojang.serialization.DataResult.ap(DataResult.java:156) ~[datafixerupper-5.0.28.jar%2375!/:?]
	at com.mojang.serialization.DataResult$Instance.ap(DataResult.java:301) ~[datafixerupper-5.0.28.jar%2375!/:?]
	at com.mojang.datafixers.kinds.Applicative.ap2(Applicative.java:76) ~[datafixerupper-5.0.28.jar%2375!/:?]
	at com.mojang.serialization.DataResult$Instance.ap2(DataResult.java:321) ~[datafixerupper-5.0.28.jar%2375!/:?]
	at com.mojang.datafixers.kinds.Applicative.ap3(Applicative.java:80) ~[datafixerupper-5.0.28.jar%2375!/:?]
	at com.mojang.serialization.DataResult$Instance.ap3(DataResult.java:344) ~[datafixerupper-5.0.28.jar%2375!/:?]
	at com.mojang.serialization.codecs.RecordCodecBuilder$Instance$5.decode(RecordCodecBuilder.java:321) ~[datafixerupper-5.0.28.jar%2375!/:?]
	at com.mojang.serialization.codecs.RecordCodecBuilder$2.decode(RecordCodecBuilder.java:107) ~[datafixerupper-5.0.28.jar%2375!/:?]
	at com.mojang.serialization.MapDecoder.lambda$compressedDecode$0(MapDecoder.java:52) ~[datafixerupper-5.0.28.jar%2375!/:?]
	at com.mojang.serialization.DataResult.lambda$flatMap$10(DataResult.java:138) ~[datafixerupper-5.0.28.jar%2375!/:?]
	at com.mojang.datafixers.util.Either$Left.map(Either.java:38) ~[datafixerupper-5.0.28.jar%2375!/:?]
	at com.mojang.serialization.DataResult.flatMap(DataResult.java:136) ~[datafixerupper-5.0.28.jar%2375!/:?]
	at com.mojang.serialization.MapDecoder.compressedDecode(MapDecoder.java:52) ~[datafixerupper-5.0.28.jar%2375!/:?]
	at com.mojang.serialization.MapCodec$MapCodecCodec.decode(MapCodec.java:91) ~[datafixerupper-5.0.28.jar%2375!/:?]
	at com.mojang.serialization.codecs.EitherCodec.decode(EitherCodec.java:28) ~[datafixerupper-5.0.28.jar%2375!/:?]
	at com.mojang.serialization.Decoder$2.decode(Decoder.java:63) ~[datafixerupper-5.0.28.jar%2375!/:?]
	at com.mojang.serialization.Codec$2.decode(Codec.java:71) ~[datafixerupper-5.0.28.jar%2375!/:?]
	at com.mojang.serialization.Decoder.parse(Decoder.java:18) ~[datafixerupper-5.0.28.jar%2375!/:?]
	at com.mojang.serialization.codecs.BaseMapCodec.lambda$decode$2(BaseMapCodec.java:31) ~[datafixerupper-5.0.28.jar%2375!/:?]
	at java.util.stream.ReduceOps$1ReducingSink.accept(ReduceOps.java:80) ~[?:?]
	at java.util.stream.ReferencePipeline$3$1.accept(ReferencePipeline.java:197) ~[?:?]
	at java.util.Iterator.forEachRemaining(Iterator.java:133) ~[?:?]
	at java.util.Spliterators$IteratorSpliterator.forEachRemaining(Spliterators.java:1845) ~[?:?]
	at java.util.stream.AbstractPipeline.copyInto(AbstractPipeline.java:509) ~[?:?]
	at java.util.stream.AbstractPipeline.wrapAndCopyInto(AbstractPipeline.java:499) ~[?:?]
	at java.util.stream.ReduceOps$ReduceOp.evaluateSequential(ReduceOps.java:921) ~[?:?]
	at java.util.stream.AbstractPipeline.evaluate(AbstractPipeline.java:234) ~[?:?]
	at java.util.stream.ReferencePipeline.reduce(ReferencePipeline.java:667) ~[?:?]
	at com.mojang.serialization.codecs.BaseMapCodec.decode(BaseMapCodec.java:27) ~[datafixerupper-5.0.28.jar%2375!/:?]
	at com.mojang.serialization.codecs.SimpleMapCodec.decode(SimpleMapCodec.java:48) ~[datafixerupper-5.0.28.jar%2375!/:?]
	at com.mojang.serialization.MapDecoder.lambda$compressedDecode$0(MapDecoder.java:52) ~[datafixerupper-5.0.28.jar%2375!/:?]
	at com.mojang.serialization.DataResult.lambda$flatMap$10(DataResult.java:138) ~[datafixerupper-5.0.28.jar%2375!/:?]
	at com.mojang.datafixers.util.Either$Left.map(Either.java:38) ~[datafixerupper-5.0.28.jar%2375!/:?]
	at com.mojang.serialization.DataResult.flatMap(DataResult.java:136) ~[datafixerupper-5.0.28.jar%2375!/:?]
	at com.mojang.serialization.MapDecoder.compressedDecode(MapDecoder.java:52) ~[datafixerupper-5.0.28.jar%2375!/:?]
	at com.mojang.serialization.MapCodec$MapCodecCodec.decode(MapCodec.java:91) ~[datafixerupper-5.0.28.jar%2375!/:?]
	at com.mojang.serialization.Decoder.parse(Decoder.java:18) ~[datafixerupper-5.0.28.jar%2375!/:?]
	at com.mojang.serialization.codecs.FieldDecoder.decode(FieldDecoder.java:29) ~[datafixerupper-5.0.28.jar%2375!/:?]
	at com.mojang.serialization.MapCodec$1.decode(MapCodec.java:34) ~[datafixerupper-5.0.28.jar%2375!/:?]
	at com.mojang.serialization.codecs.RecordCodecBuilder$Instance$7.decode(RecordCodecBuilder.java:408) ~[datafixerupper-5.0.28.jar%2375!/:?]
	at com.mojang.serialization.codecs.RecordCodecBuilder$2.decode(RecordCodecBuilder.java:107) ~[datafixerupper-5.0.28.jar%2375!/:?]
	at com.mojang.serialization.MapDecoder.lambda$compressedDecode$0(MapDecoder.java:52) ~[datafixerupper-5.0.28.jar%2375!/:?]
	at com.mojang.serialization.DataResult.lambda$flatMap$10(DataResult.java:138) ~[datafixerupper-5.0.28.jar%2375!/:?]
	at com.mojang.datafixers.util.Either$Left.map(Either.java:38) ~[datafixerupper-5.0.28.jar%2375!/:?]
	at com.mojang.serialization.DataResult.flatMap(DataResult.java:136) ~[datafixerupper-5.0.28.jar%2375!/:?]
	at com.mojang.serialization.MapDecoder.compressedDecode(MapDecoder.java:52) ~[datafixerupper-5.0.28.jar%2375!/:?]
	at com.mojang.serialization.MapCodec$MapCodecCodec.decode(MapCodec.java:91) ~[datafixerupper-5.0.28.jar%2375!/:?]
	at shadows.placebo.json.PSerializer.lambda$fromCodec$2(PSerializer.java:122) ~[Placebo-1.19.2-7.4.0.jar%23496!/:7.4.0]
	at shadows.placebo.json.PSerializer.read(PSerializer.java:76) ~[Placebo-1.19.2-7.4.0.jar%23496!/:7.4.0]
	at shadows.placebo.json.SerializerMap.read(SerializerMap.java:112) ~[Placebo-1.19.2-7.4.0.jar%23496!/:7.4.0]
	at shadows.placebo.json.PlaceboJsonReloadListener.lambda$apply$0(PlaceboJsonReloadListener.java:97) ~[Placebo-1.19.2-7.4.0.jar%23496!/:7.4.0]
	at java.util.HashMap.forEach(HashMap.java:1421) ~[?:?]
	at shadows.placebo.json.PlaceboJsonReloadListener.apply(PlaceboJsonReloadListener.java:91) ~[Placebo-1.19.2-7.4.0.jar%23496!/:7.4.0]
	at shadows.placebo.json.PlaceboJsonReloadListener.m_5787_(PlaceboJsonReloadListener.java:47) ~[Placebo-1.19.2-7.4.0.jar%23496!/:7.4.0]
	at net.minecraft.server.packs.resources.SimplePreparableReloadListener.m_10789_(SimplePreparableReloadListener.java:13) ~[server-1.19.2-20220805.130853-srg.jar%23565!/:?]
	at java.util.concurrent.CompletableFuture$UniAccept.tryFire(CompletableFuture.java:718) ~[?:?]
	at java.util.concurrent.CompletableFuture$Completion.run(CompletableFuture.java:482) ~[?:?]
	at net.minecraft.server.packs.resources.SimpleReloadInstance.m_143940_(SimpleReloadInstance.java:69) ~[server-1.19.2-20220805.130853-srg.jar%23565!/:?]
	at net.minecraft.Util.m_214652_(Util.java:781) ~[server-1.19.2-20220805.130853-srg.jar%23565!/:?]
	at net.minecraft.Util.m_214679_(Util.java:770) ~[server-1.19.2-20220805.130853-srg.jar%23565!/:?]
	at net.minecraft.server.Main.main(Main.java:157) ~[server-1.19.2-20220805.130853-srg.jar%23565!/:?]
	at jdk.internal.reflect.NativeMethodAccessorImpl.invoke0(Native Method) ~[?:?]
	at jdk.internal.reflect.NativeMethodAccessorImpl.invoke(NativeMethodAccessorImpl.java:77) ~[?:?]
	at jdk.internal.reflect.DelegatingMethodAccessorImpl.invoke(DelegatingMethodAccessorImpl.java:43) ~[?:?]
	at java.lang.reflect.Method.invoke(Method.java:569) ~[?:?]
	at net.minecraftforge.fml.loading.targets.CommonServerLaunchHandler.lambda$launchService$0(CommonServerLaunchHandler.java:29) ~[fmlloader-1.19.2-43.4.2.jar%2367!/:?]
	at cpw.mods.modlauncher.LaunchServiceHandlerDecorator.launch(LaunchServiceHandlerDecorator.java:30) [modlauncher-10.0.8.jar%2354!/:?]
	at cpw.mods.modlauncher.LaunchServiceHandler.launch(LaunchServiceHandler.java:53) [modlauncher-10.0.8.jar%2354!/:?]
	at cpw.mods.modlauncher.LaunchServiceHandler.launch(LaunchServiceHandler.java:71) [modlauncher-10.0.8.jar%2354!/:?]
	at cpw.mods.modlauncher.Launcher.run(Launcher.java:106) [modlauncher-10.0.8.jar%2354!/:?]
	at cpw.mods.modlauncher.Launcher.main(Launcher.java:77) [modlauncher-10.0.8.jar%2354!/:?]
	at cpw.mods.modlauncher.BootstrapLaunchConsumer.accept(BootstrapLaunchConsumer.java:26) [modlauncher-10.0.8.jar%2354!/:?]
	at cpw.mods.modlauncher.BootstrapLaunchConsumer.accept(BootstrapLaunchConsumer.java:23) [modlauncher-10.0.8.jar%2354!/:?]
	at cpw.mods.bootstraplauncher.BootstrapLauncher.main(BootstrapLauncher.java:141) [bootstraplauncher-1.1.2.jar:?]
[01Jul2025 20:09:48.889] [main/INFO] [Apotheosis : Adventure/]: Registered 209 affixes.
[01Jul2025 20:09:48.918] [main/INFO] [Apotheosis : Adventure/]: Registered 73 gems.
[01Jul2025 20:09:48.935] [main/INFO] [Apotheosis : Adventure/]: Registered 197 affix_loot_entries.
[01Jul2025 20:09:48.938] [main/INFO] [Apotheosis : Adventure/]: Registered 29 boss_gear.
[01Jul2025 20:09:48.947] [main/INFO] [Apotheosis : Adventure/]: Registered 50 bosses.
[01Jul2025 20:09:48.952] [main/INFO] [Apotheosis : Adventure/]: Registered 8 random_spawners.
[01Jul2025 20:09:48.953] [main/INFO] [Apotheosis : Adventure/]: Registered 6 rarities.
[01Jul2025 20:09:48.971] [main/INFO] [Apotheosis : Adventure/]: Registered 9 minibosses.
[01Jul2025 20:09:48.977] [main/INFO] [Apotheosis : Village/]: Registered 74 wanderer_trades.
[01Jul2025 20:09:48.981] [main/INFO] [CraftTweaker/]: crafttweaker.reload.start
[01Jul2025 20:09:49.053] [main/INFO] [com.teampotato.redirector.Redirector/]: Redirecting net/minecraft/world/level/block/SupportType
[01Jul2025 20:09:49.057] [main/INFO] [com.teampotato.redirector.Redirector/]: Redirecting net/minecraft/world/ticks/TickPriority
[01Jul2025 20:09:49.073] [main/INFO] [com.teampotato.redirector.Redirector/]: Redirecting net/minecraft/world/entity/player/PlayerModelPart
[01Jul2025 20:09:49.151] [main/INFO] [com.teampotato.redirector.Redirector/]: Redirecting net/minecraft/world/entity/projectile/AbstractArrow$Pickup
[01Jul2025 20:09:49.167] [main/INFO] [com.teampotato.redirector.Redirector/]: Redirecting net/minecraft/world/entity/player/ChatVisiblity
[01Jul2025 20:09:49.561] [main/INFO] [com.teampotato.redirector.Redirector/]: Redirecting com/blamejared/crafttweaker/api/data/visitor/DataToStringVisitor
[01Jul2025 20:09:49.565] [main/INFO] [CraftTweaker/]: crafttweaker.reload.complete
[01Jul2025 20:09:49.578] [main/WARN] [net.minecraft.core.MappedRegistry/]: Not all defined tags for registry ResourceKey[minecraft:root / minecraft:worldgen/biome] are present in data pack: forge:is_eyestalker, forge:is_forest, forge:is_oecean
[01Jul2025 20:09:49.663] [main/INFO] [com.teampotato.redirector.Redirector/]: Redirecting net/minecraftforge/event/TagsUpdatedEvent$UpdateCause
[01Jul2025 20:09:49.904] [main/INFO] [com.teampotato.redirector.Redirector/]: Redirecting com/legacy/blue_skies/world/biome_provider/biomes/BiomeIds$Temperature
[01Jul2025 20:09:49.905] [main/INFO] [com.teampotato.redirector.Redirector/]: Redirecting net/minecraft/world/level/levelgen/WorldgenRandom$Algorithm
[01Jul2025 20:09:49.939] [main/INFO] [majruszlibrary/]: [majruszsdifficulty.json] Reloading configuration file took 7 milliseconds
[01Jul2025 20:09:49.942] [main/INFO] [majruszlibrary/]: [majruszlibrary.json] Reloading configuration file took 1 milliseconds
[01Jul2025 20:09:49.944] [main/INFO] [majruszlibrary/]: [majruszsaccessories.json] Reloading configuration file took 2 milliseconds
[01Jul2025 20:09:49.948] [main/INFO] [majruszlibrary/]: [majruszsenchantments.json] Reloading configuration file took 2 milliseconds
[01Jul2025 20:09:49.949] [Server thread/INFO] [net.minecraft.server.dedicated.DedicatedServer/]: Starting minecraft server version 1.19.2
[01Jul2025 20:09:49.950] [Server thread/INFO] [net.minecraft.server.dedicated.DedicatedServer/]: Loading properties
[01Jul2025 20:09:49.950] [Server thread/INFO] [net.minecraft.server.dedicated.DedicatedServer/]: Default game type: SURVIVAL
[01Jul2025 20:09:49.950] [Server thread/INFO] [net.minecraft.server.MinecraftServer/]: Generating keypair
[01Jul2025 20:09:50.211] [Server thread/INFO] [net.minecraft.server.dedicated.DedicatedServer/]: Starting Minecraft server on *:25565
[01Jul2025 20:09:50.275] [Server thread/INFO] [net.minecraft.server.network.ServerConnectionListener/]: Using epoll channel type
[01Jul2025 20:09:50.352] [Server thread/WARN] [net.minecraft.server.dedicated.DedicatedServer/]: **** SERVER IS RUNNING IN OFFLINE/INSECURE MODE!
[01Jul2025 20:09:50.353] [Server thread/WARN] [net.minecraft.server.dedicated.DedicatedServer/]: The server will make no attempt to authenticate usernames. Beware.
[01Jul2025 20:09:50.353] [Server thread/WARN] [net.minecraft.server.dedicated.DedicatedServer/]: While this makes the game possible to play without internet access, it also opens up the ability for hackers to connect with any username they choose.
[01Jul2025 20:09:50.353] [Server thread/WARN] [net.minecraft.server.dedicated.DedicatedServer/]: To change this, set "online-mode" to "true" in the server.properties file.
[01Jul2025 20:09:50.402] [Server thread/INFO] [com.tom.storagemod.StorageMod/]: Loaded Tom's Simple Storage config file toms_storage-server.toml
[01Jul2025 20:09:50.914] [Server thread/INFO] [com.teampotato.redirector.Redirector/]: Redirecting net/minecraftforge/common/world/StructureModifier$Phase
[01Jul2025 20:09:51.036] [Server thread/INFO] [com.teampotato.redirector.Redirector/]: Redirecting dev/ftb/mods/ftbquests/quest/reward/RewardAutoClaim
[01Jul2025 20:09:51.040] [Server thread/INFO] [com.teampotato.redirector.Redirector/]: Redirecting dev/ftb/mods/ftbquests/quest/ProgressionMode
[01Jul2025 20:09:51.045] [Server thread/INFO] [com.teampotato.redirector.Redirector/]: Redirecting dev/ftb/mods/ftbchunks/data/ProtectionOverride
[01Jul2025 20:09:51.046] [Server thread/INFO] [com.teampotato.redirector.Redirector/]: Redirecting dev/ftb/mods/ftbchunks/data/ForceLoadMode
[01Jul2025 20:09:51.047] [Server thread/INFO] [com.teampotato.redirector.Redirector/]: Redirecting dev/ftb/mods/ftbchunks/data/AllyMode
[01Jul2025 20:09:51.049] [Server thread/INFO] [com.teampotato.redirector.Redirector/]: Redirecting dev/ftb/mods/ftbchunks/data/PartyLimitMode
[01Jul2025 20:09:51.366] [Server thread/INFO] [io.redspace.ironsspellbooks.IronsSpellbooks/]: IronsWorldUpgrader starting upgrade
[01Jul2025 20:09:51.366] [Server thread/INFO] [io.redspace.ironsspellbooks.IronsSpellbooks/]: IronsWorldUpgrader starting ENTITY_FOLDER
[01Jul2025 20:09:51.367] [Server thread/INFO] [io.redspace.ironsspellbooks.IronsSpellbooks/]: IronsWorldUpgrader finished ENTITY_FOLDER after 1 ms.  chunks updated:0 chunks skipped:0 tags fixed:0
[01Jul2025 20:09:51.367] [Server thread/INFO] [io.redspace.ironsspellbooks.IronsSpellbooks/]: IronsWorldUpgrader starting REGION_FOLDER (this will take a few minutes on huge worlds..
[01Jul2025 20:09:51.368] [Server thread/INFO] [io.redspace.ironsspellbooks.IronsSpellbooks/]: IronsWorldUpgrader finished REGION_FOLDER after 1 ms.  chunks updated:0 chunks skipped:0 tags fixed:0
[01Jul2025 20:09:51.368] [Server thread/INFO] [io.redspace.ironsspellbooks.IronsSpellbooks/]: IronsWorldUpgrader starting fixDimensionStorage
[01Jul2025 20:09:51.369] [Server thread/INFO] [io.redspace.ironsspellbooks.IronsSpellbooks/]: IronsWorldUpgrader finished fixDimensionStorage after 1 ms. tags fixed:0 
[01Jul2025 20:09:51.370] [Server thread/INFO] [io.redspace.ironsspellbooks.IronsSpellbooks/]: IronsWorldUpgrader V0 -> V2 completed
[01Jul2025 20:09:51.379] [Server thread/INFO] [com.teampotato.redirector.Redirector/]: Redirecting terrablender/worldgen/noise/ZoomLayer
[01Jul2025 20:09:51.382] [Server thread/INFO] [terrablender/]: Initialized TerraBlender biomes for level stem minecraft:the_nether
[01Jul2025 20:09:51.384] [Server thread/INFO] [terrablender/]: Initialized TerraBlender biomes for level stem aether:the_aether
[01Jul2025 20:09:51.510] [Server thread/INFO] [terrablender/]: Initialized TerraBlender biomes for level stem minecraft:overworld
[01Jul2025 20:09:51.511] [Server thread/INFO] [net.minecraft.server.dedicated.DedicatedServer/]: Preparing level "world"
[01Jul2025 20:09:51.530] [Server thread/INFO] [com.teampotato.redirector.Redirector/]: Redirecting net/minecraft/util/ModCheck$Confidence
[01Jul2025 20:09:51.532] [Server thread/INFO] [mixin/]: Mixing MixinPhantomSpawner from enigmaticlegacy.mixins.json into net.minecraft.world.level.levelgen.PhantomSpawner
[01Jul2025 20:09:51.543] [Server thread/INFO] [com.teampotato.redirector.Redirector/]: Redirecting net/minecraft/world/entity/ai/village/VillageSiege$State
[01Jul2025 20:09:51.632] [Server thread/INFO] [com.teampotato.redirector.Redirector/]: Redirecting net/minecraft/world/level/chunk/storage/IOWorker$Priority
[01Jul2025 20:09:51.652] [Server thread/INFO] [com.teampotato.redirector.Redirector/]: Redirecting net/minecraft/world/level/entity/Visibility
[01Jul2025 20:09:51.653] [Server thread/INFO] [com.teampotato.redirector.Redirector/]: Redirecting net/minecraft/world/level/entity/PersistentEntitySectionManager$ChunkLoadStatus
[01Jul2025 20:09:51.667] [Server thread/INFO] [com.teampotato.redirector.Redirector/]: Redirecting net/minecraft/server/level/ChunkHolder$FullChunkStatus
[01Jul2025 20:09:51.944] [Server thread/INFO] [com.teampotato.redirector.Redirector/]: Redirecting net/minecraft/util/datafix/DataFixTypes
[01Jul2025 20:09:52.107] [Server thread/WARN] [mixin/]: Method overwrite conflict for removeIf in canary.mixins.json:world.chunk_tickets.SortedArraySetMixin, previously written by org.embeddedt.modernfix.common.mixin.bugfix.paper_chunk_patches.SortedArraySetMixin. Skipping method.
[01Jul2025 20:09:52.186] [Server thread/INFO] [com.teampotato.redirector.Redirector/]: Redirecting net/minecraft/world/level/EmptyBlockGetter
[01Jul2025 20:09:52.189] [Server thread/INFO] [com.teampotato.redirector.Redirector/]: Redirecting net/minecraft/core/Direction8
[01Jul2025 20:09:52.251] [Server thread/INFO] [com.teampotato.redirector.Redirector/]: Redirecting ca/spottedleaf/starlight/common/light/StarLightEngine$AxisDirection
[01Jul2025 20:10:08.942] [Worker-Main3/INFO] [com.teampotato.redirector.Redirector/]: Redirecting twilightforest/world/components/structures/courtyard/StructureMazeGenerator$WallFacing
[01Jul2025 20:10:13.331] [Worker-Main7/INFO] [com.teampotato.redirector.Redirector/]: Redirecting com/yungnickyoung/minecraft/bettermineshafts/world/generator/pieces/OreDeposit$OreType
[01Jul2025 20:10:13.332] [Worker-Main7/INFO] [com.teampotato.redirector.Redirector/]: Redirecting com/yungnickyoung/minecraft/bettermineshafts/world/generator/pieces/SmallTunnelTurn$TurnDirection
[01Jul2025 20:10:19.522] [Worker-Main1/WARN] [ModernFix/]: The namespace iter_rpg contains an outdated structure file, which can cause worldgen lag. Please view debug.log for the full filename, determine which mod provides the structure, and report to the mod/datapack author, including the debug log.
[01Jul2025 20:10:20.104] [Worker-Main1/INFO] [com.teampotato.redirector.Redirector/]: Redirecting net/minecraft/server/level/ThreadedLevelLightEngine$TaskType
[01Jul2025 20:10:21.902] [Worker-Main4/WARN] [net.minecraft.world.level.levelgen.structure.pools.JigsawPlacement/]: Empty or non-existent pool: minecraft:
[01Jul2025 20:10:21.902] [Worker-Main4/WARN] [net.minecraft.world.level.levelgen.structure.pools.JigsawPlacement/]: Empty or non-existent pool: minecraft:
[01Jul2025 20:10:21.902] [Worker-Main4/WARN] [net.minecraft.world.level.levelgen.structure.pools.JigsawPlacement/]: Empty or non-existent pool: minecraft:
[01Jul2025 20:10:21.903] [Worker-Main4/WARN] [net.minecraft.world.level.levelgen.structure.pools.JigsawPlacement/]: Empty or non-existent pool: minecraft:
[01Jul2025 20:10:22.543] [Worker-Main7/INFO] [com.cupboard.Cupboard/]: Loaded config for: brutalbosses.json
[01Jul2025 20:10:24.242] [Server thread/INFO] [com.teampotato.redirector.Redirector/]: Redirecting net/minecraft/world/level/lighting/LayerLightEventListener$DummyLightLayerEventListener
[01Jul2025 20:10:24.250] [Server thread/INFO] [com.teampotato.redirector.Redirector/]: Redirecting com/aetherteam/nitrogen/capability/INBTSynchable$Type
[01Jul2025 20:10:24.262] [Server thread/INFO] [com.teampotato.redirector.Redirector/]: Redirecting net/minecraft/world/BossEvent$BossBarColor
[01Jul2025 20:10:24.263] [Server thread/INFO] [com.teampotato.redirector.Redirector/]: Redirecting net/minecraft/world/BossEvent$BossBarOverlay
[01Jul2025 20:10:24.265] [Server thread/INFO] [com.teampotato.redirector.Redirector/]: Redirecting net/minecraft/network/protocol/game/ClientboundBossEventPacket$OperationType
[01Jul2025 20:10:24.282] [Server thread/INFO] [net.minecraft.server.MinecraftServer/]: Preparing start region for dimension minecraft:overworld
[01Jul2025 20:10:24.296] [Server thread/INFO] [com.teampotato.redirector.Redirector/]: Redirecting net/minecraft/world/entity/ai/village/poi/PoiManager$Occupancy
[01Jul2025 20:10:24.468] [Worker-Main4/INFO] [net.minecraft.server.level.progress.LoggerChunkProgressListener/]: Preparing spawn area: 0%
[01Jul2025 20:10:24.842] [Worker-Main6/INFO] [net.minecraft.server.level.progress.LoggerChunkProgressListener/]: Preparing spawn area: 0%
[01Jul2025 20:10:25.298] [Worker-Main6/INFO] [net.minecraft.server.level.progress.LoggerChunkProgressListener/]: Preparing spawn area: 0%
[01Jul2025 20:10:25.799] [Worker-Main3/INFO] [net.minecraft.server.level.progress.LoggerChunkProgressListener/]: Preparing spawn area: 0%
[01Jul2025 20:10:26.309] [Worker-Main2/INFO] [net.minecraft.server.level.progress.LoggerChunkProgressListener/]: Preparing spawn area: 0%
[01Jul2025 20:10:26.795] [Worker-Main7/INFO] [net.minecraft.server.level.progress.LoggerChunkProgressListener/]: Preparing spawn area: 0%
[01Jul2025 20:10:27.285] [Worker-Main1/INFO] [net.minecraft.server.level.progress.LoggerChunkProgressListener/]: Preparing spawn area: 0%
[01Jul2025 20:10:27.820] [Worker-Main3/INFO] [net.minecraft.server.level.progress.LoggerChunkProgressListener/]: Preparing spawn area: 1%
[01Jul2025 20:10:28.305] [Worker-Main3/INFO] [net.minecraft.server.level.progress.LoggerChunkProgressListener/]: Preparing spawn area: 1%
[01Jul2025 20:10:29.447] [Worker-Main2/INFO] [net.minecraft.server.level.progress.LoggerChunkProgressListener/]: Preparing spawn area: 1%
[01Jul2025 20:10:29.461] [Worker-Main2/INFO] [net.minecraft.server.level.progress.LoggerChunkProgressListener/]: Preparing spawn area: 1%
[01Jul2025 20:10:29.783] [Worker-Main3/INFO] [net.minecraft.server.level.progress.LoggerChunkProgressListener/]: Preparing spawn area: 1%
[01Jul2025 20:10:30.295] [Worker-Main5/INFO] [net.minecraft.server.level.progress.LoggerChunkProgressListener/]: Preparing spawn area: 1%
[01Jul2025 20:10:30.815] [Worker-Main7/INFO] [net.minecraft.server.level.progress.LoggerChunkProgressListener/]: Preparing spawn area: 2%
[01Jul2025 20:10:31.283] [Worker-Main3/INFO] [net.minecraft.server.level.progress.LoggerChunkProgressListener/]: Preparing spawn area: 2%
[01Jul2025 20:10:31.397] [Worker-Main6/INFO] [com.teampotato.redirector.Redirector/]: Redirecting com/teamabnormals/blueprint/core/endimator/PlayableEndimation$LoopType
[01Jul2025 20:10:31.488] [Worker-Main6/INFO] [com.teampotato.redirector.Redirector/]: Redirecting net/minecraft/world/entity/ai/control/MoveControl$Operation
[01Jul2025 20:10:31.772] [Server thread/INFO] [com.teampotato.redirector.Redirector/]: Redirecting net/minecraft/world/scores/Team$Visibility
[01Jul2025 20:10:31.774] [Server thread/INFO] [com.teampotato.redirector.Redirector/]: Redirecting net/minecraft/world/scores/Team$CollisionRule
[01Jul2025 20:10:31.807] [Server thread/INFO] [com.teampotato.redirector.Redirector/]: Redirecting net/minecraft/world/level/chunk/LevelChunk$EntityCreationType
[01Jul2025 20:10:31.822] [Worker-Main1/INFO] [net.minecraft.server.level.progress.LoggerChunkProgressListener/]: Preparing spawn area: 3%
[01Jul2025 20:10:32.313] [Worker-Main6/INFO] [net.minecraft.server.level.progress.LoggerChunkProgressListener/]: Preparing spawn area: 3%
[01Jul2025 20:10:32.789] [Worker-Main1/INFO] [net.minecraft.server.level.progress.LoggerChunkProgressListener/]: Preparing spawn area: 4%
[01Jul2025 20:10:33.287] [Worker-Main1/INFO] [net.minecraft.server.level.progress.LoggerChunkProgressListener/]: Preparing spawn area: 4%
[01Jul2025 20:10:33.790] [Worker-Main7/INFO] [net.minecraft.server.level.progress.LoggerChunkProgressListener/]: Preparing spawn area: 5%
[01Jul2025 20:10:34.290] [Worker-Main1/INFO] [net.minecraft.server.level.progress.LoggerChunkProgressListener/]: Preparing spawn area: 5%
[01Jul2025 20:10:34.799] [Worker-Main1/INFO] [net.minecraft.server.level.progress.LoggerChunkProgressListener/]: Preparing spawn area: 7%
[01Jul2025 20:10:35.284] [Worker-Main5/INFO] [net.minecraft.server.level.progress.LoggerChunkProgressListener/]: Preparing spawn area: 7%
[01Jul2025 20:10:35.784] [Worker-Main1/INFO] [net.minecraft.server.level.progress.LoggerChunkProgressListener/]: Preparing spawn area: 9%
[01Jul2025 20:10:36.285] [Worker-Main5/INFO] [net.minecraft.server.level.progress.LoggerChunkProgressListener/]: Preparing spawn area: 9%
[01Jul2025 20:10:36.692] [Worker-Main6/INFO] [com.teampotato.redirector.Redirector/]: Redirecting net/minecraft/world/entity/ai/memory/MemoryStatus
[01Jul2025 20:10:36.694] [Worker-Main6/INFO] [com.teampotato.redirector.Redirector/]: Redirecting net/minecraft/world/entity/ai/behavior/Behavior$Status
[01Jul2025 20:10:36.722] [Worker-Main6/INFO] [com.teampotato.redirector.Redirector/]: Redirecting net/minecraft/world/entity/ai/behavior/GateBehavior$OrderPolicy
[01Jul2025 20:10:36.723] [Worker-Main6/INFO] [com.teampotato.redirector.Redirector/]: Redirecting net/minecraft/world/entity/ai/behavior/GateBehavior$RunningPolicy
[01Jul2025 20:10:36.731] [Worker-Main6/INFO] [com.teampotato.redirector.Redirector/]: Redirecting com/stal111/forbidden_arcanus/common/entity/lostsoul/LostSoul$Variant
[01Jul2025 20:10:36.786] [Worker-Main6/INFO] [net.minecraft.server.level.progress.LoggerChunkProgressListener/]: Preparing spawn area: 9%
[01Jul2025 20:10:37.285] [Worker-Main1/INFO] [net.minecraft.server.level.progress.LoggerChunkProgressListener/]: Preparing spawn area: 9%
[01Jul2025 20:10:37.800] [Worker-Main3/INFO] [net.minecraft.server.level.progress.LoggerChunkProgressListener/]: Preparing spawn area: 10%
[01Jul2025 20:10:38.284] [Worker-Main4/INFO] [net.minecraft.server.level.progress.LoggerChunkProgressListener/]: Preparing spawn area: 10%
[01Jul2025 20:10:38.789] [Worker-Main1/INFO] [net.minecraft.server.level.progress.LoggerChunkProgressListener/]: Preparing spawn area: 12%
[01Jul2025 20:10:39.309] [Worker-Main4/INFO] [net.minecraft.server.level.progress.LoggerChunkProgressListener/]: Preparing spawn area: 13%
[01Jul2025 20:10:39.785] [Worker-Main4/INFO] [net.minecraft.server.level.progress.LoggerChunkProgressListener/]: Preparing spawn area: 13%
[01Jul2025 20:10:40.304] [Worker-Main5/INFO] [net.minecraft.server.level.progress.LoggerChunkProgressListener/]: Preparing spawn area: 15%
[01Jul2025 20:10:40.788] [Worker-Main4/INFO] [net.minecraft.server.level.progress.LoggerChunkProgressListener/]: Preparing spawn area: 15%
[01Jul2025 20:10:41.310] [Worker-Main5/INFO] [net.minecraft.server.level.progress.LoggerChunkProgressListener/]: Preparing spawn area: 16%
[01Jul2025 20:10:41.794] [Worker-Main1/INFO] [net.minecraft.server.level.progress.LoggerChunkProgressListener/]: Preparing spawn area: 16%
[01Jul2025 20:10:42.967] [Worker-Main2/INFO] [net.minecraft.server.level.progress.LoggerChunkProgressListener/]: Preparing spawn area: 16%
[01Jul2025 20:10:42.976] [Worker-Main3/INFO] [net.minecraft.server.level.progress.LoggerChunkProgressListener/]: Preparing spawn area: 16%
[01Jul2025 20:10:43.287] [Worker-Main5/INFO] [net.minecraft.server.level.progress.LoggerChunkProgressListener/]: Preparing spawn area: 16%
[01Jul2025 20:10:43.783] [Worker-Main7/INFO] [net.minecraft.server.level.progress.LoggerChunkProgressListener/]: Preparing spawn area: 17%
[01Jul2025 20:10:44.285] [Worker-Main1/INFO] [net.minecraft.server.level.progress.LoggerChunkProgressListener/]: Preparing spawn area: 19%
[01Jul2025 20:10:44.786] [Worker-Main2/INFO] [net.minecraft.server.level.progress.LoggerChunkProgressListener/]: Preparing spawn area: 20%
[01Jul2025 20:10:45.288] [Worker-Main4/INFO] [net.minecraft.server.level.progress.LoggerChunkProgressListener/]: Preparing spawn area: 22%
[01Jul2025 20:10:45.783] [Worker-Main6/INFO] [net.minecraft.server.level.progress.LoggerChunkProgressListener/]: Preparing spawn area: 22%
[01Jul2025 20:10:46.293] [Worker-Main1/INFO] [net.minecraft.server.level.progress.LoggerChunkProgressListener/]: Preparing spawn area: 23%
[01Jul2025 20:10:46.850] [Worker-Main2/INFO] [net.minecraft.server.level.progress.LoggerChunkProgressListener/]: Preparing spawn area: 23%
[01Jul2025 20:10:47.295] [Worker-Main4/INFO] [net.minecraft.server.level.progress.LoggerChunkProgressListener/]: Preparing spawn area: 23%
[01Jul2025 20:10:47.802] [Worker-Main3/INFO] [net.minecraft.server.level.progress.LoggerChunkProgressListener/]: Preparing spawn area: 24%
[01Jul2025 20:10:48.289] [Worker-Main3/INFO] [net.minecraft.server.level.progress.LoggerChunkProgressListener/]: Preparing spawn area: 24%
[01Jul2025 20:10:48.791] [Worker-Main1/INFO] [net.minecraft.server.level.progress.LoggerChunkProgressListener/]: Preparing spawn area: 27%
[01Jul2025 20:10:49.293] [Worker-Main2/INFO] [net.minecraft.server.level.progress.LoggerChunkProgressListener/]: Preparing spawn area: 28%
[01Jul2025 20:10:49.797] [Worker-Main3/INFO] [net.minecraft.server.level.progress.LoggerChunkProgressListener/]: Preparing spawn area: 29%
[01Jul2025 20:10:50.295] [Worker-Main6/INFO] [net.minecraft.server.level.progress.LoggerChunkProgressListener/]: Preparing spawn area: 31%
[01Jul2025 20:10:50.822] [Worker-Main3/INFO] [net.minecraft.server.level.progress.LoggerChunkProgressListener/]: Preparing spawn area: 31%
[01Jul2025 20:10:51.295] [Worker-Main1/INFO] [net.minecraft.server.level.progress.LoggerChunkProgressListener/]: Preparing spawn area: 31%
[01Jul2025 20:10:51.783] [Worker-Main6/INFO] [net.minecraft.server.level.progress.LoggerChunkProgressListener/]: Preparing spawn area: 32%
[01Jul2025 20:10:52.651] [Worker-Main2/INFO] [net.minecraft.server.level.progress.LoggerChunkProgressListener/]: Preparing spawn area: 33%
[01Jul2025 20:10:52.784] [Worker-Main4/INFO] [net.minecraft.server.level.progress.LoggerChunkProgressListener/]: Preparing spawn area: 34%
[01Jul2025 20:10:53.285] [Worker-Main6/INFO] [net.minecraft.server.level.progress.LoggerChunkProgressListener/]: Preparing spawn area: 35%
[01Jul2025 20:10:53.784] [Worker-Main3/INFO] [net.minecraft.server.level.progress.LoggerChunkProgressListener/]: Preparing spawn area: 36%
[01Jul2025 20:10:54.321] [Worker-Main3/INFO] [net.minecraft.server.level.progress.LoggerChunkProgressListener/]: Preparing spawn area: 38%
[01Jul2025 20:10:54.787] [Worker-Main4/INFO] [net.minecraft.server.level.progress.LoggerChunkProgressListener/]: Preparing spawn area: 41%
[01Jul2025 20:10:55.305] [Worker-Main7/INFO] [net.minecraft.server.level.progress.LoggerChunkProgressListener/]: Preparing spawn area: 42%
[01Jul2025 20:10:55.655] [Worker-Main7/WARN] [ModernFix/]: The namespace kaisyn contains an outdated structure file, which can cause worldgen lag. Please view debug.log for the full filename, determine which mod provides the structure, and report to the mod/datapack author, including the debug log.
[01Jul2025 20:10:55.858] [Worker-Main1/INFO] [net.minecraft.server.level.progress.LoggerChunkProgressListener/]: Preparing spawn area: 42%
[01Jul2025 20:10:56.288] [Worker-Main3/INFO] [net.minecraft.server.level.progress.LoggerChunkProgressListener/]: Preparing spawn area: 42%
[01Jul2025 20:10:56.791] [Worker-Main4/INFO] [net.minecraft.server.level.progress.LoggerChunkProgressListener/]: Preparing spawn area: 42%
[01Jul2025 20:10:57.297] [Worker-Main3/INFO] [net.minecraft.server.level.progress.LoggerChunkProgressListener/]: Preparing spawn area: 43%
[01Jul2025 20:10:57.796] [Worker-Main2/INFO] [net.minecraft.server.level.progress.LoggerChunkProgressListener/]: Preparing spawn area: 45%
[01Jul2025 20:10:58.326] [Worker-Main7/INFO] [net.minecraft.server.level.progress.LoggerChunkProgressListener/]: Preparing spawn area: 46%
[01Jul2025 20:10:58.785] [Worker-Main2/INFO] [net.minecraft.server.level.progress.LoggerChunkProgressListener/]: Preparing spawn area: 48%
[01Jul2025 20:10:59.303] [Worker-Main7/INFO] [net.minecraft.server.level.progress.LoggerChunkProgressListener/]: Preparing spawn area: 50%
[01Jul2025 20:10:59.814] [Worker-Main1/INFO] [net.minecraft.server.level.progress.LoggerChunkProgressListener/]: Preparing spawn area: 51%
[01Jul2025 20:11:00.286] [Worker-Main4/INFO] [net.minecraft.server.level.progress.LoggerChunkProgressListener/]: Preparing spawn area: 53%
[01Jul2025 20:11:00.792] [Worker-Main1/INFO] [net.minecraft.server.level.progress.LoggerChunkProgressListener/]: Preparing spawn area: 54%
[01Jul2025 20:11:01.289] [Worker-Main6/INFO] [net.minecraft.server.level.progress.LoggerChunkProgressListener/]: Preparing spawn area: 54%
[01Jul2025 20:11:01.794] [Worker-Main3/INFO] [net.minecraft.server.level.progress.LoggerChunkProgressListener/]: Preparing spawn area: 54%
[01Jul2025 20:11:02.300] [Worker-Main4/INFO] [net.minecraft.server.level.progress.LoggerChunkProgressListener/]: Preparing spawn area: 56%
[01Jul2025 20:11:02.783] [Worker-Main3/INFO] [net.minecraft.server.level.progress.LoggerChunkProgressListener/]: Preparing spawn area: 57%
[01Jul2025 20:11:03.591] [Worker-Main2/INFO] [net.minecraft.server.level.progress.LoggerChunkProgressListener/]: Preparing spawn area: 57%
[01Jul2025 20:11:03.797] [Worker-Main6/INFO] [net.minecraft.server.level.progress.LoggerChunkProgressListener/]: Preparing spawn area: 57%
[01Jul2025 20:11:04.287] [Worker-Main2/INFO] [net.minecraft.server.level.progress.LoggerChunkProgressListener/]: Preparing spawn area: 60%
[01Jul2025 20:11:04.806] [Worker-Main3/INFO] [net.minecraft.server.level.progress.LoggerChunkProgressListener/]: Preparing spawn area: 61%
[01Jul2025 20:11:05.283] [Worker-Main4/INFO] [net.minecraft.server.level.progress.LoggerChunkProgressListener/]: Preparing spawn area: 63%
[01Jul2025 20:11:05.795] [Worker-Main5/INFO] [net.minecraft.server.level.progress.LoggerChunkProgressListener/]: Preparing spawn area: 65%
[01Jul2025 20:11:06.284] [Worker-Main7/INFO] [net.minecraft.server.level.progress.LoggerChunkProgressListener/]: Preparing spawn area: 66%
[01Jul2025 20:11:06.799] [Worker-Main5/INFO] [net.minecraft.server.level.progress.LoggerChunkProgressListener/]: Preparing spawn area: 68%
[01Jul2025 20:11:07.299] [Worker-Main6/INFO] [net.minecraft.server.level.progress.LoggerChunkProgressListener/]: Preparing spawn area: 68%
[01Jul2025 20:11:07.790] [Worker-Main5/INFO] [net.minecraft.server.level.progress.LoggerChunkProgressListener/]: Preparing spawn area: 68%
[01Jul2025 20:11:08.291] [Worker-Main2/INFO] [net.minecraft.server.level.progress.LoggerChunkProgressListener/]: Preparing spawn area: 69%
[01Jul2025 20:11:08.829] [Worker-Main3/INFO] [net.minecraft.server.level.progress.LoggerChunkProgressListener/]: Preparing spawn area: 70%
[01Jul2025 20:11:09.330] [Worker-Main6/INFO] [net.minecraft.server.level.progress.LoggerChunkProgressListener/]: Preparing spawn area: 71%
[01Jul2025 20:11:09.783] [Worker-Main5/INFO] [net.minecraft.server.level.progress.LoggerChunkProgressListener/]: Preparing spawn area: 72%
[01Jul2025 20:11:10.294] [Worker-Main7/INFO] [net.minecraft.server.level.progress.LoggerChunkProgressListener/]: Preparing spawn area: 74%
[01Jul2025 20:11:10.817] [Worker-Main1/INFO] [net.minecraft.server.level.progress.LoggerChunkProgressListener/]: Preparing spawn area: 76%
[01Jul2025 20:11:10.884] [Worker-Main2/INFO] [com.teampotato.redirector.Redirector/]: Redirecting net/minecraft/world/entity/ai/goal/RangedCrossbowAttackGoal$CrossbowState
[01Jul2025 20:11:10.917] [Worker-Main2/INFO] [com.teampotato.redirector.Redirector/]: Redirecting net/p3pp3rf1y/sophisticatedcore/renderdata/TankPosition
[01Jul2025 20:11:11.085] [Server thread/INFO] [com.teampotato.redirector.Redirector/]: Redirecting com/legacy/blue_skies/entities/ai/NightwatcherRobGoal$Task
[01Jul2025 20:11:11.283] [Worker-Main3/INFO] [net.minecraft.server.level.progress.LoggerChunkProgressListener/]: Preparing spawn area: 77%
[01Jul2025 20:11:11.808] [Worker-Main7/INFO] [net.minecraft.server.level.progress.LoggerChunkProgressListener/]: Preparing spawn area: 79%
[01Jul2025 20:11:12.285] [Worker-Main7/INFO] [net.minecraft.server.level.progress.LoggerChunkProgressListener/]: Preparing spawn area: 80%
[01Jul2025 20:11:12.786] [Worker-Main6/INFO] [net.minecraft.server.level.progress.LoggerChunkProgressListener/]: Preparing spawn area: 82%
[01Jul2025 20:11:13.290] [Worker-Main3/INFO] [net.minecraft.server.level.progress.LoggerChunkProgressListener/]: Preparing spawn area: 83%
[01Jul2025 20:11:13.814] [Worker-Main5/INFO] [net.minecraft.server.level.progress.LoggerChunkProgressListener/]: Preparing spawn area: 83%
[01Jul2025 20:11:14.283] [Worker-Main6/INFO] [net.minecraft.server.level.progress.LoggerChunkProgressListener/]: Preparing spawn area: 84%
[01Jul2025 20:11:14.784] [Worker-Main5/INFO] [net.minecraft.server.level.progress.LoggerChunkProgressListener/]: Preparing spawn area: 85%
[01Jul2025 20:11:15.291] [Worker-Main3/INFO] [net.minecraft.server.level.progress.LoggerChunkProgressListener/]: Preparing spawn area: 87%
[01Jul2025 20:11:15.785] [Worker-Main4/INFO] [net.minecraft.server.level.progress.LoggerChunkProgressListener/]: Preparing spawn area: 88%
[01Jul2025 20:11:16.289] [Worker-Main2/INFO] [net.minecraft.server.level.progress.LoggerChunkProgressListener/]: Preparing spawn area: 90%
[01Jul2025 20:11:16.803] [Worker-Main6/INFO] [net.minecraft.server.level.progress.LoggerChunkProgressListener/]: Preparing spawn area: 92%
[01Jul2025 20:11:16.868] [Server thread/INFO] [com.teampotato.redirector.Redirector/]: Redirecting com/teamabnormals/savage_and_ravage/common/entity/ai/goal/ImprovedCrossbowGoal$CrossbowState
[01Jul2025 20:11:17.315] [Worker-Main4/INFO] [net.minecraft.server.level.progress.LoggerChunkProgressListener/]: Preparing spawn area: 95%
[01Jul2025 20:11:17.812] [Worker-Main6/INFO] [net.minecraft.server.level.progress.LoggerChunkProgressListener/]: Preparing spawn area: 96%
[01Jul2025 20:11:18.286] [Worker-Main3/INFO] [net.minecraft.server.level.progress.LoggerChunkProgressListener/]: Preparing spawn area: 98%
[01Jul2025 20:11:18.589] [Server thread/INFO] [net.minecraft.server.level.progress.LoggerChunkProgressListener/]: Time elapsed: 54307 ms
[01Jul2025 20:11:18.589] [Server thread/INFO] [net.minecraft.server.dedicated.DedicatedServer/]: Done (88.226s)! For help, type "help"
[01Jul2025 20:11:18.694] [Server thread/INFO] [net.minecraftforge.server.permission.PermissionAPI/]: Successfully initialized permission handler forge:default_handler
[01Jul2025 20:11:18.695] [Server thread/INFO] [dev.qther.nanny.NaNny/]: Scouting a NaNny...
[01Jul2025 20:11:18.696] [Server thread/WARN] [solapplepie/]: Item is not food: largemeals:sweet_berry_custard
[01Jul2025 20:11:18.696] [Server thread/WARN] [solapplepie/]: Item is not food: largemeals:pufferfish_broth
[01Jul2025 20:11:18.696] [Server thread/WARN] [solapplepie/]: Item is not food: largemeals:mushroom_pot_pie
[01Jul2025 20:11:18.696] [Server thread/WARN] [solapplepie/]: Item is not food: largemeals:hearty_lunch
[01Jul2025 20:11:18.699] [Server thread/INFO] [com.amuzil.omegasource.dragonenchants.DragonEnchants/]: HELLO from server starting
[01Jul2025 20:11:18.702] [Server thread/INFO] [xaero.hud.minimap.MinimapLogs/]: Registered synced player tracker system: ftb_teams
[01Jul2025 20:11:18.703] [Server thread/INFO] [net.stardustlabs.incendium.Incendium/]: Thanks for choosing Incendium!
[01Jul2025 20:11:18.704] [Server thread/INFO] [xaero.map.WorldMap/]: Registered synced player tracker system: ftb_teams
[01Jul2025 20:11:18.705] [Server thread/INFO] [com.teampotato.redirector.Redirector/]: Redirecting cpw/mods/inventorysorter/InventorySorterCommand$CommandAction
[01Jul2025 20:11:18.707] [Server thread/INFO] [net.stardustlabs.structory.Structory/]: Thanks for choosing Structory!
[01Jul2025 20:11:18.708] [Server thread/INFO] [net.stardustlabs.terralith.Terralith/]: Thanks for choosing Terralith!
[01Jul2025 20:11:18.711] [Server thread/INFO] [FTB Quests/]: Loading quests from /workspaces/cisco/servidor_minecraft/config/ftbquests/quests
[01Jul2025 20:11:18.721] [Server thread/INFO] [com.teampotato.redirector.Redirector/]: Redirecting dev/ftb/mods/ftbquests/quest/DependencyRequirement
[01Jul2025 20:11:18.769] [Server thread/INFO] [FTB Quests/]: Loaded 6 chapter groups, 13 chapters, 310 quests, 16 reward tables
[01Jul2025 20:11:18.769] [Server thread/INFO] [dev.qther.nanny.NaNny/]: NaNny hired!
[01Jul2025 20:11:18.779] [Server thread/INFO] [atomicstryker.infernalmobs.common.InfernalMobsCore/]: item config parser finished, item count: 14
[01Jul2025 20:11:18.779] [Server thread/INFO] [atomicstryker.infernalmobs.common.InfernalMobsCore/]: item config parser finished, item count: 17
[01Jul2025 20:11:18.781] [Server thread/INFO] [com.cupboard.Cupboard/]: Loaded config for: connectivity.json
[01Jul2025 20:11:18.781] [Server thread/ERROR] [atomicstryker.infernalmobs.common.InfernalMobsCore/]: item config parser could not build item: {Count:3b,id:"minecraft:apotheosis:mythic_material"}
[01Jul2025 20:11:18.781] [Server thread/INFO] [atomicstryker.infernalmobs.common.InfernalMobsCore/]: item config parser finished, item count: 15
[01Jul2025 20:11:18.782] [Server thread/INFO] [atomicstryker.infernalmobs.common.InfernalMobsCore/]: InfernalMobsCore commonSetup completed! Modifiers ready: 22
[01Jul2025 20:11:18.782] [Server thread/INFO] [atomicstryker.infernalmobs.common.InfernalMobsCore/]: InfernalMobsCore commonSetup completed! config file at: /workspaces/cisco/servidor_minecraft/./config/infernalmobs.cfg
[01Jul2025 20:11:18.800] [Server thread/INFO] [com.teampotato.redirector.Redirector/]: Redirecting net/bettercombat/api/WeaponAttributes$Condition
[01Jul2025 20:11:18.800] [Server thread/INFO] [com.teampotato.redirector.Redirector/]: Redirecting net/bettercombat/api/WeaponAttributes$HitBoxShape
[01Jul2025 20:11:18.914] [Server thread/INFO] [net.bettercombat.logic.WeaponRegistry/]: Encoded Weapon Attribute registry size (with package overhead): 321372 bytes (in 33 string chunks with the size of 10000)
[01Jul2025 20:11:18.915] [Server thread/INFO] [com.cupboard.Cupboard/]: Loaded config for: smoothchunk.json
[01Jul2025 20:11:18.917] [Server thread/INFO] [com.cupboard.Cupboard/]: Loaded config for: biomemusic.json
[01Jul2025 20:11:18.917] [Server thread/INFO] [com.cupboard.Cupboard/]: Loaded config for: betterfpsdist.json
[01Jul2025 20:11:18.919] [Server thread/INFO] [com.cupboard.Cupboard/]: Loaded config for: lootintegrations.json
[01Jul2025 20:11:18.919] [Server thread/INFO] [com.cupboard.Cupboard/]: Loaded config for: chunksending.json
[01Jul2025 20:11:18.920] [Server thread/INFO] [patchouli/]: Sending reload packet to clients
[01Jul2025 20:11:18.925] [Server thread/WARN] [ModernFix/]: Dedicated server took 144.467 seconds to load
[01Jul2025 20:11:18.977] [Server thread/INFO] [com.teampotato.redirector.Redirector/]: Redirecting net/minecraft/world/level/border/BorderStatus
[01Jul2025 20:11:19.015] [Server thread/INFO] [com.teampotato.redirector.Redirector/]: Redirecting dev/ftb/mods/ftbchunks/data/ClaimExpirationManager
[01Jul2025 20:11:19.016] [Server thread/INFO] [com.teampotato.redirector.Redirector/]: Redirecting dev/ftb/mods/ftbchunks/LongRangePlayerTracker
[01Jul2025 20:11:19.214] [Server thread/INFO] [mixin/]: Mixing MixinEnchantmentHelper from enigmaticlegacy.mixins.json into net.minecraft.world.item.enchantment.EnchantmentHelper
[01Jul2025 20:11:19.251] [Server thread/ERROR] [net.minecraft.world.entity.decoration.HangingEntity/]: Hanging entity at invalid position: BlockPos{x=46, y=-58, z=-81}
[01Jul2025 20:11:19.256] [Server thread/ERROR] [net.minecraft.world.entity.decoration.HangingEntity/]: Hanging entity at invalid position: BlockPos{x=45, y=-57, z=-79}
[01Jul2025 20:11:19.256] [Server thread/ERROR] [net.minecraft.world.entity.decoration.HangingEntity/]: Hanging entity at invalid position: BlockPos{x=47, y=-58, z=-78}
[01Jul2025 20:11:19.819] [Server thread/ERROR] [net.minecraft.world.entity.decoration.HangingEntity/]: Hanging entity at invalid position: BlockPos{x=-71, y=-48, z=-26}
[01Jul2025 20:11:19.918] [Server thread/ERROR] [net.minecraft.world.entity.decoration.HangingEntity/]: Hanging entity at invalid position: BlockPos{x=-71, y=-48, z=-26}
[01Jul2025 20:11:20.225] [Server thread/INFO] [com.github.alexthe666.alexsmobs.AlexsMobs/]: Found Pupfish chunk at 111 ~ -160 after 13 tries
[01Jul2025 20:11:48.928] [Server thread/INFO] [com.teampotato.redirector.Redirector/]: Redirecting net/minecraft/network/protocol/game/ClientboundPlayerInfoPacket$Action
[01Jul2025 20:13:19.857] [Netty Epoll Server IO #1/INFO] [com.teampotato.redirector.Redirector/]: Redirecting com/abdelaziz/pluto/common/network/VarintByteDecoder$DecodeResult
[01Jul2025 20:13:19.865] [Netty Epoll Server IO #1/INFO] [com.teampotato.redirector.Redirector/]: Redirecting net/minecraft/network/ConnectionProtocol
[01Jul2025 20:13:19.881] [Netty Epoll Server IO #1/INFO] [com.teampotato.redirector.Redirector/]: Redirecting net/minecraft/network/protocol/game/ClientboundCustomChatCompletionsPacket$Action
[01Jul2025 20:13:19.915] [Netty Epoll Server IO #1/INFO] [com.teampotato.redirector.Redirector/]: Redirecting net/minecraft/network/protocol/game/ClientboundRecipePacket$State
[01Jul2025 20:13:19.927] [Netty Epoll Server IO #1/INFO] [com.teampotato.redirector.Redirector/]: Redirecting net/minecraft/server/ServerScoreboard$Method
[01Jul2025 20:13:19.937] [Netty Epoll Server IO #1/INFO] [com.teampotato.redirector.Redirector/]: Redirecting net/minecraft/network/protocol/game/ServerboundClientCommandPacket$Action
[01Jul2025 20:13:19.939] [Netty Epoll Server IO #1/INFO] [com.teampotato.redirector.Redirector/]: Redirecting net/minecraft/world/inventory/ClickType
[01Jul2025 20:13:19.943] [Netty Epoll Server IO #1/INFO] [com.teampotato.redirector.Redirector/]: Redirecting net/minecraft/network/protocol/game/ServerboundInteractPacket$ActionType
[01Jul2025 20:13:19.949] [Netty Epoll Server IO #1/INFO] [com.teampotato.redirector.Redirector/]: Redirecting net/minecraft/network/protocol/game/ServerboundPlayerActionPacket$Action
[01Jul2025 20:13:19.950] [Netty Epoll Server IO #1/INFO] [com.teampotato.redirector.Redirector/]: Redirecting net/minecraft/network/protocol/game/ServerboundPlayerCommandPacket$Action
[01Jul2025 20:13:19.953] [Netty Epoll Server IO #1/INFO] [com.teampotato.redirector.Redirector/]: Redirecting net/minecraft/network/protocol/game/ServerboundResourcePackPacket$Action
[01Jul2025 20:13:19.954] [Netty Epoll Server IO #1/INFO] [com.teampotato.redirector.Redirector/]: Redirecting net/minecraft/network/protocol/game/ServerboundSeenAdvancementsPacket$Action
[01Jul2025 20:13:19.956] [Netty Epoll Server IO #1/INFO] [com.teampotato.redirector.Redirector/]: Redirecting net/minecraft/world/level/block/entity/CommandBlockEntity$Mode
[01Jul2025 20:13:19.959] [Netty Epoll Server IO #1/INFO] [com.teampotato.redirector.Redirector/]: Redirecting net/minecraft/world/level/block/entity/StructureBlockEntity$UpdateType
[01Jul2025 20:13:25.463] [Netty Epoll Server IO #1/INFO] [com.teampotato.redirector.Redirector/]: Redirecting shadow/kyori/adventure/text/serializer/json/JSONOptions$HoverEventValueMode
[01Jul2025 20:13:25.464] [Netty Epoll Server IO #1/INFO] [com.teampotato.redirector.Redirector/]: Redirecting shadow/kyori/adventure/text/serializer/json/JSONOptions$ShowItemHoverDataMode
[01Jul2025 20:13:25.473] [Netty Epoll Server IO #1/INFO] [com.teampotato.redirector.Redirector/]: Redirecting shadow/kyori/adventure/text/event/ClickEvent$Action
[01Jul2025 20:13:25.475] [Netty Epoll Server IO #1/INFO] [com.teampotato.redirector.Redirector/]: Redirecting shadow/kyori/adventure/text/format/TextDecoration
[01Jul2025 20:13:25.480] [Netty Epoll Server IO #1/INFO] [com.teampotato.redirector.Redirector/]: Redirecting shadow/kyori/adventure/text/ComponentIteratorFlag
[01Jul2025 20:13:25.496] [Netty Epoll Server IO #1/INFO] [com.teampotato.redirector.Redirector/]: Redirecting shadow/kyori/adventure/text/format/TextDecoration$State
[01Jul2025 20:13:25.496] [Netty Epoll Server IO #1/INFO] [com.teampotato.redirector.Redirector/]: Redirecting shadow/kyori/adventure/util/TriState
[01Jul2025 20:14:01.965] [Netty Epoll Server IO #4/INFO] [com.teampotato.redirector.Redirector/]: Redirecting net/minecraftforge/network/ConnectionType
[01Jul2025 20:14:02.156] [Netty Epoll Server IO #4/INFO] [com.teampotato.redirector.Redirector/]: Redirecting net/minecraft/server/network/ServerLoginPacketListenerImpl$State
[01Jul2025 20:14:12.884] [Netty Epoll Server IO #4/INFO] [Calio/]: Received acknowledgment for login packet with id 211
[01Jul2025 20:14:12.924] [Netty Epoll Server IO #4/INFO] [Calio/]: Received acknowledgment for login packet with id 212
[01Jul2025 20:14:12.924] [Netty Epoll Server IO #4/INFO] [Calio/]: Received acknowledgment for login packet with id 213
[01Jul2025 20:14:12.962] [Netty Epoll Server IO #4/INFO] [Calio/]: Received acknowledgment for login packet with id 214
[01Jul2025 20:14:13.014] [Netty Epoll Server IO #4/INFO] [Calio/]: Received acknowledgment for login packet with id 215
[01Jul2025 20:14:13.065] [Netty Epoll Server IO #4/INFO] [Calio/]: Received acknowledgment for login packet with id 216
[01Jul2025 20:14:13.116] [Netty Epoll Server IO #4/INFO] [Calio/]: Received acknowledgment for login packet with id 217
[01Jul2025 20:14:13.168] [Netty Epoll Server IO #4/INFO] [Calio/]: Received acknowledgment for login packet with id 218
[01Jul2025 20:14:13.219] [Netty Epoll Server IO #4/INFO] [Calio/]: Received acknowledgment for login packet with id 219
[01Jul2025 20:14:13.270] [Netty Epoll Server IO #4/INFO] [Calio/]: Received acknowledgment for login packet with id 220
[01Jul2025 20:14:13.320] [Netty Epoll Server IO #4/INFO] [Calio/]: Received acknowledgment for login packet with id 221
[01Jul2025 20:14:13.391] [Netty Epoll Server IO #4/INFO] [Calio/]: Received acknowledgment for login packet with id 222
[01Jul2025 20:14:16.178] [Netty Epoll Server IO #4/INFO] [Calio/]: Received acknowledgment for login packet with id 223
[01Jul2025 20:14:16.218] [Netty Epoll Server IO #4/INFO] [Calio/]: Received acknowledgment for login packet with id 224
[01Jul2025 20:14:16.223] [Netty Epoll Server IO #4/INFO] [Calio/]: Received acknowledgment for login packet with id 225
[01Jul2025 20:14:16.284] [Netty Epoll Server IO #4/INFO] [com.teampotato.redirector.Redirector/]: Redirecting com/velocitypowered/natives/util/NativeCodeLoader$Status
[01Jul2025 20:14:16.295] [Netty Epoll Server IO #4/INFO] [com.teampotato.redirector.Redirector/]: Redirecting com/velocitypowered/natives/util/BufferPreference
[01Jul2025 20:14:16.326] [Server thread/INFO] [net.minecraftforge.common.AdvancementLoadFix/]: Using new advancement loading for net.minecraft.server.PlayerAdvancements@11c38065
[01Jul2025 20:14:16.376] [Server thread/INFO] [net.minecraft.server.players.PlayerList/]: Gress[/127.28.188.5:40445] logged in with entity id 144 at (48.5, 77.0, -21.5)
[01Jul2025 20:14:16.386] [Server thread/INFO] [com.teampotato.redirector.Redirector/]: Redirecting net/minecraftforge/network/filters/VanillaPacketSplitter$RemoteCompatibility
[01Jul2025 20:14:16.392] [Server thread/INFO] [com.teampotato.redirector.Redirector/]: Redirecting twilightforest/entity/boss/KnightPhantom$Formation
[01Jul2025 20:14:16.393] [Server thread/INFO] [com.teampotato.redirector.Redirector/]: Redirecting com/github/L_Ender/cataclysm/entity/AnimationMonster/BossMonsters/Nameless_Sorcerer_Entity$SpellType
[01Jul2025 20:14:16.395] [Server thread/INFO] [com.teampotato.redirector.Redirector/]: Redirecting com/legacy/blue_skies/entities/util/base/SkiesIllagerBossEntity$BossSpellColor
[01Jul2025 20:14:16.400] [Server thread/INFO] [com.teampotato.redirector.Redirector/]: Redirecting com/github/L_Ender/cataclysm/entity/InternalAnimationMonster/IABossMonsters/Ancient_Remnant/Ancient_Remnant_Entity$AttackMode
[01Jul2025 20:14:16.406] [Server thread/INFO] [com.teampotato.redirector.Redirector/]: Redirecting com/github/L_Ender/cataclysm/entity/Pet/Modern_Remnant_Entity$AttackMode
[01Jul2025 20:14:16.408] [Server thread/INFO] [com.teampotato.redirector.Redirector/]: Redirecting com/bobmowzie/mowziesmobs/server/entity/grottol/EntityGrottol$EnumDeathType
[01Jul2025 20:14:16.409] [Server thread/INFO] [com.teampotato.redirector.Redirector/]: Redirecting com/hollingsworth/arsnouveau/common/entity/AmethystGolem$AmethystGolemGoalState
[01Jul2025 20:14:16.411] [Server thread/INFO] [com.teampotato.redirector.Redirector/]: Redirecting net/minecraft/world/entity/monster/SpellcasterIllager$IllagerSpell
[01Jul2025 20:14:16.416] [Server thread/INFO] [com.teampotato.redirector.Redirector/]: Redirecting com/hollingsworth/arsnouveau/common/entity/Starbuncle$StarbuncleGoalState
[01Jul2025 20:14:16.418] [Server thread/INFO] [com.teampotato.redirector.Redirector/]: Redirecting com/github/alexthe666/alexsmobs/entity/EntityMimicOctopus$MimicState
[01Jul2025 20:14:16.420] [Server thread/INFO] [com.teampotato.redirector.Redirector/]: Redirecting com/bobmowzie/mowziesmobs/server/entity/naga/EntityNaga$EnumNagaMovement
[01Jul2025 20:14:16.425] [Server thread/INFO] [com.teampotato.redirector.Redirector/]: Redirecting com/github/L_Ender/cataclysm/entity/Pet/The_Baby_Leviathan_Entity$AttackMode
[01Jul2025 20:14:16.426] [Server thread/INFO] [com.teampotato.redirector.Redirector/]: Redirecting com/github/L_Ender/cataclysm/entity/AnimationMonster/BossMonsters/Ancient_Ancient_Remnant_Entity$AttackMode
[01Jul2025 20:14:16.426] [Server thread/INFO] [com.teampotato.redirector.Redirector/]: Redirecting net/mehvahdjukaar/dummmmmmy/common/DummyMobType
[01Jul2025 20:14:16.428] [Server thread/INFO] [com.teampotato.redirector.Redirector/]: Redirecting com/github/L_Ender/cataclysm/entity/AnimationMonster/BossMonsters/The_Leviathan/The_Leviathan_Entity$AttackMode
[01Jul2025 20:14:16.524] [Server thread/INFO] [ModdingLegacy/blue_skies/]: Sending ToolHandleTypeManager to Gress
[01Jul2025 20:14:16.525] [Server thread/INFO] [ModdingLegacy/blue_skies/]: Sending SnowcapOvenFreezingManager to Gress
[01Jul2025 20:14:16.526] [Server thread/INFO] [ModdingLegacy/blue_skies/]: Sending HorizoniteForgeFuelManager to Gress
[01Jul2025 20:14:16.526] [Server thread/INFO] [ModdingLegacy/blue_skies/]: Sending AlchemyRecipeManager to Gress
[01Jul2025 20:14:16.540] [Server thread/INFO] [ModdingLegacy/blue_skies/]: Sending JournalEntryManager to Gress
[01Jul2025 20:14:16.542] [Server thread/INFO] [ModdingLegacy/blue_skies/]: Sending JournalSectionManager to Gress
[01Jul2025 20:14:16.542] [Server thread/INFO] [ModdingLegacy/blue_skies/]: Sending JournalRequirementManager to Gress
[01Jul2025 20:14:16.667] [Server thread/INFO] [com.teampotato.redirector.Redirector/]: Redirecting dev/ftb/mods/ftbteams/data/TeamRank
[01Jul2025 20:14:16.687] [Server thread/INFO] [net.minecraft.server.MinecraftServer/]: Gress joined the game
[01Jul2025 20:14:16.687] [Server thread/INFO] [com.teampotato.redirector.Redirector/]: Redirecting net/minecraft/network/protocol/game/ClientboundPlayerPositionPacket$RelativeArgument
[01Jul2025 20:14:16.693] [Server thread/INFO] [insane96mcp.insanelib.InsaneLib/]: [Progressive Bosses] Gress first spawned. Set First Dragon to 1
[01Jul2025 20:14:16.694] [Server thread/INFO] [com.teampotato.redirector.Redirector/]: Redirecting com/bobmowzie/mowziesmobs/server/ability/AbilityHandler
[01Jul2025 20:14:16.710] [Server thread/INFO] [com.teampotato.redirector.Redirector/]: Redirecting com/bobmowzie/mowziesmobs/server/ability/AbilitySection$AbilitySectionType
[01Jul2025 20:14:16.715] [Server thread/INFO] [com.teampotato.redirector.Redirector/]: Redirecting net/minecraftforge/event/entity/player/AdvancementEvent$AdvancementProgressEvent$ProgressType
[01Jul2025 20:14:16.924] [Server thread/INFO] [com.teampotato.redirector.Redirector/]: Redirecting dev/ftb/mods/ftbteams/data/PrivacyMode
[01Jul2025 20:14:16.933] [Server thread/INFO] [com.teampotato.redirector.Redirector/]: Redirecting dev/ftb/mods/ftbteams/data/TeamType
[01Jul2025 20:14:17.000] [Server thread/WARN] [solapplepie/]: Invalid attribute specified in config: generic.speed
[01Jul2025 20:14:17.808] [Server thread/INFO] [Jade/]: Syncing config to Gress (a0d83634-7b19-37e4-b8c9-a290e08b9bb8)
[01Jul2025 20:14:17.833] [Server thread/INFO] [com.teampotato.redirector.Redirector/]: Redirecting io/redspace/ironsspellbooks/player/SpinAttackType
[01Jul2025 20:14:17.836] [Server thread/INFO] [Enigmatic Legacy/INFO]: Synchronizing omniconfig files to Gress...
[01Jul2025 20:14:17.836] [Server thread/INFO] [Enigmatic Legacy/INFO]: Sending data for enigmaticlegacy-common.omniconf
[01Jul2025 20:14:17.838] [Server thread/INFO] [Enigmatic Legacy/INFO]: Granting starter gear to Gress
[01Jul2025 20:14:18.174] [Server thread/INFO] [com.teampotato.redirector.Redirector/]: Redirecting net/minecraft/util/profiling/metrics/MetricCategory
[01Jul2025 20:14:18.222] [Server thread/INFO] [com.teampotato.redirector.Redirector/]: Redirecting com/aetherteam/nitrogen/capability/INBTSynchable$Direction
[01Jul2025 20:14:18.228] [Server thread/INFO] [Enigmatic Legacy/INFO]: Blue Skies detected: true
[01Jul2025 20:14:18.594] [Server thread/INFO] [com.teampotato.redirector.Redirector/]: Redirecting net/minecraft/world/entity/animal/TropicalFish$Pattern
[01Jul2025 20:14:19.230] [Server thread/INFO] [com.teampotato.redirector.Redirector/]: Redirecting net/minecraft/server/commands/AdvancementCommands$Action
[01Jul2025 20:14:19.355] [Server thread/INFO] [com.teampotato.redirector.Redirector/]: Redirecting software/bernie/geckolib3/core/builder/ILoopType$EDefaultLoopTypes
[01Jul2025 20:14:19.366] [Server thread/INFO] [com.teampotato.redirector.Redirector/]: Redirecting software/bernie/geckolib3/core/PlayState
[01Jul2025 20:14:19.367] [Server thread/INFO] [com.teampotato.redirector.Redirector/]: Redirecting software/bernie/geckolib3/core/AnimationState
[01Jul2025 20:14:19.367] [Server thread/INFO] [com.teampotato.redirector.Redirector/]: Redirecting software/bernie/geckolib3/core/easing/EasingType
[01Jul2025 20:14:19.473] [Server thread/INFO] [com.teampotato.redirector.Redirector/]: Redirecting net/minecraft/world/entity/monster/AbstractIllager$IllagerArmPose
[01Jul2025 20:14:23.188] [Netty Epoll Server IO #4/INFO] [com.teampotato.redirector.Redirector/]: Redirecting net/minecraftforge/network/NetworkEvent$RegistrationChangeType
[01Jul2025 20:15:00.782] [Server thread/INFO] [com.teampotato.redirector.Redirector/]: Redirecting net/minecraftforge/event/entity/living/LivingChangeTargetEvent$LivingTargetType
[01Jul2025 20:15:09.236] [Server thread/INFO] [io.github.apace100.apoli.Apoli/]: Adding subpower ResourceKey[apoli:configured_power / strictly:winged_elytra] from power ResourceKey[apoli:configured_power / strictly:winged]
[01Jul2025 20:15:09.237] [Server thread/INFO] [io.github.apace100.apoli.Apoli/]: Adding subpower ResourceKey[apoli:configured_power / strictly:winged_flap] from power ResourceKey[apoli:configured_power / strictly:winged]
[01Jul2025 20:15:21.183] [Server thread/INFO] [io.github.apace100.apoli.Apoli/]: Adding subpower ResourceKey[apoli:configured_power / origins-classes:quality_equipment_range] from power ResourceKey[apoli:configured_power / origins-classes:quality_equipment]
[01Jul2025 20:15:21.183] [Server thread/INFO] [io.github.apace100.apoli.Apoli/]: Adding subpower ResourceKey[apoli:configured_power / origins-classes:quality_equipment_melee] from power ResourceKey[apoli:configured_power / origins-classes:quality_equipment]
[01Jul2025 20:15:21.183] [Server thread/INFO] [io.github.apace100.apoli.Apoli/]: Adding subpower ResourceKey[apoli:configured_power / origins-classes:quality_equipment_shoes] from power ResourceKey[apoli:configured_power / origins-classes:quality_equipment]
[01Jul2025 20:15:21.183] [Server thread/INFO] [io.github.apace100.apoli.Apoli/]: Adding subpower ResourceKey[apoli:configured_power / origins-classes:quality_equipment_shield] from power ResourceKey[apoli:configured_power / origins-classes:quality_equipment]
[01Jul2025 20:15:21.184] [Server thread/INFO] [io.github.apace100.apoli.Apoli/]: Adding subpower ResourceKey[apoli:configured_power / origins-classes:quality_equipment_digger] from power ResourceKey[apoli:configured_power / origins-classes:quality_equipment]
[01Jul2025 20:15:21.184] [Server thread/INFO] [io.github.apace100.apoli.Apoli/]: Adding subpower ResourceKey[apoli:configured_power / origins-classes:quality_equipment_helmet] from power ResourceKey[apoli:configured_power / origins-classes:quality_equipment]
[01Jul2025 20:15:21.184] [Server thread/INFO] [io.github.apace100.apoli.Apoli/]: Adding subpower ResourceKey[apoli:configured_power / origins-classes:quality_equipment_chestplate] from power ResourceKey[apoli:configured_power / origins-classes:quality_equipment]
[01Jul2025 20:15:21.184] [Server thread/INFO] [io.github.apace100.apoli.Apoli/]: Adding subpower ResourceKey[apoli:configured_power / origins-classes:quality_equipment_leggings] from power ResourceKey[apoli:configured_power / origins-classes:quality_equipment]
[01Jul2025 20:15:21.184] [Server thread/INFO] [io.github.apace100.apoli.Apoli/]: Adding subpower ResourceKey[apoli:configured_power / origins-classes:efficient_repairs_more_combine_durability] from power ResourceKey[apoli:configured_power / origins-classes:efficient_repairs]
[01Jul2025 20:15:21.184] [Server thread/INFO] [io.github.apace100.apoli.Apoli/]: Adding subpower ResourceKey[apoli:configured_power / origins-classes:efficient_repairs_less_material_cost] from power ResourceKey[apoli:configured_power / origins-classes:efficient_repairs]
[01Jul2025 20:15:25.681] [Server thread/INFO] [com.teampotato.redirector.Redirector/]: Redirecting shadows/apotheosis/ench/table/ApothEnchantmentMenu$Arcana
[01Jul2025 20:15:44.297] [Server thread/INFO] [net.minecraft.server.MinecraftServer/]: Gress has made the advancement [The Lighthouse]
[01Jul2025 20:15:45.192] [Server thread/INFO] [com.teampotato.redirector.Redirector/]: Redirecting net/minecraft/world/entity/animal/axolotl/Axolotl$Variant
[01Jul2025 20:15:47.940] [Worker-Main1/ERROR] [net.minecraft.world.entity.decoration.HangingEntity/]: Hanging entity at invalid position: BlockPos{x=202, y=47, z=211}
[01Jul2025 20:15:55.955] [Server thread/INFO] [com.teampotato.redirector.Redirector/]: Redirecting com/github/alexthe666/citadel/animation/AnimationHandler
[01Jul2025 20:16:00.535] [Server thread/INFO] [com.teampotato.redirector.Redirector/]: Redirecting net/minecraft/world/entity/ai/gossip/GossipType
[01Jul2025 20:16:22.190] [Server thread/INFO] [com.teampotato.redirector.Redirector/]: Redirecting com/github/L_Ender/lionfishapi/server/animation/AnimationHandler
[01Jul2025 20:17:17.473] [Worker-Main1/INFO] [com.teampotato.redirector.Redirector/]: Redirecting net/minecraft/world/entity/animal/frog/ShootTongue$State
[01Jul2025 20:17:19.838] [Server thread/INFO] [com.teampotato.redirector.Redirector/]: Redirecting net/minecraft/world/level/block/entity/BeehiveBlockEntity$BeeReleaseStatus
[01Jul2025 20:17:20.497] [Server thread/INFO] [net.minecraft.server.network.ServerLoginPacketListenerImpl/]: com.mojang.authlib.GameProfile@39016b54[id=<null>,name=NachoGOD,properties={},legacy=false] (/127.102.51.68:55027) lost connection: Disconnected
[01Jul2025 20:17:25.095] [Server thread/WARN] [net.minecraft.server.network.ServerGamePacketListenerImpl/]: Gress moved wrongly!
[01Jul2025 20:17:25.301] [Server thread/INFO] [net.minecraft.server.MinecraftServer/]: Gress has made the advancement [Ahoy Captain]
[01Jul2025 20:17:27.433] [Server thread/INFO] [com.teampotato.redirector.Redirector/]: Redirecting net/minecraft/world/entity/animal/IronGolem$Crackiness
[01Jul2025 20:17:28.444] [Worker-Main2/ERROR] [net.minecraft.world.entity.decoration.HangingEntity/]: Hanging entity at invalid position: BlockPos{x=22, y=-11, z=-115}
[01Jul2025 20:17:28.458] [Worker-Main4/ERROR] [net.minecraft.world.entity.decoration.HangingEntity/]: Hanging entity at invalid position: BlockPos{x=22, y=-11, z=-129}
[01Jul2025 20:17:33.544] [Worker-Main1/WARN] [net.minecraft.nbt.NbtUtils/]: Unable to read property: instrument with value: creeper for blockstate: {Name:"minecraft:note_block",Properties:{instrument:"creeper",note:"12",powered:"false"}}
[01Jul2025 20:17:33.571] [Worker-Main1/WARN] [net.minecraft.nbt.NbtUtils/]: Unable to read property: instrument with value: piglin for blockstate: {Name:"minecraft:note_block",Properties:{instrument:"piglin",note:"8",powered:"false"}}
[01Jul2025 20:17:33.571] [Worker-Main1/WARN] [net.minecraft.nbt.NbtUtils/]: Unable to read property: instrument with value: piglin for blockstate: {Name:"minecraft:note_block",Properties:{instrument:"piglin",note:"5",powered:"false"}}
[01Jul2025 20:17:33.715] [Worker-Main4/ERROR] [net.minecraft.world.entity.decoration.HangingEntity/]: Hanging entity at invalid position: BlockPos{x=11, y=-12, z=-116}
[01Jul2025 20:17:33.731] [Worker-Main4/ERROR] [net.minecraft.world.entity.decoration.HangingEntity/]: Hanging entity at invalid position: BlockPos{x=11, y=-12, z=-131}
[01Jul2025 20:17:33.731] [Worker-Main4/ERROR] [net.minecraft.world.entity.decoration.HangingEntity/]: Hanging entity at invalid position: BlockPos{x=21, y=-11, z=-129}
[01Jul2025 20:17:34.230] [Server thread/INFO] [com.teampotato.redirector.Redirector/]: Redirecting net/minecraft/server/commands/AdvancementCommands$Mode
[01Jul2025 20:17:36.789] [Netty Epoll Server IO #0/INFO] [Calio/]: Received acknowledgment for login packet with id 211
[01Jul2025 20:17:36.851] [Netty Epoll Server IO #0/INFO] [Calio/]: Received acknowledgment for login packet with id 212
[01Jul2025 20:17:36.851] [Netty Epoll Server IO #0/INFO] [Calio/]: Received acknowledgment for login packet with id 213
[01Jul2025 20:17:37.078] [Netty Epoll Server IO #0/INFO] [Calio/]: Received acknowledgment for login packet with id 214
[01Jul2025 20:17:37.078] [Netty Epoll Server IO #0/INFO] [Calio/]: Received acknowledgment for login packet with id 215
[01Jul2025 20:17:37.079] [Netty Epoll Server IO #0/INFO] [Calio/]: Received acknowledgment for login packet with id 216
[01Jul2025 20:17:37.079] [Netty Epoll Server IO #0/INFO] [Calio/]: Received acknowledgment for login packet with id 217
[01Jul2025 20:17:37.079] [Netty Epoll Server IO #0/INFO] [Calio/]: Received acknowledgment for login packet with id 218
[01Jul2025 20:17:37.303] [Netty Epoll Server IO #0/INFO] [Calio/]: Received acknowledgment for login packet with id 219
[01Jul2025 20:17:37.303] [Netty Epoll Server IO #0/INFO] [Calio/]: Received acknowledgment for login packet with id 220
[01Jul2025 20:17:37.344] [Netty Epoll Server IO #0/INFO] [Calio/]: Received acknowledgment for login packet with id 221
[01Jul2025 20:17:37.344] [Netty Epoll Server IO #0/INFO] [Calio/]: Received acknowledgment for login packet with id 222
[01Jul2025 20:17:38.354] [Netty Epoll Server IO #0/INFO] [Calio/]: Received acknowledgment for login packet with id 223
[01Jul2025 20:17:38.357] [Netty Epoll Server IO #0/INFO] [Calio/]: Received acknowledgment for login packet with id 224
[01Jul2025 20:17:38.363] [Netty Epoll Server IO #0/INFO] [Calio/]: Received acknowledgment for login packet with id 225
[01Jul2025 20:17:38.441] [Server thread/INFO] [net.minecraftforge.common.AdvancementLoadFix/]: Using new advancement loading for net.minecraft.server.PlayerAdvancements@a483cbb
[01Jul2025 20:17:38.455] [Server thread/INFO] [net.minecraft.server.players.PlayerList/]: NachoGOD[/127.102.51.68:37225] logged in with entity id 2892 at (42.5, 76.0, -24.5)
[01Jul2025 20:17:38.503] [Server thread/INFO] [ModdingLegacy/blue_skies/]: Sending ToolHandleTypeManager to NachoGOD
[01Jul2025 20:17:38.504] [Server thread/INFO] [ModdingLegacy/blue_skies/]: Sending SnowcapOvenFreezingManager to NachoGOD
[01Jul2025 20:17:38.504] [Server thread/INFO] [ModdingLegacy/blue_skies/]: Sending HorizoniteForgeFuelManager to NachoGOD
[01Jul2025 20:17:38.504] [Server thread/INFO] [ModdingLegacy/blue_skies/]: Sending AlchemyRecipeManager to NachoGOD
[01Jul2025 20:17:38.507] [Server thread/INFO] [ModdingLegacy/blue_skies/]: Sending JournalEntryManager to NachoGOD
[01Jul2025 20:17:38.508] [Server thread/INFO] [ModdingLegacy/blue_skies/]: Sending JournalSectionManager to NachoGOD
[01Jul2025 20:17:38.509] [Server thread/INFO] [ModdingLegacy/blue_skies/]: Sending JournalRequirementManager to NachoGOD
[01Jul2025 20:17:38.550] [Server thread/INFO] [net.minecraft.server.MinecraftServer/]: NachoGOD joined the game
[01Jul2025 20:17:38.551] [Server thread/INFO] [insane96mcp.insanelib.InsaneLib/]: [Progressive Bosses] NachoGOD first spawned. Set First Dragon to 1
[01Jul2025 20:17:38.928] [Server thread/INFO] [Jade/]: Syncing config to NachoGOD (10bf5ed9-8ab6-3e0c-a9f7-96d604f34895)
[01Jul2025 20:17:38.941] [Server thread/INFO] [Enigmatic Legacy/INFO]: Synchronizing omniconfig files to NachoGOD...
[01Jul2025 20:17:38.941] [Server thread/INFO] [Enigmatic Legacy/INFO]: Sending data for enigmaticlegacy-common.omniconf
[01Jul2025 20:17:38.942] [Server thread/INFO] [Enigmatic Legacy/INFO]: Granting starter gear to NachoGOD
[01Jul2025 20:17:41.244] [Worker-Main7/INFO] [com.teampotato.redirector.Redirector/]: Redirecting xiroc/dungeoncrawl/dungeon/Tile$Flag
[01Jul2025 20:17:53.611] [Server thread/ERROR] [net.minecraft.world.entity.decoration.HangingEntity/]: Hanging entity at invalid position: BlockPos{x=35, y=-58, z=-32}
[01Jul2025 20:17:55.626] [Worker-Main1/WARN] [ModernFix/]: The namespace structory contains an outdated structure file, which can cause worldgen lag. Please view debug.log for the full filename, determine which mod provides the structure, and report to the mod/datapack author, including the debug log.
[01Jul2025 20:17:55.671] [Server thread/INFO] [net.minecraft.server.MinecraftServer/]: Gress has made the advancement [Barrel Booty]
[01Jul2025 20:17:55.697] [Server thread/INFO] [mixin/]: Mixing MixinPiglinTasks from enigmaticlegacy.mixins.json into net.minecraft.world.entity.monster.piglin.PiglinAi
[01Jul2025 20:17:55.697] [Server thread/INFO] [mixin/]: Renaming synthetic method lambda$onPiglinBarter$0(Ljava/util/List;Lnet/minecraft/world/item/ItemStack;)V to md3226d7$lambda$onPiglinBarter$0$2 in enigmaticlegacy.mixins.json:MixinPiglinTasks
[01Jul2025 20:17:56.737] [Server thread/ERROR] [net.minecraft.world.entity.decoration.HangingEntity/]: Hanging entity at invalid position: BlockPos{x=46, y=-58, z=-81}
[01Jul2025 20:17:56.738] [Server thread/ERROR] [net.minecraft.world.entity.decoration.HangingEntity/]: Hanging entity at invalid position: BlockPos{x=45, y=-57, z=-79}
[01Jul2025 20:17:56.739] [Server thread/ERROR] [net.minecraft.world.entity.decoration.HangingEntity/]: Hanging entity at invalid position: BlockPos{x=47, y=-58, z=-78}
[01Jul2025 20:18:05.102] [Server thread/INFO] [net.minecraft.server.MinecraftServer/]: Gress has made the advancement [I Found It Underground]
[01Jul2025 20:18:05.106] [Server thread/INFO] [net.minecraft.server.MinecraftServer/]: Gress has made the advancement [Apothic Affixes]
[01Jul2025 20:18:05.106] [Server thread/INFO] [net.minecraft.server.MinecraftServer/]: Gress has made the advancement [Getting an Upgrade]
[01Jul2025 20:18:24.950] [Server thread/INFO] [net.minecraft.server.MinecraftServer/]: Gress has made the advancement [Disme A Dozen]
[01Jul2025 20:18:40.657] [Server thread/INFO] [com.teampotato.redirector.Redirector/]: Redirecting net/minecraft/world/level/levelgen/structure/StructureCheckResult
[01Jul2025 20:18:54.617] [Server thread/INFO] [net.minecraft.server.MinecraftServer/]: Gress has made the advancement ['X' Marks the Spot]
